$MeshFormat
2.2 0 8
$EndMeshFormat
$PhysicalNames
6
1 101 "Source"
1 102 "OutputSmall"
1 103 "OutputLarge"
1 104 "FreeSurface"
1 105 "Output"
2 201 "Domain"
$EndPhysicalNames
$Nodes
5361
1 0 -0.0035 0
2 0.08700000000000001 -0.0035 0
3 0.08700000000000001 0 0
4 0 0 0
5 0.08700000000000001 0.0035 0
6 0 0.0035 0
7 0.0003799126637554592 -0.0035 0
8 0.0007598253275109184 -0.0035 0
9 0.001139737991266378 -0.0035 0
10 0.001519650655021837 -0.0035 0
11 0.001899563318777296 -0.0035 0
12 0.002279475982532755 -0.0035 0
13 0.002659388646288214 -0.0035 0
14 0.003039301310043674 -0.0035 0
15 0.003419213973799133 -0.0035 0
16 0.003799126637554592 -0.0035 0
17 0.004179039301310052 -0.0035 0
18 0.00455895196506551 -0.0035 0
19 0.00493886462882097 -0.0035 0
20 0.005318777292576429 -0.0035 0
21 0.005698689956331889 -0.0035 0
22 0.006078602620087348 -0.0035 0
23 0.006458515283842807 -0.0035 0
24 0.006838427947598266 -0.0035 0
25 0.007218340611353726 -0.0035 0
26 0.007598253275109185 -0.0035 0
27 0.007978165938864643 -0.0035 0
28 0.008358078602620105 -0.0035 0
29 0.008737991266375563 -0.0035 0
30 0.009117903930131021 -0.0035 0
31 0.009497816593886481 -0.0035 0
32 0.009877729257641939 -0.0035 0
33 0.0102576419213974 -0.0035 0
34 0.01063755458515286 -0.0035 0
35 0.01101746724890832 -0.0035 0
36 0.01139737991266378 -0.0035 0
37 0.01177729257641924 -0.0035 0
38 0.0121572052401747 -0.0035 0
39 0.01253711790393016 -0.0035 0
40 0.01291703056768561 -0.0035 0
41 0.01329694323144107 -0.0035 0
42 0.01367685589519653 -0.0035 0
43 0.01405676855895199 -0.0035 0
44 0.01443668122270745 -0.0035 0
45 0.01481659388646291 -0.0035 0
46 0.01519650655021837 -0.0035 0
47 0.01557641921397383 -0.0035 0
48 0.01595633187772929 -0.0035 0
49 0.01633624454148475 -0.0035 0
50 0.01671615720524021 -0.0035 0
51 0.01709606986899567 -0.0035 0
52 0.01747598253275113 -0.0035 0
53 0.01785589519650658 -0.0035 0
54 0.01823580786026204 -0.0035 0
55 0.0186157205240175 -0.0035 0
56 0.01899563318777296 -0.0035 0
57 0.01937554585152842 -0.0035 0
58 0.01975545851528388 -0.0035 0
59 0.02013537117903934 -0.0035 0
60 0.0205152838427948 -0.0035 0
61 0.02089519650655026 -0.0035 0
62 0.02127510917030572 -0.0035 0
63 0.02165502183406118 -0.0035 0
64 0.02203493449781663 -0.0035 0
65 0.02241484716157209 -0.0035 0
66 0.02279475982532755 -0.0035 0
67 0.02317467248908301 -0.0035 0
68 0.02355458515283847 -0.0035 0
69 0.02393449781659393 -0.0035 0
70 0.02431441048034939 -0.0035 0
71 0.02469432314410485 -0.0035 0
72 0.02507423580786031 -0.0035 0
73 0.02545414847161577 -0.0035 0
74 0.02583406113537123 -0.0035 0
75 0.02621397379912669 -0.0035 0
76 0.02659388646288215 -0.0035 0
77 0.02697379912663761 -0.0035 0
78 0.02735371179039306 -0.0035 0
79 0.02773362445414852 -0.0035 0
80 0.02811353711790398 -0.0035 0
81 0.02849344978165944 -0.0035 0
82 0.0288733624454149 -0.0035 0
83 0.02925327510917036 -0.0035 0
84 0.02963318777292582 -0.0035 0
85 0.03001310043668128 -0.0035 0
86 0.03039301310043674 -0.0035 0
87 0.0307729257641922 -0.0035 0
88 0.03115283842794766 -0.0035 0
89 0.03153275109170312 -0.0035 0
90 0.03191266375545857 -0.0035 0
91 0.03229257641921403 -0.0035 0
92 0.0326724890829695 -0.0035 0
93 0.03305240174672495 -0.0035 0
94 0.03343231441048042 -0.0035 0
95 0.03381222707423587 -0.0035 0
96 0.03419213973799133 -0.0035 0
97 0.03457205240174679 -0.0035 0
98 0.03495196506550226 -0.0035 0
99 0.03533187772925771 -0.0035 0
100 0.03571179039301317 -0.0035 0
101 0.03609170305676863 -0.0035 0
102 0.0364716157205241 -0.0035 0
103 0.03685152838427955 -0.0035 0
104 0.03723144104803502 -0.0035 0
105 0.03761135371179047 -0.0035 0
106 0.03799126637554593 -0.0035 0
107 0.03837117903930139 -0.0035 0
108 0.03875109170305686 -0.0035 0
109 0.03913100436681231 -0.0035 0
110 0.03951091703056777 -0.0035 0
111 0.03989082969432323 -0.0035 0
112 0.0402707423580787 -0.0035 0
113 0.04065065502183416 -0.0035 0
114 0.04103056768558962 -0.0035 0
115 0.04141048034934508 -0.0035 0
116 0.04179039301310054 -0.0035 0
117 0.04217030567685599 -0.0035 0
118 0.04255021834061146 -0.0035 0
119 0.04293013100436692 -0.0035 0
120 0.04331004366812238 -0.0035 0
121 0.04368995633187783 -0.0035 0
122 0.0440698689956333 -0.0035 0
123 0.04444978165938876 -0.0035 0
124 0.04482969432314422 -0.0035 0
125 0.04520960698689968 -0.0035 0
126 0.04558951965065514 -0.0035 0
127 0.04596943231441059 -0.0035 0
128 0.04634934497816606 -0.0035 0
129 0.04672925764192152 -0.0035 0
130 0.04710917030567698 -0.0035 0
131 0.04748908296943244 -0.0035 0
132 0.0478689956331879 -0.0035 0
133 0.04824890829694336 -0.0035 0
134 0.04862882096069882 -0.0035 0
135 0.04900873362445426 -0.0035 0
136 0.04938864628820973 -0.0035 0
137 0.04976855895196518 -0.0035 0
138 0.05014847161572065 -0.0035 0
139 0.0505283842794761 -0.0035 0
140 0.05090829694323155 -0.0035 0
141 0.05128820960698702 -0.0035 0
142 0.05166812227074247 -0.0035 0
143 0.05204803493449794 -0.0035 0
144 0.05242794759825339 -0.0035 0
145 0.05280786026200885 -0.0035 0
146 0.05318777292576431 -0.0035 0
147 0.05356768558951976 -0.0035 0
148 0.05394759825327523 -0.0035 0
149 0.05432751091703068 -0.0035 0
150 0.05470742358078613 -0.0035 0
151 0.0550873362445416 -0.0035 0
152 0.05546724890829705 -0.0035 0
153 0.05584716157205251 -0.0035 0
154 0.05622707423580797 -0.0035 0
155 0.05660698689956343 -0.0035 0
156 0.05698689956331889 -0.0035 0
157 0.05736681222707434 -0.0035 0
158 0.05774672489082981 -0.0035 0
159 0.05812663755458526 -0.0035 0
160 0.05850655021834072 -0.0035 0
161 0.05888646288209617 -0.0035 0
162 0.05926637554585163 -0.0035 0
163 0.05964628820960709 -0.0035 0
164 0.06002620087336254 -0.0035 0
165 0.06040611353711801 -0.0035 0
166 0.06078602620087346 -0.0035 0
167 0.06116593886462892 -0.0035 0
168 0.06154585152838439 -0.0035 0
169 0.06192576419213984 -0.0035 0
170 0.0623056768558953 -0.0035 0
171 0.06268558951965075 -0.0035 0
172 0.06306550218340622 -0.0035 0
173 0.06344541484716168 -0.0035 0
174 0.06382532751091713 -0.0035 0
175 0.06420524017467259 -0.0035 0
176 0.06458515283842804 -0.0035 0
177 0.06496506550218349 -0.0035 0
178 0.06534497816593896 -0.0035 0
179 0.0657248908296944 -0.0035 0
180 0.06610480349344987 -0.0035 0
181 0.06648471615720533 -0.0035 0
182 0.06686462882096079 -0.0035 0
183 0.06724454148471624 -0.0035 0
184 0.06762445414847169 -0.0035 0
185 0.06800436681222716 -0.0035 0
186 0.06838427947598261 -0.0035 0
187 0.06876419213973807 -0.0035 0
188 0.06914410480349352 -0.0035 0
189 0.06952401746724898 -0.0035 0
190 0.06990393013100445 -0.0035 0
191 0.0702838427947599 -0.0035 0
192 0.07066375545851536 -0.0035 0
193 0.07104366812227081 -0.0035 0
194 0.07142358078602627 -0.0035 0
195 0.07180349344978174 -0.0035 0
196 0.07218340611353719 -0.0035 0
197 0.07256331877729265 -0.0035 0
198 0.0729432314410481 -0.0035 0
199 0.07332314410480355 -0.0035 0
200 0.07370305676855901 -0.0035 0
201 0.07408296943231446 -0.0035 0
202 0.07446288209606992 -0.0035 0
203 0.07484279475982539 -0.0035 0
204 0.07522270742358084 -0.0035 0
205 0.0756026200873363 -0.0035 0
206 0.07598253275109175 -0.0035 0
207 0.07636244541484721 -0.0035 0
208 0.07674235807860266 -0.0035 0
209 0.07712227074235811 -0.0035 0
210 0.07750218340611358 -0.0035 0
211 0.07788209606986904 -0.0035 0
212 0.0782620087336245 -0.0035 0
213 0.07864192139737995 -0.0035 0
214 0.0790218340611354 -0.0035 0
215 0.07940174672489086 -0.0035 0
216 0.07978165938864633 -0.0035 0
217 0.08016157205240179 -0.0035 0
218 0.08054148471615724 -0.0035 0
219 0.0809213973799127 -0.0035 0
220 0.08130131004366815 -0.0035 0
221 0.0816812227074236 -0.0035 0
222 0.08206113537117907 -0.0035 0
223 0.08244104803493452 -0.0035 0
224 0.08282096069868998 -0.0035 0
225 0.08320087336244544 -0.0035 0
226 0.08358078602620089 -0.0035 0
227 0.08396069868995636 -0.0035 0
228 0.08434061135371181 -0.0035 0
229 0.08472052401746727 -0.0035 0
230 0.08510043668122272 -0.0035 0
231 0.08548034934497817 -0.0035 0
232 0.08586026200873363 -0.0035 0
233 0.08624017467248909 -0.0035 0
234 0.08662008733624456 -0.0035 0
235 0.08700000000000001 -0.00315 0
236 0.08700000000000001 -0.002799999999999999 0
237 0.08700000000000001 -0.002449999999999998 0
238 0.08700000000000001 -0.002099999999999998 0
239 0.08700000000000001 -0.001749999999999997 0
240 0.08700000000000001 -0.001399999999999997 0
241 0.08700000000000001 -0.001049999999999996 0
242 0.08700000000000001 -0.0006999999999999958 0
243 0.08700000000000001 -0.0003499999999999966 0
244 0.08662008733624454 0 0
245 0.08624017467248909 0 0
246 0.08586026200873363 0 0
247 0.08548034934497817 0 0
248 0.08510043668122272 0 0
249 0.08472052401746726 0 0
250 0.08434061135371179 0 0
251 0.08396069868995633 0 0
252 0.08358078602620088 0 0
253 0.08320087336244542 0 0
254 0.08282096069868995 0 0
255 0.0824410480349345 0 0
256 0.08206113537117904 0 0
257 0.08168122270742358 0 0
258 0.08130131004366811 0 0
259 0.08092139737991266 0 0
260 0.0805414847161572 0 0
261 0.08016157205240174 0 0
262 0.07978165938864629 0 0
263 0.07940174672489082 0 0
264 0.07902183406113536 0 0
265 0.07864192139737991 0 0
266 0.07826200873362445 0 0
267 0.07788209606986898 0 0
268 0.07750218340611353 0 0
269 0.07712227074235807 0 0
270 0.07674235807860261 0 0
271 0.07636244541484714 0 0
272 0.07598253275109169 0 0
273 0.07560262008733623 0 0
274 0.07522270742358077 0 0
275 0.07484279475982532 0 0
276 0.07446288209606985 0 0
277 0.07408296943231439 0 0
278 0.07370305676855893 0 0
279 0.07332314410480348 0 0
280 0.07294323144104801 0 0
281 0.07256331877729255 0 0
282 0.0721834061135371 0 0
283 0.07180349344978164 0 0
284 0.07142358078602618 0 0
285 0.07104366812227073 0 0
286 0.07066375545851526 0 0
287 0.0702838427947598 0 0
288 0.06990393013100435 0 0
289 0.06952401746724889 0 0
290 0.06914410480349342 0 0
291 0.06876419213973797 0 0
292 0.06838427947598251 0 0
293 0.06800436681222705 0 0
294 0.06762445414847158 0 0
295 0.06724454148471613 0 0
296 0.06686462882096067 0 0
297 0.06648471615720521 0 0
298 0.06610480349344974 0 0
299 0.06572489082969429 0 0
300 0.06534497816593883 0 0
301 0.06496506550218337 0 0
302 0.06458515283842792 0 0
303 0.06420524017467245 0 0
304 0.06382532751091699 0 0
305 0.06344541484716154 0 0
306 0.06306550218340608 0 0
307 0.06268558951965061 0 0
308 0.06230567685589516 0 0
309 0.06192576419213969 0 0
310 0.06154585152838424 0 0
311 0.06116593886462878 0 0
312 0.06078602620087332 0 0
313 0.06040611353711786 0 0
314 0.0600262008733624 0 0
315 0.05964628820960695 0 0
316 0.05926637554585149 0 0
317 0.05888646288209602 0 0
318 0.05850655021834057 0 0
319 0.05812663755458511 0 0
320 0.05774672489082965 0 0
321 0.05736681222707419 0 0
322 0.05698689956331873 0 0
323 0.05660698689956327 0 0
324 0.05622707423580781 0 0
325 0.05584716157205235 0 0
326 0.05546724890829689 0 0
327 0.05508733624454144 0 0
328 0.05470742358078597 0 0
329 0.05432751091703051 0 0
330 0.05394759825327505 0 0
331 0.05356768558951959 0 0
332 0.05318777292576413 0 0
333 0.05280786026200868 0 0
334 0.05242794759825321 0 0
335 0.05204803493449775 0 0
336 0.05166812227074229 0 0
337 0.05128820960698684 0 0
338 0.05090829694323137 0 0
339 0.05052838427947591 0 0
340 0.05014847161572045 0 0
341 0.04976855895196499 0 0
342 0.04938864628820953 0 0
343 0.04900873362445408 0 0
344 0.04862882096069861 0 0
345 0.04824890829694315 0 0
346 0.04786899563318769 0 0
347 0.04748908296943224 0 0
348 0.04710917030567677 0 0
349 0.04672925764192131 0 0
350 0.04634934497816585 0 0
351 0.04596943231441039 0 0
352 0.04558951965065493 0 0
353 0.04520960698689947 0 0
354 0.04482969432314401 0 0
355 0.04444978165938855 0 0
356 0.04406986899563309 0 0
357 0.04368995633187763 0 0
358 0.04331004366812218 0 0
359 0.04293013100436671 0 0
360 0.04255021834061125 0 0
361 0.04217030567685579 0 0
362 0.04179039301310033 0 0
363 0.04141048034934487 0 0
364 0.04103056768558942 0 0
365 0.04065065502183395 0 0
366 0.04027074235807849 0 0
367 0.03989082969432303 0 0
368 0.03951091703056757 0 0
369 0.03913100436681211 0 0
370 0.03875109170305665 0 0
371 0.03837117903930119 0 0
372 0.03799126637554574 0 0
373 0.03761135371179028 0 0
374 0.03723144104803482 0 0
375 0.03685152838427936 0 0
376 0.03647161572052391 0 0
377 0.03609170305676845 0 0
378 0.03571179039301299 0 0
379 0.03533187772925753 0 0
380 0.03495196506550206 0 0
381 0.03457205240174661 0 0
382 0.03419213973799116 0 0
383 0.03381222707423569 0 0
384 0.03343231441048024 0 0
385 0.03305240174672478 0 0
386 0.03267248908296932 0 0
387 0.03229257641921388 0 0
388 0.03191266375545841 0 0
389 0.03153275109170296 0 0
390 0.0311528384279475 0 0
391 0.03077292576419204 0 0
392 0.03039301310043658 0 0
393 0.03001310043668112 0 0
394 0.02963318777292567 0 0
395 0.0292532751091702 0 0
396 0.02887336244541475 0 0
397 0.02849344978165928 0 0
398 0.02811353711790383 0 0
399 0.02773362445414838 0 0
400 0.02735371179039291 0 0
401 0.02697379912663746 0 0
402 0.026593886462882 0 0
403 0.02621397379912654 0 0
404 0.02583406113537109 0 0
405 0.02545414847161562 0 0
406 0.02507423580786017 0 0
407 0.0246943231441047 0 0
408 0.02431441048034926 0 0
409 0.02393449781659379 0 0
410 0.02355458515283833 0 0
411 0.02317467248908288 0 0
412 0.02279475982532742 0 0
413 0.02241484716157197 0 0
414 0.02203493449781652 0 0
415 0.02165502183406105 0 0
416 0.0212751091703056 0 0
417 0.02089519650655014 0 0
418 0.02051528384279468 0 0
419 0.02013537117903921 0 0
420 0.01975545851528376 0 0
421 0.01937554585152831 0 0
422 0.01899563318777285 0 0
423 0.0186157205240174 0 0
424 0.01823580786026194 0 0
425 0.01785589519650649 0 0
426 0.01747598253275102 0 0
427 0.01709606986899556 0 0
428 0.01671615720524011 0 0
429 0.01633624454148465 0 0
430 0.0159563318777292 0 0
431 0.01557641921397374 0 0
432 0.01519650655021827 0 0
433 0.01481659388646282 0 0
434 0.01443668122270736 0 0
435 0.01405676855895191 0 0
436 0.01367685589519646 0 0
437 0.013296943231441 0 0
438 0.01291703056768555 0 0
439 0.01253711790393008 0 0
440 0.01215720524017462 0 0
441 0.01177729257641917 0 0
442 0.01139737991266371 0 0
443 0.01101746724890826 0 0
444 0.01063755458515279 0 0
445 0.01025764192139735 0 0
446 0.009877729257641896 0 0
447 0.009497816593886432 0 0
448 0.009117903930130969 0 0
449 0.008737991266375505 0 0
450 0.008358078602620056 0 0
451 0.007978165938864606 0 0
452 0.007598253275109143 0 0
453 0.00721834061135368 0 0
454 0.006838427947598216 0 0
455 0.006458515283842767 0 0
456 0.006078602620087303 0 0
457 0.005698689956331854 0 0
458 0.005318777292576404 0 0
459 0.004938864628820941 0 0
460 0.004558951965065491 0 0
461 0.004179039301310028 0 0
462 0.003799126637554565 0 0
463 0.003419213973799115 0 0
464 0.003039301310043652 0 0
465 0.002659388646288202 0 0
466 0.002279475982532739 0 0
467 0.001899563318777289 0 0
468 0.00151965065502184 0 0
469 0.001139737991266376 0 0
470 0.0007598253275109129 0 0
471 0.0003799126637554495 0 0
472 0 -0.0003500000000000005 0
473 0 -0.0007000000000000011 0
474 0 -0.001050000000000002 0
475 0 -0.001400000000000002 0
476 0 -0.001750000000000003 0
477 0 -0.002100000000000003 0
478 0 -0.002450000000000004 0
479 0 -0.002800000000000004 0
480 0 -0.003150000000000003 0
481 0.08700000000000001 0.0003500000000000005 0
482 0.08700000000000001 0.0007000000000000011 0
483 0.08700000000000001 0.001050000000000002 0
484 0.08700000000000001 0.001400000000000002 0
485 0.08700000000000001 0.001750000000000003 0
486 0.08700000000000001 0.002100000000000003 0
487 0.08700000000000001 0.002450000000000004 0
488 0.08700000000000001 0.002800000000000004 0
489 0.08700000000000001 0.003150000000000003 0
490 0.08662008733624454 0.0035 0
491 0.08624017467248909 0.0035 0
492 0.08586026200873363 0.0035 0
493 0.08548034934497817 0.0035 0
494 0.08510043668122272 0.0035 0
495 0.08472052401746726 0.0035 0
496 0.08434061135371179 0.0035 0
497 0.08396069868995633 0.0035 0
498 0.08358078602620088 0.0035 0
499 0.08320087336244542 0.0035 0
500 0.08282096069868995 0.0035 0
501 0.0824410480349345 0.0035 0
502 0.08206113537117904 0.0035 0
503 0.08168122270742358 0.0035 0
504 0.08130131004366811 0.0035 0
505 0.08092139737991266 0.0035 0
506 0.0805414847161572 0.0035 0
507 0.08016157205240174 0.0035 0
508 0.07978165938864629 0.0035 0
509 0.07940174672489082 0.0035 0
510 0.07902183406113536 0.0035 0
511 0.07864192139737991 0.0035 0
512 0.07826200873362445 0.0035 0
513 0.07788209606986898 0.0035 0
514 0.07750218340611353 0.0035 0
515 0.07712227074235807 0.0035 0
516 0.07674235807860261 0.0035 0
517 0.07636244541484714 0.0035 0
518 0.07598253275109169 0.0035 0
519 0.07560262008733623 0.0035 0
520 0.07522270742358077 0.0035 0
521 0.07484279475982532 0.0035 0
522 0.07446288209606985 0.0035 0
523 0.07408296943231439 0.0035 0
524 0.07370305676855893 0.0035 0
525 0.07332314410480348 0.0035 0
526 0.07294323144104801 0.0035 0
527 0.07256331877729255 0.0035 0
528 0.0721834061135371 0.0035 0
529 0.07180349344978164 0.0035 0
530 0.07142358078602618 0.0035 0
531 0.07104366812227073 0.0035 0
532 0.07066375545851526 0.0035 0
533 0.0702838427947598 0.0035 0
534 0.06990393013100435 0.0035 0
535 0.06952401746724889 0.0035 0
536 0.06914410480349342 0.0035 0
537 0.06876419213973797 0.0035 0
538 0.06838427947598251 0.0035 0
539 0.06800436681222705 0.0035 0
540 0.06762445414847158 0.0035 0
541 0.06724454148471613 0.0035 0
542 0.06686462882096067 0.0035 0
543 0.06648471615720521 0.0035 0
544 0.06610480349344974 0.0035 0
545 0.06572489082969429 0.0035 0
546 0.06534497816593883 0.0035 0
547 0.06496506550218337 0.0035 0
548 0.06458515283842792 0.0035 0
549 0.06420524017467245 0.0035 0
550 0.06382532751091699 0.0035 0
551 0.06344541484716154 0.0035 0
552 0.06306550218340608 0.0035 0
553 0.06268558951965061 0.0035 0
554 0.06230567685589516 0.0035 0
555 0.06192576419213969 0.0035 0
556 0.06154585152838424 0.0035 0
557 0.06116593886462878 0.0035 0
558 0.06078602620087332 0.0035 0
559 0.06040611353711786 0.0035 0
560 0.0600262008733624 0.0035 0
561 0.05964628820960695 0.0035 0
562 0.05926637554585149 0.0035 0
563 0.05888646288209602 0.0035 0
564 0.05850655021834057 0.0035 0
565 0.05812663755458511 0.0035 0
566 0.05774672489082965 0.0035 0
567 0.05736681222707419 0.0035 0
568 0.05698689956331873 0.0035 0
569 0.05660698689956327 0.0035 0
570 0.05622707423580781 0.0035 0
571 0.05584716157205235 0.0035 0
572 0.05546724890829689 0.0035 0
573 0.05508733624454144 0.0035 0
574 0.05470742358078597 0.0035 0
575 0.05432751091703051 0.0035 0
576 0.05394759825327505 0.0035 0
577 0.05356768558951959 0.0035 0
578 0.05318777292576413 0.0035 0
579 0.05280786026200868 0.0035 0
580 0.05242794759825321 0.0035 0
581 0.05204803493449775 0.0035 0
582 0.05166812227074229 0.0035 0
583 0.05128820960698684 0.0035 0
584 0.05090829694323137 0.0035 0
585 0.05052838427947591 0.0035 0
586 0.05014847161572045 0.0035 0
587 0.04976855895196499 0.0035 0
588 0.04938864628820953 0.0035 0
589 0.04900873362445408 0.0035 0
590 0.04862882096069861 0.0035 0
591 0.04824890829694315 0.0035 0
592 0.04786899563318769 0.0035 0
593 0.04748908296943224 0.0035 0
594 0.04710917030567677 0.0035 0
595 0.04672925764192131 0.0035 0
596 0.04634934497816585 0.0035 0
597 0.04596943231441039 0.0035 0
598 0.04558951965065493 0.0035 0
599 0.04520960698689947 0.0035 0
600 0.04482969432314401 0.0035 0
601 0.04444978165938855 0.0035 0
602 0.04406986899563309 0.0035 0
603 0.04368995633187763 0.0035 0
604 0.04331004366812218 0.0035 0
605 0.04293013100436671 0.0035 0
606 0.04255021834061125 0.0035 0
607 0.04217030567685579 0.0035 0
608 0.04179039301310033 0.0035 0
609 0.04141048034934487 0.0035 0
610 0.04103056768558942 0.0035 0
611 0.04065065502183395 0.0035 0
612 0.04027074235807849 0.0035 0
613 0.03989082969432303 0.0035 0
614 0.03951091703056757 0.0035 0
615 0.03913100436681211 0.0035 0
616 0.03875109170305665 0.0035 0
617 0.03837117903930119 0.0035 0
618 0.03799126637554574 0.0035 0
619 0.03761135371179028 0.0035 0
620 0.03723144104803482 0.0035 0
621 0.03685152838427936 0.0035 0
622 0.03647161572052391 0.0035 0
623 0.03609170305676845 0.0035 0
624 0.03571179039301299 0.0035 0
625 0.03533187772925753 0.0035 0
626 0.03495196506550206 0.0035 0
627 0.03457205240174661 0.0035 0
628 0.03419213973799116 0.0035 0
629 0.03381222707423569 0.0035 0
630 0.03343231441048024 0.0035 0
631 0.03305240174672478 0.0035 0
632 0.03267248908296932 0.0035 0
633 0.03229257641921388 0.0035 0
634 0.03191266375545841 0.0035 0
635 0.03153275109170296 0.0035 0
636 0.0311528384279475 0.0035 0
637 0.03077292576419204 0.0035 0
638 0.03039301310043658 0.0035 0
639 0.03001310043668112 0.0035 0
640 0.02963318777292567 0.0035 0
641 0.0292532751091702 0.0035 0
642 0.02887336244541475 0.0035 0
643 0.02849344978165928 0.0035 0
644 0.02811353711790383 0.0035 0
645 0.02773362445414838 0.0035 0
646 0.02735371179039291 0.0035 0
647 0.02697379912663746 0.0035 0
648 0.026593886462882 0.0035 0
649 0.02621397379912654 0.0035 0
650 0.02583406113537109 0.0035 0
651 0.02545414847161562 0.0035 0
652 0.02507423580786017 0.0035 0
653 0.0246943231441047 0.0035 0
654 0.02431441048034926 0.0035 0
655 0.02393449781659379 0.0035 0
656 0.02355458515283833 0.0035 0
657 0.02317467248908288 0.0035 0
658 0.02279475982532742 0.0035 0
659 0.02241484716157197 0.0035 0
660 0.02203493449781652 0.0035 0
661 0.02165502183406105 0.0035 0
662 0.0212751091703056 0.0035 0
663 0.02089519650655014 0.0035 0
664 0.02051528384279468 0.0035 0
665 0.02013537117903921 0.0035 0
666 0.01975545851528376 0.0035 0
667 0.01937554585152831 0.0035 0
668 0.01899563318777285 0.0035 0
669 0.0186157205240174 0.0035 0
670 0.01823580786026194 0.0035 0
671 0.01785589519650649 0.0035 0
672 0.01747598253275102 0.0035 0
673 0.01709606986899556 0.0035 0
674 0.01671615720524011 0.0035 0
675 0.01633624454148465 0.0035 0
676 0.0159563318777292 0.0035 0
677 0.01557641921397374 0.0035 0
678 0.01519650655021827 0.0035 0
679 0.01481659388646282 0.0035 0
680 0.01443668122270736 0.0035 0
681 0.01405676855895191 0.0035 0
682 0.01367685589519646 0.0035 0
683 0.013296943231441 0.0035 0
684 0.01291703056768555 0.0035 0
685 0.01253711790393008 0.0035 0
686 0.01215720524017462 0.0035 0
687 0.01177729257641917 0.0035 0
688 0.01139737991266371 0.0035 0
689 0.01101746724890826 0.0035 0
690 0.01063755458515279 0.0035 0
691 0.01025764192139735 0.0035 0
692 0.009877729257641896 0.0035 0
693 0.009497816593886432 0.0035 0
694 0.009117903930130969 0.0035 0
695 0.008737991266375505 0.0035 0
696 0.008358078602620056 0.0035 0
697 0.007978165938864606 0.0035 0
698 0.007598253275109143 0.0035 0
699 0.00721834061135368 0.0035 0
700 0.006838427947598216 0.0035 0
701 0.006458515283842767 0.0035 0
702 0.006078602620087303 0.0035 0
703 0.005698689956331854 0.0035 0
704 0.005318777292576404 0.0035 0
705 0.004938864628820941 0.0035 0
706 0.004558951965065491 0.0035 0
707 0.004179039301310028 0.0035 0
708 0.003799126637554565 0.0035 0
709 0.003419213973799115 0.0035 0
710 0.003039301310043652 0.0035 0
711 0.002659388646288202 0.0035 0
712 0.002279475982532739 0.0035 0
713 0.001899563318777289 0.0035 0
714 0.00151965065502184 0.0035 0
715 0.001139737991266376 0.0035 0
716 0.0007598253275109129 0.0035 0
717 0.0003799126637554495 0.0035 0
718 0 0.00315 0
719 0 0.002799999999999999 0
720 0 0.002449999999999998 0
721 0 0.002099999999999998 0
722 0 0.001749999999999997 0
723 0 0.001399999999999997 0
724 0 0.001049999999999996 0
725 0 0.0006999999999999958 0
726 0 0.0003499999999999966 0
727 0.08376729756180548 -0.003222479160113559 0
728 0.08491019776089757 -0.003207684384343505 0
729 0.08263100436681223 -0.0003290140180316349 0
730 0.08071826934677227 -0.003206499975257525 0
731 0.07884592455916872 -0.0003314100029954182 0
732 0.07579378249148924 -0.003171682308121124 0
733 0.07313370304025431 -0.003171283471699178 0
734 0.07123362445414844 -0.0003290140180316364 0
735 0.06891167514539775 -0.0003337090452895548 0
736 0.07009388646288205 -0.0003290140180316359 0
737 0.06553561769980622 -0.003169991912735824 0
738 0.06705639070246719 -0.003165549215875577 0
739 0.06359609084450912 -0.0003422692092262074 0
740 0.05982959874302675 -0.0003668806780169527 0
741 0.02527804540243336 -0.0003139695743726361 0
742 0.004748917138706538 -0.0003290164127456904 0
743 0.002085094230724539 -0.0003333090848625902 0
744 0.005869843570139498 -0.0003084550284275323 0
745 0.008168122080398271 -0.0003290140048011743 0
746 0.01614628820960691 -0.0003290140180316349 0
747 0.003609170305676847 -0.0003290140180316349 0
748 0.01800276852074262 -0.0003332638702863385 0
749 0.01006768558951963 -0.0003290140180316349 0
750 0.01196724890829692 -0.0003290140180316349 0
751 0.0130912548076123 -0.0002729558900817157 0
752 0.01956550218340603 -0.0003290140180316349 0
753 0.02184497816593878 -0.0003290140180316349 0
754 0.02334617030971717 -0.0003085278294515208 0
755 0.01462017235910459 -0.000329409488729491 0
756 0.06211572052401756 -0.003170985981968365 0
757 0.02716375545851517 -0.0003290140180316314 0
758 0.03174398480059051 -0.0003775446421109953 0
759 0.05525524075057497 -0.003168599997331429 0
760 0.05789844021227253 -0.003188576556840821 0
761 0.03362227074235798 -0.0003290140180316353 0
762 0.03666157205240164 -0.000329014018031634 0
763 0.03818122270742345 -0.0003290140180316516 0
764 0.05337772925764204 -0.003170985981968364 0
765 0.04119780443476637 -0.0003016450383114084 0
766 0.04881877729257653 -0.003170985981968355 0
767 0.05035001959717687 -0.003188349125433338 0
768 0.04577947598253286 -0.003170985981968357 0
769 0.07729614621307956 -0.00319368911928182 0
770 0.02868871908808146 -0.0003700929816456962 0
771 0.0746460883075248 -0.003190384082617594 0
772 0.03476200873362434 -0.0003290140180316349 0
773 0.05185807860262021 -0.003170985981968362 0
774 0.00704573016379785 -0.0003212581121313524 0
775 0.06097598253275105 -0.0003290140180316409 0
776 0.02988047835213913 -0.0002791245417832113 0
777 0.056837735997658 -0.003155550854768124 0
778 0.03932096069868984 -0.0003290140180316405 0
779 0.04234857641687666 -0.0002952672429801394 0
780 0.04387991266375536 -0.0003290140180316409 0
781 0.04767903930130997 -0.0003290140180316522 0
782 0.02070524017467262 -0.003170985981968335 0
783 0.06437732481518091 -0.00313463399930086 0
784 0.04501965065502174 -0.0003290140180316409 0
785 0.03552183406113544 -0.003170985981968359 0
786 0.07197701372131471 -0.003184991519422621 0
787 0.07995444885486494 -0.00031614154840279 0
788 0.05449587917907422 -0.0003329409210567119 0
789 0.03248253275109177 -0.003170985981968351 0
790 0.01689256453863158 -0.003159521789464102 0
791 0.02599696615184724 -0.003186187503608678 0
792 0.02411731442393225 -0.003191444995592676 0
793 0.04010487597723586 -0.00316857236164824 0
794 0.03057728762439663 -0.003198860466346906 0
795 0.08187604173401708 -0.003189089491574224 0
796 0.01082751093004525 -0.003170985977036017 0
797 0.00892794763817005 -0.0031736279511026 0
798 0.06819909196131863 -0.003182754555262409 0
799 0.002858579052519301 -0.003195215778196442 0
800 0.0765625874994461 -0.0003200992429719274 0
801 0.07390683088245303 -0.0003150665414249625 0
802 0.05911799770177603 -0.003167957637720841 0
803 0.01386681222692963 -0.003170985982051883 0
804 0.01538746706862221 -0.003173915097235371 0
805 0.06630324490408016 -0.0002729347322960301 0
806 0.02260550184831044 -0.003177409843298324 0
807 0.01880567685589524 -0.003170985981968005 0
808 0.05603711790393007 -0.0003290140180316418 0
809 0.03742139737991275 -0.003170985981968358 0
810 0.04957860262008727 -0.0003290140180316483 0
811 0.02790579142106164 -0.003184716094137565 0
812 0.05109825327510911 -0.0003270472923050361 0
813 0.04691921397379925 -0.003170985981968359 0
814 0.05261603979176951 -0.00032642346906144 0
815 0.04312008733624464 -0.003170985981968358 0
816 0.08669689110867546 -0.001574999999999998 0
817 0.0003467435853860973 -0.001932424024712886 0
818 0.07045741660447008 -0.003171593641317828 0
819 0.06014491350505441 -0.003138144505631119 0
820 0.0416004366812228 -0.003172360410974346 0
821 0.0340021834061136 -0.003170985981968359 0
822 0.05755437077785297 -0.0003289455492951222 0
823 0.06515196013338233 -0.0003114408215377496 0
824 0.07844090118822061 -0.00320056985623344 0
825 0.06933406113537124 -0.003170985981968359 0
826 0.05868835083073015 -0.0003452557709180905 0
827 0.08112587665304175 -0.0003387138389751429 0
828 0.02906331877729263 -0.003170985981968358 0
829 0.03856113537117913 -0.003190995083445276 0
830 0.0727355964325567 -0.0003188072293298658 0
831 0.06781009387896086 -0.0003133927658720895 0
832 0.07541266375545849 -0.0003290140180316409 0
833 0.04653930131004358 -0.0003290140180316455 0
834 0.07767442632591341 -0.0003131605502356962 0
835 0.04425982532751103 -0.003170985981968356 0
836 0.01235070922407778 -0.003148773572971463 0
837 0.08415071669727561 -0.0003173174708143145 0
838 0.006268561205751241 -0.003170984982075454 0
839 0.003989125050835686 -0.003170970693077868 0
840 0.00512883552532542 -0.003170981509571284 0
841 0.007788210084828287 -0.003170985826723836 0
842 0.06322672469546352 -0.003138615264527954 0
843 0.06249152538912114 -0.0003797356100347477 0
844 0.07958011876107085 -0.003190083685741072 0
845 0.02070524017467244 -0.0003290140180316219 0
846 0.0852903930131004 -0.0003290140180316349 0
847 0.001709891691613716 -0.003185293665566126 0
848 0.01120742357733182 -0.0003290140120488676 0
849 0.01158733624187929 -0.003170985982275267 0
850 0.01690611353711783 -0.0003290140180316349 0
851 0.01386097237745749 -0.0003151126338777602 0
852 0.009292423719215404 -0.0003127046093921117 0
853 0.08185459388971453 -0.0003186876855672911 0
854 0.05454040674677919 -0.003226060805226663 0
855 0.02260480349344967 -0.0003290140180316455 0
856 0.002853440101192352 -0.0003302155919552481 0
857 0.08339082969432315 -0.0003290140180316409 0
858 0.03552183406113527 -0.000329014018031637 0
859 0.02450164476521782 -0.0003338049249684881 0
860 0.02602401746724881 -0.0003290140180316409 0
861 0.07389301310043672 -0.003177882123660214 0
862 0.07654424643597352 -0.003176077829380873 0
863 0.07121719860815187 -0.003180847937209662 0
864 0.08262755995888388 -0.003202818399478338 0
865 0.08566082454911408 -0.003203391504076996 0
866 0.07199344978165936 -0.0003290140180316466 0
867 0.06443816287807154 -0.0003534491372984153 0
868 0.03286244541484706 -0.0003290140180316377 0
869 0.04960161131398039 -0.003193515810579286 0
870 0.03742139737991254 -0.0003290140180316401 0
871 0.04046069868995622 -0.0003290140180316438 0
872 0.03096479026588367 -0.0003491164275606616 0
873 0.03666157205240183 -0.003170985981968357 0
874 0.05261790393013113 -0.00317098598196836 0
875 0.02184497816593892 -0.003170985981968359 0
876 0.02524845069004473 -0.003180639600834437 0
877 0.03172577635187906 -0.003184301640330282 0
878 0.06099168501044187 -0.003166880876096642 0
879 0.04805895196506563 -0.003170985981968358 0
880 0.05109825327510929 -0.003170985981968357 0
881 0.01803693960444141 -0.003169117776781941 0
882 0.0153801790204274 -0.0003353735048494029 0
883 0.02714936725941582 -0.003185413941987603 0
884 0.02792358078602611 -0.0003290140180316247 0
885 0.04577947598253266 -0.0003290140180316409 0
886 0.07463477655469958 -0.000309374746384257 0
887 0.06705458515283838 -0.0003290140180316409 0
888 0.03476200873362453 -0.003170985981968356 0
889 0.04236026200873372 -0.003170985981968356 0
890 0.05033842794759819 -0.000329014018031644 0
891 0.05681188277875653 -0.0003252275607564024 0
892 0.04881877729257635 -0.0003290140180316444 0
893 0.0560435611608116 -0.003185787581065612 0
894 0.06173234940826212 -0.0003409967076033491 0
895 0.04312008733624444 -0.0003290140180316429 0
896 0.03324235807860269 -0.003170985981968358 0
897 0.05375391768381108 -0.0003277483382660687 0
898 0.02336462882096075 -0.003178296999456612 0
899 0.01880567685589454 -0.0003290140180315824 0
900 0.01994541484716162 -0.003170985981968358 0
901 0.02982314410480355 -0.003170985981968351 0
902 0.01614628820961984 -0.00317098598196484 0
903 0.04084061135371189 -0.003170985981968358 0
904 0.05185807860262002 -0.0003290140180316422 0
905 0.03932096069869004 -0.003170985981968358 0
906 0.04501965065502195 -0.003170985981968357 0
907 0.0146278674473091 -0.003153666818975684 0
908 0.05525678080398788 -0.0003341539885654335 0
909 0.06629928310282629 -0.003148469660667058 0
910 0.007028385076549487 -0.003170985646161701 0
911 0.01006768559670996 -0.003170985978306487 0
912 0.00132709449736218 -0.0003276507367011225 0
913 0.01310811182202631 -0.003173227024765669 0
914 0.0867009572692831 -0.002266055714219167 0
915 0.0002714738782455886 -0.001219660999801351 0
916 0.0009497816593887001 -0.003170985981968357 0
917 0.08605027071533619 -0.0003087970364109031 0
918 0.0003408768216217675 -0.00260805808760071 0
919 0.08670702473206521 -0.0009305261543806465 0
920 0.086433048267608 -0.003226899327308671 0
921 0.0005864404008833479 -0.000344590539060955 0
922 0.0009508268252646224 -0.0003317129717241192 0
923 0.001135687572664371 -0.0006559459695049733 0
924 0.001512180484269855 -0.000656047144802604 0
925 0.00132086979362598 -0.00098030171190125 0
926 0.001694946464875627 -0.0009833247055683102 0
927 0.001503937504745298 -0.001306031656948532 0
928 0.001877678123210713 -0.001309271734087079 0
929 0.001686638955039427 -0.001630677442425976 0
930 0.002061191911677605 -0.001635695009167356 0
931 0.002261593499747305 -0.001318438509521584 0
932 0.002437232952001857 -0.001640924715770621 0
933 0.002244717562865609 -0.001964209901192173 0
934 0.002621596926965633 -0.001969720320746233 0
935 0.002814770007396925 -0.001650327859130032 0
936 0.002999835926809559 -0.001960508665965355 0
937 0.003193113431848159 -0.001650049024053503 0
938 0.003378445128819643 -0.001962568189996701 0
939 0.003571941765884219 -0.00165202636295934 0
940 0.003757444275513888 -0.001965608997013836 0
941 0.003951097996088601 -0.001656023744060582 0
942 0.004136550056652769 -0.001980698062775192 0
943 0.004336228777552929 -0.001658370828253878 0
944 0.004517136376562723 -0.001975908653078317 0
945 0.004717129333789011 -0.00165914003940814 0
946 0.004897165758068478 -0.001977599260344718 0
947 0.005094183308259066 -0.001662487079375141 0
948 0.005276805282165571 -0.001981581724456912 0
949 0.005456370059591306 -0.001680867078797467 0
950 0.005653398244810121 -0.002006441249407707 0
951 0.005832792093487971 -0.001699627913555933 0
952 0.006031806687269728 -0.0020171732863454 0
953 0.006225843233740709 -0.001699952329709641 0
954 0.006413608643524027 -0.002022308648391122 0
955 0.006607905314790184 -0.001677776884963254 0
956 0.006794155084556788 -0.002022760220646993 0
957 0.006987706532334464 -0.001665957164562537 0
958 0.007174121790215829 -0.002024153187593736 0
959 0.007368265450685134 -0.001696937318394811 0
960 0.007554396469751715 -0.002011698784805687 0
961 0.007750558814945865 -0.001702573961144599 0
962 0.007936256110974566 -0.002012998708144789 0
963 0.008138680483678343 -0.001683849654102837 0
964 0.008316530020132815 -0.002037438821106444 0
965 0.008514070690640529 -0.001699052799943946 0
966 0.008695242137850057 -0.002045257775072028 0
967 0.008876189705840795 -0.001726537024134343 0
968 0.0090722638078954 -0.002031491733418728 0
969 0.00925275525457394 -0.001739749270862296 0
970 0.00945111456626084 -0.002034683844994615 0
971 0.00964497429077299 -0.001738449062138569 0
972 0.009832401922132875 -0.002075105268282147 0
973 0.01002724186718654 -0.0017237016653386 0
974 0.01021291450783685 -0.00208266837924226 0
975 0.01040762540235385 -0.001725788165831689 0
976 0.0105930015318164 -0.002086215878335651 0
977 0.01079337687403999 -0.001729386984560607 0
978 0.01097389494187169 -0.002090690967892174 0
979 0.01117903780004383 -0.001714886239020224 0
980 0.01135492546553833 -0.002090935207610869 0
981 0.01155410142394411 -0.001733327355165287 0
982 0.01173419491416019 -0.002097333437714827 0
983 0.01192864006595321 -0.001744783635178173 0
984 0.01211327684299215 -0.002088673165293431 0
985 0.01230749728100349 -0.001748533609816099 0
986 0.0124928538262894 -0.002091138774145379 0
987 0.01268683195704799 -0.001772408398095497 0
988 0.0128723613259763 -0.002118684709283954 0
989 0.01306671266158876 -0.001777334368309233 0
990 0.0132521798348246 -0.00212738068072424 0
991 0.0134531643174648 -0.001789288572675107 0
992 0.01250906243037014 -0.001413509513389007 0
993 0.013633238803938 -0.002124885689145034 0
994 0.01382764026527579 -0.001797225260565468 0
995 0.0140124151043034 -0.002129076623683166 0
996 0.01420650278834289 -0.001802530513705186 0
997 0.01439215461616102 -0.002122692391534877 0
998 0.01458647920409918 -0.001783353227726379 0
999 0.01477202775400521 -0.002121716122861086 0
1000 0.01496637461326327 -0.001783278285355365 0
1001 0.01061440235360211 -0.00136362561062062 0
1002 0.01515214042652232 -0.002141588913491109 0
1003 0.01534627778999181 -0.001791300483495503 0
1004 0.015532063552227 -0.0021495220623194 0
1005 0.01572616932468672 -0.001797243691655262 0
1006 0.008706314356602865 -0.001350558664692883 0
1007 0.01591155205848008 -0.002143265537077863 0
1008 0.01610580704354759 -0.001814313415617351 0
1009 0.01629141045006435 -0.002150133837202026 0
1010 0.01648563916875579 -0.00182166814098687 0
1011 0.007574247806309067 -0.001344932673967422 0
1012 0.01667130978956412 -0.002153441209451141 0
1013 0.0168655192752756 -0.001826648070138005 0
1014 0.01705119351522731 -0.002158106410211185 0
1015 0.01724540056436252 -0.001831525164044191 0
1016 0.01743107483570931 -0.002162980776509026 0
1017 0.01762528131827771 -0.001836448802780704 0
1018 0.01743960699136255 -0.001504998021287205 0
1019 0.01781948772565423 -0.001509923368577146 0
1020 0.01800516207026375 -0.001841372611754946 0
1021 0.01819936845985289 -0.001514848725517815 0
1022 0.01838504280269591 -0.001846298123249966 0
1023 0.01857904589894938 -0.001535451834858311 0
1024 0.01876491292745194 -0.0018520417202713 0
1025 0.01895889097766707 -0.001543126936412804 0
1026 0.01914478594610848 -0.001857562153867634 0
1027 0.01933877639915019 -0.001547690891972164 0
1028 0.0195246771893082 -0.001861677151504349 0
1029 0.0197187827859731 -0.00154292625966413 0
1030 0.01990457995382196 -0.001864903650561685 0
1031 0.02009857094779017 -0.001554990674175063 0
1032 0.02028445509834438 -0.001870260144732353 0
1033 0.02047844717048037 -0.001560264022401852 0
1034 0.02066434518010767 -0.001874464710901548 0
1035 0.0208584365843288 -0.001556808310377699 0
1036 0.02104424558079505 -0.001877873503757184 0
1037 0.02123823673746424 -0.001567947980337174 0
1038 0.02142406531204037 -0.00188750335172255 0
1039 0.02161810566134337 -0.001573784197483261 0
1040 0.02180393390598053 -0.001893365013072422 0
1041 0.02199798239906611 -0.001579017827730266 0
1042 0.0221838119460106 -0.0018984982121698 0
1043 0.0223778737665608 -0.001583123241233901 0
1044 0.02256369399868444 -0.001903321964767828 0
1045 0.02275775648800864 -0.001587895419415273 0
1046 0.02294357527912449 -0.001908205270395588 0
1047 0.02313778175504283 -0.001581674786480042 0
1048 0.02332348018845667 -0.001911266366342201 0
1049 0.02351769060252374 -0.001584432180813076 0
1050 0.02370336963267871 -0.001915520098553319 0
1051 0.02389757746922742 -0.001588884685734916 0
1052 0.02408325283591953 -0.001920255121906646 0
1053 0.02427745963230472 -0.00159369992427859 0
1054 0.02446313421505911 -0.001925130816053972 0
1055 0.02465734070742742 -0.001598599063558235 0
1056 0.02484301510885606 -0.001930043938789639 0
1057 0.02503722152033391 -0.001603518424391939 0
1058 0.02522289587805986 -0.001934966669882351 0
1059 0.0254171022687722 -0.001608442756877494 0
1060 0.02560277661575343 -0.00193989183097654 0
1061 0.02579689134572748 -0.001620436598310744 0
1062 0.0259826420696148 -0.001945995648562281 0
1063 0.02617675425228349 -0.001626736858645055 0
1064 0.02636251728110427 -0.00195134697871344 0
1065 0.02655672274553089 -0.001624894498884975 0
1066 0.02674241171664699 -0.0019552157909431 0
1067 0.02693654607683772 -0.001634246717899355 0
1068 0.02712228516254182 -0.001960703279981582 0
1069 0.0273164160244579 -0.001640003986405968 0
1070 0.02750216287954756 -0.001965861390070225 0
1071 0.02769630598351458 -0.001644218015675071 0
1072 0.02788204464364455 -0.001970707397127641 0
1073 0.02807618842212676 -0.00164901200556062 0
1074 0.02826192582884931 -0.001975598047115933 0
1075 0.02845613228889511 -0.001649068787260322 0
1076 0.02864181715559806 -0.001979706602895063 0
1077 0.0288360253059012 -0.001653046994004584 0
1078 0.02902170169764377 -0.001984338380480091 0
1079 0.02921590871716307 -0.001657765975223931 0
1080 0.02940158350794827 -0.001989180824111957 0
1081 0.02959579007217738 -0.001662643529863609 0
1082 0.02978146452025464 -0.00199408480765502 0
1083 0.02997567095148407 -0.001667557770058541 0
1084 0.03016134532027672 -0.001999005162109162 0
1085 0.03035555171612543 -0.001672480852997863 0
1086 0.03054122606580719 -0.002003929718839216 0
1087 0.03073538139114636 -0.001681343858331814 0
1088 0.03092109828731899 -0.002009511629681027 0
1089 0.03111525219198839 -0.001687035328192252 0
1090 0.03130097594246454 -0.002014674510295879 0
1091 0.03149499469179909 -0.001702621099522565 0
1092 0.03168083311971048 -0.00202141660278455 0
1093 0.03187483797218417 -0.001709607679103004 0
1094 0.03206070368073556 -0.002026988698627212 0
1095 0.03225489788620718 -0.001700554298193467 0
1096 0.03244061257799681 -0.002029692468280548 0
1097 0.03263484502761053 -0.001701150650843233 0
1098 0.03282051043474946 -0.002033485098031715 0
1099 0.03301473967872311 -0.001705166131741203 0
1100 0.03320039497192492 -0.002038111808101553 0
1101 0.03338292225412454 -0.00171808142045191 0
1102 0.03357832664210764 -0.002044319458396126 0
1103 0.03373445218277955 -0.001712180188627235 0
1104 0.03395315739333383 -0.002047654511972257 0
1105 0.03411674696373872 -0.001644382342387206 0
1106 0.03433259880011796 -0.002040194697026092 0
1107 0.03452649931722504 -0.001729548230191973 0
1108 0.03471738491158294 -0.002056429693000344 0
1109 0.03491217621280349 -0.001749732361319627 0
1110 0.03509904923084341 -0.002065783531348479 0
1111 0.03528264461716832 -0.001746108827137335 0
1112 0.03547765850286753 -0.002070022565873938 0
1113 0.03566779743636524 -0.001706046611831915 0
1114 0.03585820600282427 -0.002067336019575095 0
1115 0.03605267795128214 -0.001756886676528068 0
1116 0.03623930496979205 -0.002057529710826741 0
1117 0.03643364336261817 -0.001751295507523046 0
1118 0.03663971128184676 -0.002115284230192546 0
1119 0.03681692301904782 -0.001761644712385364 0
1120 0.03701966215318595 -0.002084755761088682 0
1121 0.03719738192509586 -0.001761565485509589 0
1122 0.03737907916030772 -0.00209259680699241 0
1123 0.03757394839537739 -0.001766143105845396 0
1124 0.03775898620854668 -0.002104024180493493 0
1125 0.03794365161333457 -0.001777488941640864 0
1126 0.03813884061456743 -0.002102448758485855 0
1127 0.03833339526028275 -0.001728166434473198 0
1128 0.03851893043549354 -0.002087766245798845 0
1129 0.03871828687972813 -0.001784073622394828 0
1130 0.0388996811603087 -0.002097921008835765 0
1131 0.03908486660200882 -0.001788967809096681 0
1132 0.0392773390027842 -0.0021153618140932 0
1133 0.03946752198617522 -0.001809194457696373 0
1134 0.03965731169197776 -0.002124923706900537 0
1135 0.0398568953746422 -0.001812393153623434 0
1136 0.04003878985634109 -0.002130334455520752 0
1137 0.04023326247958002 -0.001803891878770467 0
1138 0.04041835121931119 -0.002133103351646442 0
1139 0.04061241963380407 -0.001805858396558463 0
1140 0.04079800570447643 -0.00213693058871292 0
1141 0.0409922268003027 -0.001810470075787299 0
1142 0.0400500143433696 -0.00152060895796838 0
1143 0.04117789283055379 -0.0021415626624728 0
1144 0.0413720963338186 -0.001815294685116568 0
1145 0.04155776881164611 -0.002146727138689581 0
1146 0.04175197440433987 -0.001820243516538726 0
1147 0.006393713432120314 -0.001354351649515269 0
1148 0.04156629992907566 -0.001488800793575861 0
1149 0.04194618019146502 -0.001493731682770668 0
1150 0.0421318789804816 -0.001823290684924614 0
1151 0.04232606481597345 -0.001498345342865266 0
1152 0.04251176433200987 -0.001827851473502511 0
1153 0.04270594696339946 -0.001503158401475164 0
1154 0.04289165750087334 -0.001831815977601687 0
1155 0.04308583000086762 -0.001507905312424493 0
1156 0.043271518816349 -0.001838238340648102 0
1157 0.04346570787777815 -0.0015130508419216 0
1158 0.04365142342934052 -0.001841322265230584 0
1159 0.0438455921108484 -0.001517706401432681 0
1160 0.04403132019149959 -0.001845011642086667 0
1161 0.04422547609480653 -0.001522381207991691 0
1162 0.04441120413393904 -0.001849689656486999 0
1163 0.04459957198661239 -0.001530465201829775 0
1164 0.04479013275243576 -0.001854214194780615 0
1165 0.04498383890964894 -0.001540483861497063 0
1166 0.04517058582744454 -0.001859922044938582 0
1167 0.04536977724134628 -0.001546083827695497 0
1168 0.04555158306747768 -0.001864202203115914 0
1169 0.04574498719743476 -0.001542995553215214 0
1170 0.04593066154086459 -0.001874444901191136 0
1171 0.04612486792456461 -0.001547921528961939 0
1172 0.04631062420701539 -0.001873051914674176 0
1173 0.04650476230819796 -0.001551794344331382 0
1174 0.0466905324290711 -0.001875857540471419 0
1175 0.04688464989389937 -0.001556191401690313 0
1176 0.04707035954612229 -0.001884917810967512 0
1177 0.04726070968575732 -0.001563854355203277 0
1178 0.047449659643438 -0.001885966486281379 0
1179 0.04764439083308404 -0.001567625431948839 0
1180 0.04783008860917079 -0.001889158664910661 0
1181 0.04802931063154899 -0.001575662209224646 0
1182 0.04821090055462365 -0.001894314141392659 0
1183 0.04840223329710057 -0.001578016015330024 0
1184 0.04858978844626689 -0.001897952144602292 0
1185 0.04878585038798799 -0.001585862022644249 0
1186 0.04897012642810857 -0.00190315013018742 0
1187 0.04916934799549175 -0.001589685404612604 0
1188 0.04934958808503329 -0.00191877868291167 0
1189 0.04954470017771469 -0.001592647988961955 0
1190 0.04972961976366005 -0.001923770105038313 0
1191 0.04992385130594288 -0.001597257640539107 0
1192 0.050109349539293 -0.00192863063440513 0
1193 0.05030358527467298 -0.001602119987860921 0
1194 0.05048923515836952 -0.001933558731099359 0
1195 0.05068344235739398 -0.001607035712361417 0
1196 0.05086927041936198 -0.001926325005443183 0
1197 0.0510633448994328 -0.001609933362666626 0
1198 0.05124918053795376 -0.001928886310049178 0
1199 0.0514432341609578 -0.001614127172316317 0
1200 0.05162907936738871 -0.001932387595337166 0
1201 0.05182311932753769 -0.001618693671970422 0
1202 0.05200896385147775 -0.001937016209992005 0
1203 0.05220300142073575 -0.001623510174853071 0
1204 0.05238885725433508 -0.001940962701207609 0
1205 0.05258288448816489 -0.0016282546577006 0
1206 0.05276874048413607 -0.001945695180715954 0
1207 0.05296276602245648 -0.001633118135257736 0
1208 0.05314863362756722 -0.001949663513298078 0
1209 0.05334264895349684 -0.001637874087445437 0
1210 0.05352839056289686 -0.001964136009338583 0
1211 0.05372250941597842 -0.001644362812647965 0
1212 0.05390837945822761 -0.001960720282887839 0
1213 0.05410240479370038 -0.001648158962937753 0
1214 0.05428808157889554 -0.001979420006670853 0
1215 0.05448221585876536 -0.001658457127675535 0
1216 0.05466792092793761 -0.001987536971922142 0
1217 0.0548620780792031 -0.001664810299838203 0
1218 0.05504779167427082 -0.001993232645322295 0
1219 0.05524208400113152 -0.001660081520114881 0
1220 0.05542769160373433 -0.001996677778099586 0
1221 0.05562198879445009 -0.001663151562788359 0
1222 0.05580757954228457 -0.002001047624505861 0
1223 0.05600182388412656 -0.001671597001450749 0
1224 0.05618745386507559 -0.002006467489181795 0
1225 0.05638169593762438 -0.001677191869171626 0
1226 0.0565673320792103 -0.002011587261745764 0
1227 0.05676150840708229 -0.001687381730772451 0
1228 0.05694720262763039 -0.002017298197846356 0
1229 0.05714137606148185 -0.001693315847553844 0
1230 0.05732707786311882 -0.002022647677249199 0
1231 0.05752128333154528 -0.001696194888962691 0
1232 0.05770696209879737 -0.002027303081215632 0
1233 0.05790116906725551 -0.001700734613689719 0
1234 0.05808684424544873 -0.002032119586495693 0
1235 0.05828105086573568 -0.001705577969188704 0
1236 0.05846672538772389 -0.002037013547123349 0
1237 0.05866093184061481 -0.001710484839040962 0
1238 0.05884660622533618 -0.002041931002701147 0
1239 0.05904081262744994 -0.001715406210443806 0
1240 0.05922648698083063 -0.002046854791029084 0
1241 0.05942069336925811 -0.001720331054230107 0
1242 0.05960636771513432 -0.002051780213545956 0
1243 0.05980057410002998 -0.001725256749111803 0
1244 0.05998624844406682 -0.002056706050276875 0
1245 0.06018045482806728 -0.00173018265487839 0
1246 0.06036612917164835 -0.002061631991190944 0
1247 0.06056033555542366 -0.001735108613156301 0
1248 0.06073053978753911 -0.002057356796415322 0
1249 0.06093763793071809 -0.00173850105757116 0
1250 0.06110982171842125 -0.002121741528735329 0
1251 0.06131698913316742 -0.001753081237524793 0
1252 0.06150577135318866 -0.002076409906807112 0
1253 0.06169945975745678 -0.00175123998102686 0
1254 0.06188556575041319 -0.00208156145696201 0
1255 0.06207975774579567 -0.001755075680467519 0
1256 0.06226550163276032 -0.002086343315725763 0
1257 0.06245971720899658 -0.001759795923999411 0
1258 0.06264540467510488 -0.002091210983272875 0
1259 0.0628396147780074 -0.001764677893010417 0
1260 0.06302529192841735 -0.002096119906530412 0
1261 0.06321949939981451 -0.00176959369221969 0
1262 0.06340517439235718 -0.002101041344106044 0
1263 0.06359938106552557 -0.001774517215515011 0
1264 0.06378505556538558 -0.002105966154749036 0
1265 0.06397926202340205 -0.001779442588335901 0
1266 0.06416493640528963 -0.002110891835824196 0
1267 0.06435914280778537 -0.00178436841448302 0
1268 0.06454481716075741 -0.002115817737525742 0
1269 0.06473902354918046 -0.001789294352955617 0
1270 0.06303114868445658 -0.00143933858701569 0
1271 0.06492469789498781 -0.002120743694719238 0
1272 0.06511890427987127 -0.001794220319397804 0
1273 0.06531350365188059 -0.002134875430438238 0
1274 0.06550027251255511 -0.001800680586922477 0
1275 0.06571337394595378 -0.002137605383129192 0
1276 0.06589319967186016 -0.001805980638023161 0
1277 0.06569566163203909 -0.001473196697334168 0
1278 0.06607573948179961 -0.001477962586854429 0
1279 0.06627567581133588 -0.001807201877850293 0
1280 0.06645275284614695 -0.001482474871309637 0
1281 0.06664040998417378 -0.001813151849928002 0
1282 0.06683296403904297 -0.001487272118830085 0
1283 0.06701872274871459 -0.001816441336746067 0
1284 0.06721263851670234 -0.001491903891717652 0
1285 0.06739830777383454 -0.001821045530528158 0
1286 0.06759243558525216 -0.00149672720332709 0
1287 0.06777806937096635 -0.001828702146525726 0
1288 0.06797228251428566 -0.001502091175092752 0
1289 0.06816068651667387 -0.001835488247689153 0
1290 0.06835261367816239 -0.00150740017107878 0
1291 0.06853841655180271 -0.00183479083377205 0
1292 0.06873221102941655 -0.001511452751921466 0
1293 0.06891783814353375 -0.001842756534080081 0
1294 0.0691117607562334 -0.001532722339127676 0
1295 0.0692975871813783 -0.001850913065830294 0
1296 0.06949156436843022 -0.001540910676118222 0
1297 0.0696774331078051 -0.001856921194451531 0
1298 0.06987143838683033 -0.001545639651324731 0
1299 0.07005730691669616 -0.001861994695587319 0
1300 0.07025144750166368 -0.001540435438546141 0
1301 0.07043720788873679 -0.001865256894144657 0
1302 0.07063122829644794 -0.001553058504090292 0
1303 0.07081707533462754 -0.001871188421992674 0
1304 0.07101110202998703 -0.001558519119297373 0
1305 0.07119695268261909 -0.001876371096332978 0
1306 0.07139098102832871 -0.001563576984719697 0
1307 0.07157683255842788 -0.001881361836791164 0
1308 0.07177087315806097 -0.001567623229770629 0
1309 0.07195671504410464 -0.001886151984873715 0
1310 0.07215075607871568 -0.001572379945790589 0
1311 0.07233659642991314 -0.001891027112721841 0
1312 0.07253080292339278 -0.001564495265842861 0
1313 0.07271650495308066 -0.001893809504536301 0
1314 0.07291071596945345 -0.001566928868318358 0
1315 0.07309639569937193 -0.001897962820748995 0
1316 0.07329060375293203 -0.001571310671930736 0
1317 0.07347627927242013 -0.001902669324550868 0
1318 0.07367048613043972 -0.001576109373664183 0
1319 0.07385616074893267 -0.001907537509304455 0
1320 0.07405036725752964 -0.001581004505243056 0
1321 0.07423604166761966 -0.001912448712524229 0
1322 0.07443024808324572 -0.001585922878207175 0
1323 0.0746159224431068 -0.001917370959052613 0
1324 0.07481012883486615 -0.001590846965286933 0
1325 0.074995803182378 -0.001922295998484954 0
1326 0.07519000956810135 -0.001595772470203211 0
1327 0.07537568391254898 -0.001927221739707309 0
1328 0.07556989029675562 -0.001600698328390655 0
1329 0.07575556464043968 -0.001932147656773262 0
1330 0.07594977102426634 -0.001605624274763934 0
1331 0.07613544536775976 -0.001937073617844225 0
1332 0.07632965175149141 -0.001610550243169052 0
1333 0.07651532609493718 -0.001941999589921327 0
1334 0.07670953247864509 -0.001615476217080534 0
1335 0.07689520682207893 -0.001946925564750527 0
1336 0.07708941320578089 -0.001620402192368422 0
1337 0.07727508754921181 -0.001951851540267853 0
1338 0.07746929393291226 -0.001625328168000317 0
1339 0.07765496827634247 -0.001956777515957109 0
1340 0.0778491746600425 -0.001630254143718206 0
1341 0.07803484900347248 -0.001961703491689334 0
1342 0.07822905538717241 -0.001635180119457683 0
1343 0.07841472973060232 -0.001966629467432368 0
1344 0.07860893611430225 -0.001640106095202545 0
1345 0.07879461045773217 -0.001971555443178085 0
1346 0.07898881684143211 -0.001645032070948692 0
1347 0.07917449118486206 -0.001976481418924388 0
1348 0.07936869756856194 -0.001649958046695067 0
1349 0.07955437191199193 -0.001981407394670859 0
1350 0.07974857829569182 -0.001654884022441521 0
1351 0.07993425263912185 -0.00198633337041732 0
1352 0.08012845902282169 -0.00165980999818796 0
1353 0.08031413336625171 -0.001991259346163799 0
1354 0.08050833974995152 -0.001664735973934455 0
1355 0.08069401409338152 -0.001996185321910306 0
1356 0.08088822047708136 -0.001669661949680994 0
1357 0.08107389482051136 -0.002001111297656821 0
1358 0.08126810120421121 -0.001674587925427511 0
1359 0.08145377554764124 -0.00200603727340334 0
1360 0.08164798159009606 -0.001679540217258769 0
1361 0.08183365621789694 -0.002010967635164068 0
1362 0.08202786225087275 -0.001684471310021793 0
1363 0.08221353692448891 -0.00201589519474902 0
1364 0.08240774557545202 -0.001689318550304043 0
1365 0.08259341864132863 -0.002020808645892673 0
1366 0.08278762690044175 -0.001694229316039423 0
1367 0.08297329963305342 -0.002025729999203587 0
1368 0.08316755077064075 -0.001699232453776229 0
1369 0.08335317918329047 -0.002030667152136135 0
1370 0.08354740666776922 -0.001704236856982356 0
1371 0.08373301693959244 -0.002035481791340514 0
1372 0.08392769313571075 -0.001709303862602257 0
1373 0.08411259311617317 -0.002040383935110334 0
1374 0.08430745397725785 -0.001714657689222334 0
1375 0.08449179148070834 -0.002045203515378073 0
1376 0.08468561487174403 -0.001720040345819557 0
1377 0.0848698536844478 -0.002048855434805357 0
1378 0.08506247866654479 -0.001726813609240348 0
1379 0.08524581732227145 -0.002052837935945229 0
1380 0.0854366526884958 -0.001733690994751502 0
1381 0.0603709559560998 -0.001405391419979902 0
1382 0.0592350190266162 -0.001388881645492543 0
1383 0.05809537656173698 -0.001374125580366486 0
1384 0.03889918773767242 -0.001513366854610491 0
1385 0.04082338858394429 -0.001498342477913506 0
1386 0.005284005780124293 -0.001325275441661984 0
1387 0.004161705647474243 -0.001322479446080676 0
1388 0.06760401011981818 -0.002171329823797827 0
1389 0.03624771632721991 -0.001417141146708199 0
1390 0.06873165844334983 -0.002174820890116171 0
1391 0.05315692739660204 -0.001310065720173888 0
1392 0.01667984544889579 -0.001495153761070637 0
1393 0.08488026259550074 -0.001399942139583797 0
1394 0.03776623780536108 -0.001476739821793724 0
1395 0.06986314735004547 -0.002184781373235426 0
1396 0.01592008409867058 -0.001485292817785312 0
1397 0.03701562957852728 -0.001453193241085144 0
1398 0.01934697624820866 -0.002184511983001919 0
1399 0.03440199325426626 -0.001392269304722584 0
1400 0.08561852006870646 -0.002058156492786527 0
1401 0.01515448582128355 -0.001422637018789407 0
1402 0.01437650506959898 -0.001458550962435391 0
1403 0.06493322993663871 -0.001462770970906405 0
1404 0.02124215390994489 -0.002205559923268386 0
1405 0.03509035165580388 -0.001405542065414253 0
1406 0.07252230318375709 -0.002219977025218506 0
1407 0.03244916174788978 -0.001370586402079874 0
1408 0.01363937169339893 -0.00145041755190806 0
1409 0.06417346848336786 -0.001452919016829274 0
1410 0.04822356980669203 -0.001265940266086908 0
1411 0.08374312218305123 -0.001378407230243865 0
1412 0.03316092587167355 -0.001369122514774339 0
1413 0.03054980202737483 -0.001353708006623339 0
1414 0.04708308214265576 -0.001244924318248899 0
1415 0.01175338611003604 -0.001374249663522866 0
1416 0.07518147752901889 -0.002253745098858048 0
1417 0.06227404439765612 -0.001428342572773943 0
1418 0.04378955472400475 -0.002173827850730733 0
1419 0.08298188473273278 -0.001367756721206165 0
1420 0.08070254613365137 -0.001338212601705166 0
1421 0.0246488087348225 -0.0022565665655614 0
1422 0.02941011575883571 -0.001331191861551166 0
1423 0.06151430339345884 -0.001418437186601998 0
1424 0.08222198016446713 -0.001357885066189596 0
1425 0.03135690827655033 -0.001332802393679136 0
1426 0.0795628781347846 -0.001325425663158058 0
1427 0.009815296205151439 -0.00139789434116649 0
1428 0.08146230025759464 -0.001349254265865109 0
1429 0.04442153954355747 -0.001217482327631562 0
1430 0.001314120574439172 -0.001627104816900826 0
1431 0.001496243295486088 -0.001950876574265161 0
1432 0.02654820777089469 -0.002281551153852674 0
1433 0.07784064261977268 -0.002288226863917831 0
1434 0.0784232617708724 -0.001308656747226589 0
1435 0.04644888874292485 -0.002192640204889524 0
1436 0.02675095084094194 -0.001296696765879264 0
1437 0.0789802848011622 -0.002303004791153656 0
1438 0.04269740934012572 -0.002161560467446542 0
1439 0.07728361958948289 -0.001293878819986257 0
1440 0.02844761252577692 -0.002306094719734082 0
1441 0.04758848215660692 -0.002200594082600814 0
1442 0.04176050574860604 -0.001162284257871602 0
1443 0.08011992698255191 -0.002317782718393119 0
1444 0.02823651716742774 -0.00126584933549807 0
1445 0.07614397740806679 -0.001279100894785511 0
1446 0.02745679127690321 -0.001317183042297001 0
1447 0.05734599225434802 -0.001362392711233075 0
1448 0.08125956916394136 -0.002332560645632671 0
1449 0.04454920549328223 -0.002179153901395076 0
1450 0.0668511348116814 -0.002145051421437596 0
1451 0.02409178535765578 -0.001262245272069568 0
1452 0.05658507095788622 -0.001349545909696079 0
1453 0.03110677943372502 -0.002340436346664683 0
1454 0.04530922943749515 -0.002184919696025206 0
1455 0.05582258201672879 -0.001329440274173292 0
1456 0.08315897596663116 -0.002357177292111241 0
1457 0.02559741768896922 -0.001297886942582733 0
1458 0.07348481186606301 -0.001244653929245432 0
1459 0.05504506260484376 -0.001331113186827425 0
1460 0.02485154718153373 -0.001272068719387944 0
1461 0.0842980241871584 -0.002371017831199354 0
1462 0.01857896984711761 -0.002175407340475805 0
1463 0.07500433522500854 -0.001264323096218692 0
1464 0.003386468400585554 -0.001324087919067226 0
1465 0.02144497700803438 -0.001233302489936065 0
1466 0.05429644622131125 -0.001334968809998511 0
1467 0.002428571222335051 -0.00229369440952322 0
1468 0.07424457377244381 -0.00125447101401377 0
1469 0.0484008480645788 -0.002239162593812204 0
1470 0.0203052576622407 -0.001226468820402007 0
1471 0.02291772732923283 -0.001232212286728078 0
1472 0.003584715707135595 -0.002285026234512019 0
1473 0.07100278953143513 -0.002199559300475526 0
1474 0.07083607988635954 -0.001225398123725383 0
1475 0.05408588770570462 -0.002310198312055248 0
1476 0.04915852920370398 -0.002264377225132535 0
1477 0.02048669224411977 -0.00219241391211976 0
1478 0.03606744051863155 -0.002399691151691056 0
1479 0.05239715251469421 -0.001301249353293487 0
1480 0.02220478471188353 -0.001238255434366016 0
1481 0.07176255098569487 -0.002209411251968792 0
1482 0.0499151683141758 -0.002255164914364307 0
1483 0.07230965384593188 -0.001222950439683765 0
1484 0.00472382476318358 -0.00229167359006111 0
1485 0.06969635984692321 -0.001218780325694724 0
1486 0.05163661320493886 -0.001292982042532269 0
1487 0.05066356075199065 -0.002232429149725538 0
1488 0.07159588917189823 -0.001230233295331939 0
1489 0.0223695244185441 -0.002227007125099124 0
1490 0.01763381338618701 -0.001178473676983603 0
1491 0.0379325474728441 -0.002438233335223442 0
1492 0.05088145610200889 -0.001282437241755877 0
1493 0.005794281612778736 -0.002325617329461854 0
1494 0.06854643798655066 -0.001180547740572105 0
1495 0.05145486463563009 -0.002267730567187229 0
1496 0.07366195462134423 -0.002234041130701616 0
1497 0.0231292858728033 -0.00223685907659282 0
1498 0.0501266904951972 -0.001275743537951977 0
1499 0.05221467916574916 -0.002272150774861144 0
1500 0.05751275645240106 -0.002353769594157665 0
1501 0.07442171606214538 -0.002243894120093498 0
1502 0.01916553437081416 -0.001219932989309771 0
1503 0.08580727591571188 -0.001740128178070506 0
1504 0.08562734779617395 -0.001417394605672742 0
1505 0.02388904662276324 -0.002246765342168429 0
1506 0.0493677377673243 -0.00127454400686674 0
1507 0.05297449259664275 -0.002276664584516138 0
1508 0.01841975019657089 -0.001189484440031201 0
1509 0.05865417909595785 -0.002346508166660508 0
1510 0.008456044835828146 -0.002352607811343225 0
1511 0.06588743802283389 -0.001146142388625846 0
1512 0.05979204206046794 -0.002383229414704253 0
1513 0.07632947225653748 -0.002254893735295541 0
1514 0.025788448415991 -0.00227153730450406 0
1515 0.009610489435988329 -0.00242185057679223 0
1516 0.05485359183251044 -0.002319251517136184 0
1517 0.06740672783277787 -0.001165762299043776 0
1518 0.07708088116551204 -0.002278374912484328 0
1519 0.05561335922598533 -0.002328645449025337 0
1520 0.06664673342853104 -0.001177590828518103 0
1521 0.04632774480093725 -0.001234281176553431 0
1522 0.06169144569661849 -0.002407859254783038 0
1523 0.0563738578340559 -0.00232002883993098 0
1524 0.02768785459836138 -0.002295970785553706 0
1525 0.04556517446468639 -0.001240484260136032 0
1526 0.06283108787800799 -0.002422637182023295 0
1527 0.001124280961621732 -0.001945380499637652 0
1528 0.001306206420504566 -0.002258803147387849 0
1529 0.006554227677200125 -0.002334600552719977 0
1530 0.007375822286601344 -0.002349743325435011 0
1531 0.06397073005939756 -0.002437415109263567 0
1532 0.02958725823401061 -0.002320600664287189 0
1533 0.04366604919204126 -0.001200095484532752 0
1534 0.06511862083295002 -0.002457980364975442 0
1535 0.03035967522984917 -0.002308835304835815 0
1536 0.04290627251607411 -0.001191377763823662 0
1537 0.06051945159474281 -0.00238233708705143 0
1538 0.0824126163546966 -0.0023244680626943 0
1539 0.01041127721298936 -0.002449409435854593 0
1540 0.03224642332391959 -0.002355082494514191 0
1541 0.08542851147966263 -0.002377343650299595 0
1542 0.08580070629812264 -0.002381999535617329 0
1543 0.01117148126145009 -0.002454148724397399 0
1544 0.03300618477817929 -0.002364934446007635 0
1545 0.011927884430882 -0.002431263167992389 0
1546 0.033765946232439 -0.00237478639750108 0
1547 0.01269386214854646 -0.002460118570666366 0
1548 0.03452570768669871 -0.002384638348994533 0
1549 0.08599510952682865 -0.001423843994090365 0
1550 0.08580984053274104 -0.00110599609219115 0
1551 0.01345060147357229 -0.002477550168320082 0
1552 0.03528546914095843 -0.002394490300487986 0
1553 0.01421052696290484 -0.002457967330881202 0
1554 0.01497795274105106 -0.002488165894081772 0
1555 0.0371848727766077 -0.002419120179221607 0
1556 0.01573026520946524 -0.002491951765443739 0
1557 0.01725393265977504 -0.001173547643992565 0
1558 0.01744791079422761 -0.0008646263425775803 0
1559 0.06550780212969055 -0.001141276341599659 0
1560 0.0657015234321576 -0.0008146501996110131 0
1561 0.04139249340986886 -0.001164417576678807 0
1562 0.002052333866997998 -0.002286945614371618 0
1563 0.002255498549029442 -0.002606309393201008 0
1564 0.08544697170880644 -0.001094380548173442 0
1565 0.01649021121837002 -0.00248595379035295 0
1566 0.0009445180759234673 -0.001624903625980137 0
1567 0.0172368684400382 -0.002489505192739154 0
1568 0.0176167492640007 -0.002494422740958636 0
1569 0.03904305866702262 -0.002425677975922012 0
1570 0.03986229613263 -0.002444331139712749 0
1571 0.000936687044843551 -0.00226309925212178 0
1572 0.04056814161664698 -0.002485950952452588 0
1573 0.04136356077503613 -0.002473305912435566 0
1574 0.04172205276870944 -0.002487356831513628 0
1575 0.0009478935880743236 -0.0009829520884340626 0
1576 0.01742254292576549 -0.002820942160368319 0
1577 0.04158015148849147 -0.0008440788726773163 0
1578 0.04195471196640636 -0.0008357630755428547 0
1579 0.08616201061031113 -0.00174506994508123 0
1580 0.00186469324862281 -0.002620602237430573 0
1581 0.002606187075741687 -0.002618530628000978 0
1582 0.001105071911164213 -0.002562444374792833 0
1583 0.08563826696721002 -0.0008115343888857526 0
1584 0.01780634166327484 -0.0008790641167022852 0
1585 0.08616070033030868 -0.001142965827078249 0
1586 0.01706825831945877 -0.00084209802439625 0
1587 0.06606146143765824 -0.000830777443358759 0
1588 0.04120924839001397 -0.0008966689609015927 0
1589 0.002418759250300211 -0.002947664291044298 0
1590 0.06532144876369184 -0.0008309324317837303 0
1591 0.04175991704778453 -0.0005545593527939987 0
1592 0.08562252138180443 -0.002673168475923127 0
1593 0.08600763338675343 -0.002678583798637856 0
1594 0.08524868382280212 -0.00266660059367682 0
1595 0.08616037784811628 -0.002388175065851063 0
1596 0.0863781539916478 -0.002677926370757891 0
1597 0.0176423454301915 -0.0005205006278988517 0
1598 0.08527106103023234 -0.0007865598716548163 0
1599 0.0007396970158244642 -0.002576244533314597 0
1600 0.0005695775603197922 -0.002260907007629496 0
1601 0.0006094261572026013 -0.002906137109539353 0
1602 0.06581405493064971 -0.0005168270311046528 0
1603 0.01782910142594055 -0.002833613330774234 0
1604 0.01801001053283083 -0.002501191217257349 0
1605 0.001132514304210852 -0.001304239239426259 0
1606 0.0007835244791024945 -0.001314414513875827 0
1607 0.0006016831230766934 -0.001627335123680821 0
1608 0.0007549626857535977 -0.001947416047246413 0
1609 0.00188939476580776 -0.0006591558972989197 0
1610 0.08637340509876598 -0.001434551720009155 0
1611 0.000561509486837343 -0.001023314669271673 0
1612 0.0007587473847884968 -0.0006668000383789564 0
1613 0.0004101823112835981 -0.00067886965587306 0
1614 0.08598405882306075 -0.00206223006182686 0
1615 0.08637501690596533 -0.002081859131248406 0
1616 0.08604894421704701 -0.003225778165579148 0
1617 0.08567222151232425 -0.0003279079099082316 0
1618 0.00134391049938954 -0.003182647821456854 0
1619 0.001587998826615214 -0.002889040526959247 0
1620 0.08643315013211314 -0.0002892684344489192 0
1621 0.08623542640681379 -0.0005641466320175288 0
1622 0.002119831295060826 -0.003169083075136051 0
1623 0.08491052141875359 -0.0003182627891954643 0
1624 0.08527946784978178 -0.003213528534144798 0
1625 0.08450233821557755 -0.001390858855680737 0
1626 0.08469764318715051 -0.001069406349189843 0
1627 0.08431915894893785 -0.00106052147158969 0
1628 0.08451486674583333 -0.0007465413551479201 0
1629 0.08413680906680132 -0.0007447181531037865 0
1630 0.08489562830705956 -0.0007787255093632413 0
1631 0.0845311914170663 -0.0003162735246409207 0
1632 0.001706233147383218 -0.000329008810029564 0
1633 0.002279925388414587 -0.0006650854746751071 0
1634 0.002471568377009847 -0.0003323012835575552 0
1635 0.002671107099544733 -0.0006608389717773311 0
1636 0.003049298533858449 -0.0006577836683218719 0
1637 0.002856470089913105 -0.0009926959013710343 0
1638 0.002461155313139063 -0.0009934864444405402 0
1639 0.08467653710993921 -0.002374231577544313 0
1640 0.08448334328835602 -0.002683154720686268 0
1641 0.08411854927679399 -0.00268620230772237 0
1642 0.0843161811866541 -0.003029582548613251 0
1643 0.08393945395733607 -0.001056009107533559 0
1644 0.08375679618678629 -0.0007164953816180077 0
1645 0.001869933587284975 -0.00195768274105706 0
1646 0.01705348597871983 -0.002818445388825822 0
1647 0.08336208093044536 -0.001372950854762558 0
1648 0.08317638237378029 -0.001041405021615776 0
1649 0.08279626924954593 -0.001036581375467949 0
1650 0.08299090944981249 -0.0007098274576398057 0
1651 0.08337076268228499 -0.0007150581682382584 0
1652 0.08355809971894737 -0.001046720960668671 0
1653 0.08353886814955298 -0.002361962619102821 0
1654 0.08334486452410582 -0.002671461739793618 0
1655 0.08296478006845079 -0.002683706253009296 0
1656 0.08318118974606238 -0.002945448432585682 0
1657 0.08374152054267869 -0.002663104653779824 0
1658 0.08260191842959716 -0.001362833344909654 0
1659 0.08241613511574319 -0.001031767927863904 0
1660 0.08200139125757498 -0.0009616118279511783 0
1661 0.08223928187433194 -0.0007127460448196424 0
1662 0.01687405191809451 -0.001168622940595672 0
1663 0.01668814329896004 -0.0008552402879017454 0
1664 0.01649413213975673 -0.001166708550152176 0
1665 0.01630849686535871 -0.0008322460729684621 0
1666 0.01651067731217912 -0.0005232707675471744 0
1667 0.01591424447585973 -0.0006815682222892059 0
1668 0.01611429048173772 -0.001158769445104004 0
1669 0.01571560728519661 -0.001058065871282799 0
1670 0.01553104197434536 -0.000699055667278627 0
1671 0.01533926029142631 -0.001050403290781684 0
1672 0.01514447592045062 -0.0006997849663346073 0
1673 0.01494205371864395 -0.001045887841392036 0
1674 0.01475732941657965 -0.001432520051382914 0
1675 0.01452249820885392 -0.001107438858252367 0
1676 0.01415741932803976 -0.001174992512032601 0
1677 0.01428278201134553 -0.0008502435049185468 0
1678 0.01393973580724694 -0.0009389106999544096 0
1679 0.01468418234523499 -0.0007309494467369856 0
1680 0.01553929318579309 -0.001406923140497789 0
1681 0.01498978225676362 -0.0003473724179876112 0
1682 0.07652385813521752 -0.001284026868926429 0
1683 0.07632411971882319 -0.0009604560626418528 0
1684 0.0759559590524973 -0.0009489646354643748 0
1685 0.07671806451892306 -0.0009575034962636352 0
1686 0.07609902397720414 -0.0006250761626998 0
1687 0.07572440727975738 -0.0006270986539022312 0
1688 0.07556988120909144 -0.0009535174457166637 0
1689 0.07746076189264245 -0.002283300888194477 0
1690 0.07765572243982405 -0.002609548205144222 0
1691 0.07802801068573303 -0.002607548309319398 0
1692 0.07785663010575002 -0.002900332701932194 0
1693 0.07727752254222754 -0.002593488607198838 0
1694 0.07689703102268236 -0.00257747910909916 0
1695 0.08087968843681147 -0.002327634669886113 0
1696 0.08107750638277963 -0.002652281302931514 0
1697 0.08144746212216891 -0.002647862821747774 0
1698 0.08069983327343302 -0.002632056221584118 0
1699 0.08128141105854465 -0.002928396482349056 0
1700 0.07480159679697454 -0.002248819502096155 0
1701 0.07498880935753403 -0.002573398528900358 0
1702 0.07537832124060187 -0.002564633317283035 0
1703 0.07519765812243617 -0.002885780572362395 0
1704 0.07461746800698603 -0.002564670793141678 0
1705 0.07424583358403047 -0.002557268941012112 0
1706 0.07860040407403232 -0.002298078815407288 0
1707 0.07879634916463588 -0.002623774601791641 0
1708 0.07916783307499005 -0.002620991383265506 0
1709 0.07899828576653088 -0.002909691474994047 0
1710 0.08163981965072513 -0.002334796157071548 0
1711 0.08184117299762349 -0.002612849338037878 0
1712 0.06512748484447903 -0.001139799426137191 0
1713 0.0649414629533257 -0.0008301160007375917 0
1714 0.0647304119337299 -0.001123480916569828 0
1715 0.06454992900688825 -0.0007508524889853865 0
1716 0.06483182396238717 -0.0005083702366876317 0
1717 0.06416838523506405 -0.0006742381424735967 0
1718 0.06427571575181436 -0.001064824130482479 0
1719 0.06389806223260351 -0.0009442422072170544 0
1720 0.07062290315587692 -0.00219507136783131 0
1721 0.07080862082982504 -0.002523177118482235 0
1722 0.07042873050326989 -0.002518991195341999 0
1723 0.07118851984235619 -0.002526692623094175 0
1724 0.07100951598614695 -0.002849399135515621 0
1725 0.07690365176498781 -0.001295669606991764 0
1726 0.07576228249075183 -0.001276192420062376 0
1727 0.0654430402316746 -0.0005473185470510997 0
1728 0.07138267025856497 -0.002204485276222291 0
1729 0.07156840361705299 -0.002531383520318347 0
1730 0.0719482959288463 -0.002535416102126097 0
1731 0.0717693251636826 -0.002855344291671359 0
1732 0.0643506107865274 -0.002442341085010354 0
1733 0.06416227874764796 -0.00277458448958707 0
1734 0.06378269487357974 -0.00278947861946269 0
1735 0.06456457002550284 -0.002779017592917452 0
1736 0.06477234356285444 -0.003145075262979775 0
1737 0.06399450772754689 -0.003146986280463724 0
1738 0.06515964482151058 -0.003157730202537074 0
1739 0.06534892597506346 -0.002838551634366205 0
1740 0.06572905389395396 -0.002844113184682858 0
1741 0.06552993605555202 -0.002485475863329012 0
1742 0.06592230437037545 -0.002444664947838975 0
1743 0.06611585803392889 -0.002797139012095531 0
1744 0.06630854800064601 -0.002459554821329134 0
1745 0.0665018811990947 -0.002784766797700879 0
1746 0.0666798158034535 -0.003138937713971551 0
1747 0.06689046682694402 -0.002819232377791373 0
1748 0.06727015455932356 -0.002848157336951645 0
1749 0.06707148304507002 -0.002496014741338088 0
1750 0.06747879148693299 -0.002535921981760702 0
1751 0.06764856817678598 -0.002872931219853313 0
1752 0.06784173755214765 -0.002545169399977142 0
1753 0.06798987378872337 -0.002188643905850537 0
1754 0.06819039156662123 -0.00252882012399654 0
1755 0.06474904245399041 -0.002451443813381477 0
1756 0.06948326279664703 -0.002180373780610283 0
1757 0.069673006686285 -0.002509113213032445 0
1758 0.06930202391381199 -0.002505761775324014 0
1759 0.079740046255422 -0.002312856742646638 0
1760 0.07992572059885206 -0.002644306090622437 0
1761 0.07954583987172209 -0.002639380114875743 0
1762 0.07804338104374256 -0.001303730771481452 0
1763 0.07823758742744258 -0.0009772073992506309 0
1764 0.07860316457435743 -0.0009946032721630095 0
1765 0.07782167414300008 -0.0009264533194234753 0
1766 0.07837847500912504 -0.0006518907883405914 0
1767 0.07805712091574321 -0.0006894945508668078 0
1768 0.07004953709030294 -0.002512952225694978 0
1769 0.06987737189706913 -0.002838892988884159 0
1770 0.06321084976537381 -0.002436691446114018 0
1771 0.06301777999103109 -0.002759161227593087 0
1772 0.06263845005290034 -0.002748526764420451 0
1773 0.06284923942637689 -0.003118583873220755 0
1774 0.06339886052016885 -0.002807570949321532 0
1775 0.07214243171282478 -0.00221433722771534 0
1776 0.07232817704405381 -0.002540312149175624 0
1777 0.07270798678338464 -0.002550712551437784 0
1778 0.07253291210025137 -0.002863938785869057 0
1779 0.07310492961245854 -0.001239845672310897 0
1780 0.07329898887879904 -0.0009246676762059481 0
1781 0.07366431648162532 -0.0009384749953586831 0
1782 0.07288292176453309 -0.0008972384883949686 0
1783 0.073439542259201 -0.0006135697368907925 0
1784 0.02730797249417314 -0.002291151005604032 0
1785 0.02749364821466138 -0.002622494157782921 0
1786 0.02711376748753152 -0.002617568182036262 0
1787 0.02787352894179125 -0.002627420133529602 0
1788 0.08108240185798675 -0.001345170808604976 0
1789 0.08088298725687204 -0.001021557374280012 0
1790 0.08051457758014151 -0.001008407944530003 0
1791 0.08065795885249419 -0.000677897962766029 0
1792 0.08033451062382685 -0.0006868393583166418 0
1793 0.08010165693977928 -0.0009474299854320312 0
1794 0.08031639401762286 -0.001324492859000281 0
1795 0.01082751091990894 -0.0003290140150401324 0
1796 0.01101746724883957 -0.0006580280201480724 0
1797 0.01139737989216989 -0.000658028009899199 0
1798 0.01062257572523237 -0.0006666760694474078 0
1799 0.01120607927440272 -0.0009862658732179052 0
1800 0.01158178345971421 -0.0009958354752047003 0
1801 0.01082751091703007 -0.0009870420002500982 0
1802 0.01043552365350906 -0.0009937329679450633 0
1803 0.01100162022886489 -0.001348767661768843 0
1804 0.01020865258652193 -0.001374001667231114 0
1805 0.009972672879059355 -0.0009917470572368349 0
1806 0.009578800289288751 -0.00111189532615071 0
1807 0.00968957398003141 -0.0007640983175818095 0
1808 0.009324146076883762 -0.0008690784219434505 0
1809 0.009264077747879088 -0.001162119474236179 0
1810 0.008949066501522988 -0.001012956423323042 0
1811 0.01024270951510326 -0.0006473628950744235 0
1812 0.01044261304271905 -0.0003286778329322667 0
1813 0.01179015221972692 -0.0006614863917027999 0
1814 0.01197241010669621 -0.001013750370067501 0
1815 0.01213233941633585 -0.001376118636018551 0
1816 0.01236596414185933 -0.0010586151716358 0
1817 0.01273516778362938 -0.00112045649513926 0
1818 0.01260716766444129 -0.0007622915631140779 0
1819 0.01298404335938225 -0.0008383081030852002 0
1820 0.01310154749631222 -0.001169335487047755 0
1821 0.01335566037891136 -0.0009110941750587704 0
1822 0.01220692190285071 -0.0006412064907914251 0
1823 0.01251753154361517 -0.0003969185928371166 0
1824 0.009683882900499416 -0.0003667959993545384 0
1825 0.06816657198453976 -0.001175684432832295 0
1826 0.06836071601660451 -0.0008491312620919939 0
1827 0.06873236088701962 -0.0008626889710652134 0
1828 0.06798059523763485 -0.0008621109071627233 0
1829 0.06854492251452649 -0.0005162678734443008 0
1830 0.06778659003704951 -0.001173609349300551 0
1831 0.06760065882325009 -0.0008606374916663874 0
1832 0.06719558501670053 -0.0008415077886067763 0
1833 0.06741771109263517 -0.0005163150024397581 0
1834 0.0668259441932313 -0.0006709177600640822 0
1835 0.06702235486227331 -0.001187238293069927 0
1836 0.007788209815192348 -0.0003290140312241566 0
1837 0.007978165941841531 -0.0006580274160941793 0
1838 0.007600650483474414 -0.0006566438009046991 0
1839 0.008356027425392057 -0.0006568435744796909 0
1840 0.008165600508467985 -0.0009855847787007526 0
1841 0.008541282716943675 -0.0009942287850847518 0
1842 0.007784188246877877 -0.00099138015191865 0
1843 0.007399804319000232 -0.0009830141581201515 0
1844 0.007193183527968841 -0.001316957330665575 0
1845 0.007013521041297682 -0.0009775604196322141 0
1846 0.007959712819859036 -0.001336137653715172 0
1847 0.006786940074560939 -0.00133094731323109 0
1848 0.006594743717386171 -0.0009665791718841728 0
1849 0.006161766638939893 -0.001075977050940683 0
1850 0.006260603383004389 -0.0007318235847209636 0
1851 0.005899919563885955 -0.0008502114805685308 0
1852 0.005826763841715779 -0.001145588091830964 0
1853 0.005522076498343631 -0.0009957667886460483 0
1854 0.006594377645443808 -0.0006151067086549841 0
1855 0.007410370057455949 -0.0003279549245077005 0
1856 0.0085456421459928 -0.0003276327379725047 0
1857 0.008915166525746615 -0.0003202832433533856 0
1858 0.06188020443441591 -0.001413935943690745 0
1859 0.06207218398669626 -0.001085571932253254 0
1860 0.06246528651882636 -0.001100053670421292 0
1861 0.06228498503243976 -0.0007539465954387312 0
1862 0.06267073532773373 -0.0007610656938086694 0
1863 0.06292638048002627 -0.0003719250194478771 0
1864 0.06305868895210043 -0.0007754847835691207 0
1865 0.06189041156086574 -0.0007161037682277894 0
1866 0.06210511873978727 -0.0003651304468841033 0
1867 0.06151006486386097 -0.0006640599389938315 0
1868 0.06163047198513207 -0.001049844724425359 0
1869 0.06125410059507179 -0.000945806903216695 0
1870 0.06325692166238814 -0.000494095646503845 0
1871 0.06349388778238353 -0.0007759756717543814 0
1872 0.02616832447950305 -0.002276822928495219 0
1873 0.02635413704581254 -0.002597612823253056 0
1874 0.02597419834269771 -0.00259715783161917 0
1875 0.02559431249412869 -0.002592626810320161 0
1876 0.02426892774611325 -0.002251660762260303 0
1877 0.02445646502505764 -0.002575981370701044 0
1878 0.02483490756538088 -0.002578036517584705 0
1879 0.02466412629126374 -0.002881348225329662 0
1880 0.05941216133175847 -0.002378303560774265 0
1881 0.05959987899862747 -0.002708608134678382 0
1882 0.05997895009792584 -0.002728430787592507 0
1883 0.05918739694783443 -0.002760239009804762 0
1884 0.05973870137418718 -0.003035465089688626 0
1885 0.06033867046873675 -0.002734078007826757 0
1886 0.06058901999625912 -0.003072822962822461 0
1887 0.06089669561393314 -0.002856946697150229 0
1888 0.06120738817961634 -0.002811835746451791 0
1889 0.06107089446770222 -0.002519133314146574 0
1890 0.07237041599931256 -0.0003273128865813309 0
1891 0.07216481935922861 -0.0006472969684598901 0
1892 0.07180039565739689 -0.0006430004633510194 0
1893 0.07195905415351576 -0.0009824292311787926 0
1894 0.07958884191249206 -0.0003268686064268281 0
1895 0.07978165938864637 -0.0006580280360632728 0
1896 0.07940174672489092 -0.0006580280360633879 0
1897 0.07936047785002505 -0.002305686974256131 0
1898 0.07538249006668533 -0.001271383892311499 0
1899 0.07519671688802096 -0.0009487110384137767 0
1900 0.07478195608889586 -0.0009027669461935021 0
1901 0.07506922136455298 -0.0006153282082115355 0
1902 0.07691193259713359 -0.003186172987907816 0
1903 0.08149092267415657 -0.0003289095994448022 0
1904 0.08132004033480167 -0.0006652464555462157 0
1905 0.02673404843069938 -0.0026001745382731 0
1906 0.02655364050924143 -0.0028892279209629 0
1907 0.01120742358474715 -0.003170985982488299 0
1908 0.01139367095382285 -0.002838105503190894 0
1909 0.01176964367112842 -0.00282309093174152 0
1910 0.01100259371475753 -0.002826200962781693 0
1911 0.01063755461198174 -0.00284197196393673 0
1912 0.01155267776246426 -0.002463479671264285 0
1913 0.01214924183816615 -0.002781708698288015 0
1914 0.01044759825887837 -0.003170985977424393 0
1915 0.01024331678288199 -0.002825758253198041 0
1916 0.009877729276353289 -0.00284197199022942 0
1917 0.01079247780315026 -0.00246464955175431 0
1918 0.009687773004286533 -0.003170985976807493 0
1919 0.009476059246246504 -0.002830272552555838 0
1920 0.009213561816756186 -0.002565033686233112 0
1921 0.01002484100363664 -0.002464038702601501 0
1922 0.009307860507032112 -0.003170985826642876 0
1923 0.01196523813197427 -0.003154093197546044 0
1924 0.01253299275802318 -0.002809045469706151 0
1925 0.01272829039622312 -0.003165821798739535 0
1926 0.008548035212273035 -0.003171426333629332 0
1927 0.008738351910053795 -0.002854511040876903 0
1928 0.008358094869804066 -0.002853804521125783 0
1929 0.00816812510787604 -0.003173031418226182 0
1930 0.007978169415194768 -0.002865520126968358 0
1931 0.007598254248531014 -0.002866537483203428 0
1932 0.007779576553660919 -0.002540214123404722 0
1933 0.0074082973179544 -0.003175080095079359 0
1934 0.007218340779284793 -0.00285383847686116 0
1935 0.006838428856508955 -0.002852866022866289 0
1936 0.006648472275683971 -0.003172801309666712 0
1937 0.006458515596502123 -0.002852657395353815 0
1938 0.006078605735001373 -0.002852327282668484 0
1939 0.005888654241330574 -0.003172711631975242 0
1940 0.005698705039838312 -0.002852131216510852 0
1941 0.005508740967650444 -0.003172966040921882 0
1942 0.005318791621277255 -0.002862235427029606 0
1943 0.004938896262253467 -0.002862712520644363 0
1944 0.005116843393020175 -0.002536001809792455 0
1945 0.004748942789653605 -0.003174434845591439 0
1946 0.004558994828683355 -0.002863368232079902 0
1947 0.004369015741836929 -0.0031751221648648 0
1948 0.004179073962269936 -0.002846277877925641 0
1949 0.003799212408917903 -0.002858643232741297 0
1950 0.003977306868072232 -0.002508863903696849 0
1951 0.004418552880439131 -0.002557940850716086 0
1952 0.003609277180565758 -0.003173751925090623 0
1953 0.003419356137124935 -0.002861177989336306 0
1954 0.003230845613954585 -0.003178683135207006 0
1955 0.003059642048144837 -0.002871788595378705 0
1956 0.003293961786658056 -0.002569724476925175 0
1957 0.03148665379862323 -0.002345852964126537 0
1958 0.03129265935744872 -0.002656031781521777 0
1959 0.03091257475883 -0.002666827939503234 0
1960 0.03168879445043166 -0.0026182910961993 0
1961 0.03112781298625979 -0.002933995477975448 0
1962 0.06932698224766812 -0.0003297965225746412 0
1963 0.06915070308257308 -0.0006532149667252162 0
1964 0.0695239373658116 -0.0006418234451286368 0
1965 0.0693863630649009 -0.000951473078307821 0
1966 0.06971278063426989 -0.0003264436702996951 0
1967 0.06990371791995531 -0.0006393660494833865 0
1968 0.07028380742625158 -0.0006549177049666466 0
1969 0.070093886462882 -0.0009870420540949191 0
1970 0.07052931190411713 -0.0009533881633678372 0
1971 0.07067300169334381 -0.000637746679171908 0
1972 0.07085525282953108 -0.0003256337918830772 0
1973 0.07104546600126516 -0.0006399304523025311 0
1974 0.07142336413379445 -0.000639268115206079 0
1975 0.0712246444583165 -0.0009773911256720643 0
1976 0.07427235177436031 -0.003180477757067893 0
1977 0.06857503061072931 -0.003172947410850726 0
1978 0.06838520327920647 -0.00286388119832469 0
1979 0.06875939442658945 -0.00284936600205252 0
1980 0.0252291127607874 -0.001279654974803291 0
1981 0.02503160029165041 -0.0009536998719462527 0
1982 0.02466339827015415 -0.0009509001489125229 0
1983 0.02480737769829412 -0.0006331399399510552 0
1984 0.02978999663222488 -0.001336106558092917 0
1985 0.02960428749044598 -0.001007340784461961 0
1986 0.02922443575473438 -0.001000179052468557 0
1987 0.02997449895213215 -0.001037879640558033 0
1988 0.02941864797112109 -0.0006732058759010241 0
1989 0.02898304281015393 -0.0006722163137671074 0
1990 0.02883522046462748 -0.0009995458187889749 0
1991 0.02902867674630884 -0.001327176057774995 0
1992 0.01348330423972411 -0.0003006065694960765 0
1993 0.01841858369086598 -0.0003297223267407327 0
1994 0.01861452377380467 -0.0006419943709562862 0
1995 0.01899543372940338 -0.0006401261257383618 0
1996 0.01879697594624366 -0.0009663783114794814 0
1997 0.01826032107159032 -0.0006204161752868622 0
1998 0.0191855562765889 -0.0003260303663108796 0
1999 0.01937550706795599 -0.0006393174762487266 0
2000 0.01975545205135425 -0.0006549096094265732 0
2001 0.01956550218340621 -0.0009870420540933019 0
2002 0.0199998159652521 -0.0009540329494607541 0
2003 0.02014443695473247 -0.000638153545951364 0
2004 0.05789263779324444 -0.002358648241628013 0
2005 0.05769869523567563 -0.002664825906180817 0
2006 0.05731965774588912 -0.002676234724518963 0
2007 0.0581240526644034 -0.002663542303900801 0
2008 0.05750422565791991 -0.003011646241774126 0
2009 0.02371190330237618 -0.001257421720397064 0
2010 0.02390611105511919 -0.000930792770494508 0
2011 0.02349064536788607 -0.0008965352793047298 0
2012 0.02373708995688045 -0.000659139037572109 0
2013 0.02410031779130324 -0.0006042422154471933 0
2014 0.05885513828641183 -0.001383956678024998 0
2015 0.05904945743499202 -0.00104873711911706 0
2016 0.05942924420499286 -0.001060908867949487 0
2017 0.05866959549982975 -0.001042361946970386 0
2018 0.05924441342118303 -0.0007226642607554195 0
2019 0.05962557208176198 -0.0007271472575763958 0
2020 0.05980866299636946 -0.001066044358768813 0
2021 0.0600099618412085 -0.0007342616991100146 0
2022 0.06021050589369144 -0.0003844556829427014 0
2023 0.06038753257337087 -0.0007544449800793147 0
2024 0.05944453956051644 -0.0003706256928794371 0
2025 0.06059845321966338 -0.0004207319709631314 0
2026 0.06084083983373026 -0.000752021766622805 0
2027 0.0791829932929257 -0.001320817006527013 0
2028 0.05523347333541098 -0.002324117667088638 0
2029 0.05503948808043499 -0.002633588064477676 0
2030 0.05463647812943158 -0.002637133562096644 0
2031 0.0548450605680109 -0.002977164411546997 0
2032 0.05541914767884078 -0.002655567015064591 0
2033 0.05584645069770092 -0.002646923964099959 0
2034 0.05847527938121987 -0.001377347841040621 0
2035 0.05828960874248289 -0.001045612795063715 0
2036 0.05791293891943089 -0.001044252302146973 0
2037 0.05810645060999914 -0.000706169851512229 0
2038 0.05772402816243041 -0.0007112047089296049 0
2039 0.05848438529330217 -0.0007156977615852933 0
2040 0.05830453263196214 -0.0003604126504704304 0
2041 0.05886434685147429 -0.0006738118109769864 0
2042 0.03704148471615729 -0.003170985981968359 0
2043 0.03685152838427956 -0.002864629227053026 0
2044 0.0364810207230133 -0.002851178155174961 0
2045 0.03666348963909395 -0.002515789336043251 0
2046 0.03362227074235814 -0.003170985981968362 0
2047 0.03341595216134437 -0.0028672222330021 0
2048 0.03303331169135886 -0.00287066855331161 0
2049 0.07047559111088059 -0.0003245520323422115 0
2050 0.08033296380335037 -0.00319442471917872 0
2051 0.005491977713101288 -0.0003166940331618157 0
2052 0.005123861113401004 -0.0003258326795888896 0
2053 0.004933879878572432 -0.0006550834260738816 0
2054 0.004558164742096048 -0.0006575339738202916 0
2055 0.004745227699115784 -0.0009848321866860917 0
2056 0.004365425740179132 -0.0009876133157957624 0
2057 0.004179162307750825 -0.0006580830993825968 0
2058 0.005120304393298941 -0.0009857007415913755 0
2059 0.004546402430305803 -0.001318698428626326 0
2060 0.004368900010155864 -0.0003289639070954092 0
2061 0.003989139977889897 -0.0003290921666971554 0
2062 0.003800281637342015 -0.0006586269915601335 0
2063 0.03211003125217079 -0.003177188788611018 0
2064 0.03228434025795948 -0.002870453802423368 0
2065 0.03265157095055583 -0.002875226654217113 0
2066 0.02640393013100426 -0.0003290140180316505 0
2067 0.02621397379912652 -0.0006514014976056785 0
2068 0.02659388646288197 -0.0006544068294198457 0
2069 0.02583406113537107 -0.0006580280360632725 0
2070 0.02605738316848958 -0.0009834035140722855 0
2071 0.02678384279475972 -0.000328410483591064 0
2072 0.02697379912663744 -0.0006511436466416756 0
2073 0.02735371179039291 -0.0006515912874052658 0
2074 0.02716375545851514 -0.0009870420540948987 0
2075 0.0830109170305677 -0.0003290140180316049 0
2076 0.07730927483888952 -0.0003263717733989529 0
2077 0.07750218340611362 -0.0006580280360632487 0
2078 0.0771222707423582 -0.0006580280360632628 0
2079 0.02408589171450063 -0.00256716950823879 0
2080 0.02371478030285125 -0.002559521952840522 0
2081 0.05642720835738388 -0.0003333330834307477 0
2082 0.05623645839923661 -0.0006636980219081115 0
2083 0.05584334033957401 -0.0006620822148510383 0
2084 0.05603495313277964 -0.0009887565500117895 0
2085 0.05641737176155631 -0.001010391740521217 0
2086 0.05565048875625218 -0.0009880444069081994 0
2087 0.05543301251806894 -0.001326856597612387 0
2088 0.05522030613623198 -0.0009932095200665353 0
2089 0.05484111845176958 -0.001017170356230385 0
2090 0.05504479399788232 -0.0006758523887766723 0
2091 0.05465957650785076 -0.000682188532441621 0
2092 0.05543493734999808 -0.00067668312294502 0
2093 0.05620724961511698 -0.001337820557504126 0
2094 0.05680034517386141 -0.001031649722954159 0
2095 0.05662061268785536 -0.0006658526912204897 0
2096 0.05701355976435533 -0.0006451343752244293 0
2097 0.05717437493709897 -0.001015809161039802 0
2098 0.02882749506752188 -0.002310880756240402 0
2099 0.02863329039605093 -0.002637272085023 0
2100 0.02902788882148519 -0.002596670222548477 0
2101 0.07995022098319264 -0.003194822463048054 0
2102 0.0219896436914146 -0.002222081149352182 0
2103 0.02219326430650595 -0.002551627373107987 0
2104 0.02181322226331246 -0.002545703524010737 0
2105 0.02257692780257869 -0.002543026749236674 0
2106 0.03324235807860252 -0.0003290140180316359 0
2107 0.03343231441048025 -0.0006580280360632721 0
2108 0.0338122270742357 -0.000658028036063265 0
2109 0.03363667259231649 -0.001005136292486192 0
2110 0.03398831936511552 -0.0009806675340328372 0
2111 0.03417877855962646 -0.000650585604094404 0
2112 0.03437092007262693 -0.0009942066131937732 0
2113 0.0347443404558841 -0.0011875407371373 0
2114 0.03474315148744458 -0.0008616801204200427 0
2115 0.03381222707423574 -0.001316056072126536 0
2116 0.033267279158919 -0.001008438019736197 0
2117 0.03305655526011087 -0.0006615940303368226 0
2118 0.03267318133520036 -0.0006586223684422008 0
2119 0.05353681695257496 -0.001314310837354797 0
2120 0.05335113525177591 -0.0009834288715170583 0
2121 0.05373473730473055 -0.0009883370576617022 0
2122 0.05297307251070769 -0.0009816635189537893 0
2123 0.05317129426885089 -0.0006525074197822711 0
2124 0.07312919222028109 -0.0003489409730453583 0
2125 0.02146506550218346 -0.003176147965020572 0
2126 0.02108515283842801 -0.003171846312477087 0
2127 0.02089519650655033 -0.002846475499478788 0
2128 0.0205152838427949 -0.002846228441219726 0
2129 0.02069299325461744 -0.002523667742608113 0
2130 0.02032532751091711 -0.003171695394848864 0
2131 0.02013537117903944 -0.002846305500323466 0
2132 0.01975545851528476 -0.002842694220001125 0
2133 0.01993045056870445 -0.002515272980675042 0
2134 0.01955076430186257 -0.002514570565459574 0
2135 0.01937308953793834 -0.002844587485285029 0
2136 0.01956509279780829 -0.003171542278203334 0
2137 0.01918511190311914 -0.003171514618231972 0
2138 0.018995144199419 -0.0028447223656195 0
2139 0.0186074470828491 -0.002839674449908477 0
2140 0.01878906252138647 -0.002510183843596078 0
2141 0.01842289996462124 -0.003170291695432957 0
2142 0.01823008819408992 -0.002840170594135185 0
2143 0.02127082994981284 -0.002855744108271726 0
2144 0.03514954120053117 -0.0003246147226310251 0
2145 0.03534076749960079 -0.0006528955247625595 0
2146 0.03571327202140353 -0.0006571726175131555 0
2147 0.03552356262759089 -0.0009644649328633578 0
2148 0.03588702399048149 -0.0009743275549804988 0
2149 0.03608949620576533 -0.0006557663831191845 0
2150 0.03626131378176901 -0.001021154114305774 0
2151 0.03511024790571315 -0.000984333845549312 0
2152 0.03571179039301298 -0.00131605607212655 0
2153 0.03973258570654463 -0.003097864994930167 0
2154 0.03949006132529294 -0.00285170231456341 0
2155 0.03912632682723252 -0.00283518372261391 0
2156 0.07351318631456935 -0.003172184920538828 0
2157 0.07330872514656474 -0.002845941635080777 0
2158 0.02222489082969421 -0.0003290140180316223 0
2159 0.0224148471615719 -0.0006464523819552281 0
2160 0.02277643910551653 -0.0006455212878640555 0
2161 0.02256926844670779 -0.0009875429937772262 0
2162 0.02297858628536276 -0.0003235151952350882 0
2163 0.02315085746778569 -0.0006679288593117027 0
2164 0.0837687315821439 -0.0003373047404045479 0
2165 0.03289756119916654 -0.001002302836890898 0
2166 0.03249767726477635 -0.0009922461915061105 0
2167 0.0323125253152997 -0.0006490008406805357 0
2168 0.03210262008733617 -0.0009870420540949267 0
2169 0.03281528267574609 -0.001363317202438038 0
2170 0.0320213290004427 -0.001393746798241509 0
2171 0.03173463570715341 -0.001143179818708504 0
2172 0.03175897910667819 -0.0007745144473128851 0
2173 0.0314390747199801 -0.0009290982361908795 0
2174 0.03107187236267369 -0.001028006211511989 0
2175 0.03118728237854609 -0.0006707747819040884 0
2176 0.03082533005647383 -0.0007263075314719485 0
2177 0.03053730291773836 -0.0003615721903203585 0
2178 0.0304487580380596 -0.0007599666895487683 0
2179 0.03019197374222885 -0.0004722271214277717 0
2180 0.0313484393194047 -0.0003349074182727215 0
2181 0.05147816593886475 -0.00317098598196836 0
2182 0.05166812227074247 -0.002854572275556495 0
2183 0.05204803493449794 -0.00285758131477024 0
2184 0.05184534594953052 -0.002519427284145689 0
2185 0.05128820960698702 -0.002856672327493121 0
2186 0.05092032632575504 -0.002851367191767562 0
2187 0.051164635784392 -0.002552656784526865 0
2188 0.01348708705051649 -0.003171359489198679 0
2189 0.01366958395492755 -0.002836750676069195 0
2190 0.01404888663871425 -0.002827422852448603 0
2191 0.0132827078338929 -0.00284247233824342 0
2192 0.01307291559049213 -0.002496076174155133 0
2193 0.01383178862948226 -0.002478746312879993 0
2194 0.01442670428542522 -0.002796080313398481 0
2195 0.01424395339667294 -0.003158025994479109 0
2196 0.01480327466220982 -0.002816230333666397 0
2197 0.0150057068806901 -0.003168498186916551 0
2198 0.05355606867001422 -0.0006554131205127275 0
2199 0.06016358197293142 -0.002391068889773794 0
2200 0.05029328635253771 -0.002243231193090777 0
2201 0.05008926848658257 -0.002566387867243643 0
2202 0.04972093677189296 -0.002581677378863514 0
2203 0.0499066111153228 -0.002913126726839436 0
2204 0.02561917974884547 -0.003184207141503562 0
2205 0.02752051520969196 -0.00318863590961403 0
2206 0.05223768057664857 -0.0003285822598699433 0
2207 0.05203907843362778 -0.0006569666941677072 0
2208 0.05165700822451193 -0.0006493389346063441 0
2209 0.05241532376540611 -0.0006560838246198561 0
2210 0.02754366812227065 -0.0003279412265886305 0
2211 0.01651929498684938 -0.003161548508381918 0
2212 0.01632603822493685 -0.002832978541827528 0
2213 0.01594495555947435 -0.002835524348644114 0
2214 0.01576464685723224 -0.003170399565294111 0
2215 0.0155615090020271 -0.002846389998271616 0
2216 0.01535363249475377 -0.002509439181496037 0
2217 0.01611039735887937 -0.002489633572934506 0
2218 0.03894104803493438 -0.0003290140180316383 0
2219 0.03913100436681211 -0.0006580280360632812 0
2220 0.03951091703056757 -0.0006580280360632823 0
2221 0.03875109170305664 -0.000658028036063302 0
2222 0.03932096069868983 -0.0009698212269084939 0
2223 0.03968797865259484 -0.0009767271520272406 0
2224 0.03988868057601462 -0.0006563088857186687 0
2225 0.04006538401165716 -0.0009613236687733041 0
2226 0.03948089967261695 -0.001243953691187107 0
2227 0.05831452137727779 -0.003192392017778893 0
2228 0.05870309087998793 -0.003195249909362511 0
2229 0.05850438084653198 -0.002854711353650523 0
2230 0.03212680056795195 -0.0003256043157999786 0
2231 0.04767903930131017 -0.003170985981968359 0
2232 0.0478689956331879 -0.002850069515503391 0
2233 0.04748908296943244 -0.002851419107431167 0
2234 0.04824890829694335 -0.002852314492654291 0
2235 0.04810884347444542 -0.00254153586327193 0
2236 0.02828714856676708 -0.0003259125481451105 0
2237 0.02811353711790385 -0.0006580280360632591 0
2238 0.02773362445414838 -0.0006514870956253643 0
2239 0.02792358078602612 -0.0009870420540948959 0
2240 0.01423738353983712 -0.0003038230326209387 0
2241 0.05071834061135364 -0.0003246870127240698 0
2242 0.05052796442932166 -0.0006483122947381864 0
2243 0.05014845340064713 -0.0006549897152853506 0
2244 0.03704148471615709 -0.0003290140180316349 0
2245 0.03723144104803481 -0.0006580280360632723 0
2246 0.03761135371179026 -0.000658028036063286 0
2247 0.03742139737991252 -0.0009870420540949165 0
2248 0.03780131004366798 -0.00098704205409493 0
2249 0.03704148471615707 -0.0009870420540948961 0
2250 0.03799126637554572 -0.0006580280360632981 0
2251 0.03818122270742343 -0.0009685289159356407 0
2252 0.03837117903930117 -0.0006549425130367506 0
2253 0.03854748544367609 -0.000975561487912488 0
2254 0.03836272851041218 -0.001314068733727668 0
2255 0.03892512311951443 -0.000957156872028866 0
2256 0.037801310043668 -0.0003290140180316461 0
2257 0.06531389255587895 -0.001468657390382951 0
2258 0.05125727507953303 -0.001285823836879072 0
2259 0.05108286738235915 -0.0009605182947747584 0
2260 0.04122052401746735 -0.003171957696643797 0
2261 0.04103056768558962 -0.002841971963936716 0
2262 0.04066972744503104 -0.002839738905258981 0
2263 0.02536540756901057 -0.0009682710249762163 0
2264 0.01734125757163468 -0.0002828042630389424 0
2265 0.03514192139737998 -0.003170985981968362 0
2266 0.03493560604106942 -0.002870257672646047 0
2267 0.03455296604111711 -0.002874215098644235 0
2268 0.03437891500976412 -0.003176359837752944 0
2269 0.03417206783018653 -0.002875012091080911 0
2270 0.04919868995633181 -0.0003290140180316383 0
2271 0.0490034797118046 -0.0006549946881808072 0
2272 0.04862794530859038 -0.0006507130706412561 0
2273 0.04880448593578406 -0.000959792878149967 0
2274 0.04843871868680285 -0.0003277948571279781 0
2275 0.04824247121429027 -0.0006461781257722531 0
2276 0.04805785479428694 -0.0003268358394991995 0
2277 0.04786147310731729 -0.0006520718727975759 0
2278 0.04748782921512051 -0.0006489940162281297 0
2279 0.04766240431082237 -0.0009539781181360725 0
2280 0.04729891767850256 -0.0003275083480591247 0
2281 0.04710917030567679 -0.0006580280360633153 0
2282 0.02502876022909727 -0.002259827821032347 0
2283 0.0453995633187772 -0.0003290140180316409 0
2284 0.04520108892374661 -0.0006531101300090065 0
2285 0.04482827464595187 -0.0006462748876553005 0
2286 0.04499859171038299 -0.0009419230956335691 0
2287 0.03628322688906124 -0.00317252034717473 0
2288 0.03609085582582804 -0.002797908391050875 0
2289 0.03590186676980328 -0.003163897780688446 0
2290 0.03569531189050835 -0.00286324182605358 0
2291 0.0434999999999999 -0.0003290140180316412 0
2292 0.04331004366812218 -0.0006580280360632832 0
2293 0.04293013100436672 -0.0006580280360632871 0
2294 0.04047847126450669 -0.003176319234772572 0
2295 0.04615938864628812 -0.0003290140180316431 0
2296 0.04596943231441038 -0.0006580280360632847 0
2297 0.04634934497816584 -0.0006580280360632875 0
2298 0.0467292576419213 -0.0006580280360632903 0
2299 0.05071936540276462 -0.003172146885901425 0
2300 0.05057997276629289 -0.002861936523789983 0
2301 0.04274017467248919 -0.003170985981968357 0
2302 0.04293013100436692 -0.002844301996407351 0
2303 0.04331004366812238 -0.002842360302681824 0
2304 0.04312008733624465 -0.002512957945905076 0
2305 0.04350000000000011 -0.002512957945905078 0
2306 0.04368995633187783 -0.002845690327949493 0
2307 0.04255021834061146 -0.002844690335152455 0
2308 0.0421816897977552 -0.002850179208505582 0
2309 0.04240481557066343 -0.002513351002717192 0
2310 0.04198224669846146 -0.00317376448499811 0
2311 0.04350000000000011 -0.003171670432428005 0
2312 0.02108515283842782 -0.000329014018031624 0
2313 0.02089519650655022 -0.0006580280360631216 0
2314 0.02127510917030554 -0.0006455436842512788 0
2315 0.0211395537224783 -0.0009560728151665095 0
2316 0.02070524017467287 -0.000987042054094573 0
2317 0.02051679480541003 -0.0006408623861446257 0
2318 0.02032709030063505 -0.0003228406613596947 0
2319 0.02146506550218331 -0.0003269332927296313 0
2320 0.021655021834061 -0.0006431161713989629 0
2321 0.02203493449781647 -0.0006420377954931462 0
2322 0.02183446293734745 -0.0009844594972504566 0
2323 0.04463973799126648 -0.003170985981968358 0
2324 0.04482969432314422 -0.002846510315568038 0
2325 0.04520960698689967 -0.002848153360798242 0
2326 0.04506081894101518 -0.002521080469382452 0
2327 0.0453995633187774 -0.003172016214778611 0
2328 0.04558951965065513 -0.002848598907138319 0
2329 0.04596943231441059 -0.002843076454470319 0
2330 0.04582860726938211 -0.002513974392087171 0
2331 0.0461946351052904 -0.002517173031407133 0
2332 0.04635521938799973 -0.002849617386071657 0
2333 0.0465402803783494 -0.003172260218990849 0
2334 0.04673039988827806 -0.002850217399925284 0
2335 0.04710936068006973 -0.002844920727183887 0
2336 0.04696857011483223 -0.002518136302200949 0
2337 0.0473344063069904 -0.002521719158617146 0
2338 0.04843886462882108 -0.003172709736754619 0
2339 0.0486288209606988 -0.002852975947977152 0
2340 0.04900873362445426 -0.002853696738715865 0
2341 0.04880153180643077 -0.002504729603387265 0
2342 0.04920252473864748 -0.003176695082533368 0
2343 0.04944287593565967 -0.002828651568953965 0
2344 0.05299781659388658 -0.003170985981968362 0
2345 0.05318777292576431 -0.002856393416095963 0
2346 0.05356768558951977 -0.002844375539296601 0
2347 0.05337772925764204 -0.002512957945905092 0
2348 0.05376497125298708 -0.002522158507422312 0
2349 0.05395586958329424 -0.002840530873753952 0
2350 0.05280786026200886 -0.00285879699145583 0
2351 0.05242794759825341 -0.00286088699255905 0
2352 0.05260516904333817 -0.002523966303076619 0
2353 0.01576637554585145 -0.0003290140180316342 0
2354 0.04691917914729039 -0.0003287630730362293 0
2355 0.04251784307648285 -0.001189033880130116 0
2356 0.03818122270742366 -0.003174320832214509 0
2357 0.03843168324369286 -0.002880736248405229 0
2358 0.03801975565140826 -0.002832474913306588 0
2359 0.03780605825631193 -0.003169958948571029 0
2360 0.03763002026407374 -0.002833758785474504 0
2361 0.03756424857902255 -0.002462984870412309 0
2362 0.04273822707384618 -0.0003233895555230602 0
2363 0.04253697041805603 -0.000627344496523853 0
2364 0.06811406525980268 -0.0005642351530956637 0
2365 0.04387991266375556 -0.003171719784380427 0
2366 0.04406986899563329 -0.00284636763256278 0
2367 0.04444978165938875 -0.002847999318944268 0
2368 0.04430095966155986 -0.002517543140428204 0
2369 0.04616053089264487 -0.00317265667358353 0
2370 0.02864287535105361 -0.0013140940483273 0
2371 0.02849295376877929 -0.0009648914091954749 0
2372 0.04595027316940729 -0.001237297540372474 0
2373 0.02944853205791659 -0.003174046294544262 0
2374 0.02962299745343411 -0.002863517221319565 0
2375 0.0299950334419515 -0.002863914228436213 0
2376 0.04008042783981602 -0.0003287274929742057 0
2377 0.04026775747153903 -0.0006534073592760078 0
2378 0.04045913517795935 -0.0009680811279946851 0
2379 0.04063831398428558 -0.0006474103374179672 0
2380 0.0408317294985267 -0.0009243124219187983 0
2381 0.04082318494587785 -0.0003159954734733149 0
2382 0.04020858441100405 -0.002476231569419497 0
2383 0.04002971220994654 -0.002785051357424599 0
2384 0.04729915836662017 -0.003173051966425295 0
2385 0.02692811551041459 -0.002284393991781792 0
2386 0.07024313881748803 -0.002189841291972615 0
2387 0.07328207389421443 -0.002229115154955023 0
2388 0.07290226081171808 -0.0022189725710536 0
2389 0.05568420317369294 -0.003194505691736366 0
2390 0.03945946870734589 -0.002502236281905582 0
2391 0.0387808683469543 -0.002681204931574875 0
2392 0.05828071241678899 -0.00233436552732388 0
2393 0.03414582695956886 -0.002379712373247806 0
2394 0.04955581102790899 -0.002242219156819512 0
2395 0.05713306025338832 -0.002348173780316542 0
2396 0.05690613663351647 -0.002735613676454155 0
2397 0.03970045547832977 -0.0003286797387979663 0
2398 0.0544685776119885 -0.002312388242950904 0
2399 0.05427950549745122 -0.002640789087824352 0
2400 0.02866561802335078 -0.003186259846897322 0
2401 0.02827977514053736 -0.003190322414782006 0
2402 0.06265271370643219 -0.001433307039891966 0
2403 0.04463950137840093 -0.0003270551599636443 0
2404 0.04444978165938856 -0.0006580280360632808 0
2405 0.03378979324638173 -0.002877698118032243 0
2406 0.06113312637653611 -0.001441491203578631 0
2407 0.06075030145232584 -0.001420340557584358 0
2408 0.04368995633187763 -0.000658028036063281 0
2409 0.04406986899563309 -0.0006580280360632817 0
2410 0.05413470601171632 -0.0003281188767125809 0
2411 0.05392957312872255 -0.0006552782517102078 0
2412 0.03016809390159737 -0.001360415304520923 0
2413 0.06341079900204621 -0.001449330334083906 0
2414 0.06379281349939017 -0.001471364388201282 0
2415 0.02564641368060926 -0.0003187293613242986 0
2416 0.03020022953014858 -0.003176916547310958 0
2417 0.0303882530378306 -0.002896498472420973 0
2418 0.03739933207736444 -0.001475962378180452 0
2419 0.02298553090454265 -0.003173678323804822 0
2420 0.02315912742866604 -0.002855743565533791 0
2421 0.05642490323820206 -0.00318950284903535 0
2422 0.05622707423580799 -0.002841971963936724 0
2423 0.03724317058680703 -0.002809070209155501 0
2424 0.03490558841382856 -0.002389564324741258 0
2425 0.04044008040343507 -0.001511362071105663 0
2426 0.04995851224799717 -0.0003285076312353242 0
2427 0.049768558951965 -0.000658028036063301 0
2428 0.04938251672345181 -0.000648831525156122 0
2429 0.0356672301328653 -0.002377284407093293 0
2430 0.03663950939870274 -0.001461836456089257 0
2431 0.07921365467395225 -0.0003290557802581341 0
2432 0.07904797827582669 -0.0006643494310581309 0
2433 0.03836113253583569 -0.002484542362312057 0
2434 0.04557958191030993 -0.000642413970869437 0
2435 0.03338606550530915 -0.002369860421754369 0
2436 0.07007853830694949 -0.003171105433805351 0
2437 0.04975001627501818 -0.001274818554538568 0
2438 0.0539172931740315 -0.001321242739042154 0
2439 0.0263227300986688 -0.001301378154541591 0
2440 0.04425978589203326 -0.000328687541686975 0
2441 0.03249000302258038 -0.0003270402571590588 0
2442 0.0328557773835506 -0.003181311195244239 0
2443 0.05050806934115484 -0.001281355112069271 0
2444 0.06173886775275109 -0.003161330467050572 0
2445 0.06192144345634098 -0.002824314180086787 0
2446 0.04120307660254033 -0.001495352324932894 0
2447 0.05147631359782617 -0.0003236818909695216 0
2448 0.05375902047640066 -0.003171146396164545 0
2449 0.05414298614896845 -0.003195913441857445 0
2450 0.03856113537117892 -0.0003284997641938906 0
2451 0.03628129158014566 -0.0003286370758742874 0
2452 0.0364677956761271 -0.0006632736135815096 0
2453 0.03665951715008241 -0.0009696091988491457 0
2454 0.05277733230171816 -0.001307005781943452 0
2455 0.05223799126637568 -0.003172483811842019 0
2456 0.035310046634041 -0.002879272386014303 0
2457 0.0421322531633431 -0.00117430476536547 0
2458 0.04404973248875331 -0.001215061195548029 0
2459 0.04192166746446788 -0.002162549895414221 0
2460 0.03590156455303854 -0.0003284316824230442 0
2461 0.04328762086927945 -0.001199015170260272 0
2462 0.04670979240492216 -0.001242572623815219 0
2463 0.03894026844500462 -0.003193198560137628 0
2464 0.02222492112761108 -0.003174287336568725 0
2465 0.02374393436528259 -0.003181027381042454 0
2466 0.0689534813199025 -0.003173886715788519 0
2467 0.05564776447963988 -0.0003336555573988558 0
2468 0.07671235420648864 -0.00226199402183411 0
2469 0.08225816062279737 -0.003183253404493015 0
2470 0.08245172667928653 -0.002905279712490766 0
2471 0.05600150557804708 -0.002309796749468962 0
2472 0.07462445449957372 -0.001259396989760428 0
2473 0.03399995654305264 -0.0003277736127034888 0
2474 0.07617133087655677 -0.00317195067756257 0
2475 0.07597008506170017 -0.002852804087488814 0
2476 0.07634381854039107 -0.00286443315416624 0
2477 0.0343684475580996 -0.0003211868665236176 0
2478 0.05201714434975227 -0.001299199257222405 0
2479 0.05674823119184495 -0.002350226954370772 0
2480 0.02332358832757353 -0.001254962707448964 0
2481 0.00627614404963682 -0.0003591274413551984 0
2482 0.05961482903036767 -0.001393359326527982 0
2483 0.03262630405104944 -0.00236000847026091 0
2484 0.03685054922649335 -0.000655996823108682 0
2485 0.08202450186669882 -0.002313330207113287 0
2486 0.06453516541041944 -0.001446276300371104 0
2487 0.07693351999670955 -0.0003199201460436004 0
2488 0.06666963923092015 -0.0003022944397894696 0
2489 0.03186654259678972 -0.002350156518767466 0
2490 0.02996840586267311 -0.00230897819786623 0
2491 0.0307414737464601 -0.002324923956074151 0
2492 0.0716135371179039 -0.0003290140180316481 0
2493 0.05772099586208854 -0.001371160451851663 0
2494 0.07993579940869665 -0.001321761590359437 0
2495 0.05999401202616398 -0.001398966589717991 0
2496 0.02806773377467893 -0.002301016356631103 0
2497 0.02825340966892109 -0.002632346109276333 0
2498 0.02920737750688077 -0.002315674688540487 0
2499 0.02351257608833855 -0.002232847316820225 0
2500 0.05902898974521495 -0.00237811279422584 0
2501 0.02447125388063482 -0.001268867448604994 0
2502 0.06910693684180505 -0.002175099807113562 0
2503 0.06208143105458788 -0.002425470772722294 0
2504 0.077661282119041 -0.001298306353902058 0
2505 0.06359222752937711 -0.002446360603836148 0
2506 0.07386210879809441 -0.001263265911026306 0
2507 0.07271290957789162 -0.001244585278263484 0
2508 0.06891358326417717 -0.001217203486635584 0
2509 0.0742729257641921 -0.0003290140180315752 0
2510 0.07413379038662847 -0.0006540252635730286 0
2511 0.02428539510735818 -0.0009466255859845239 0
2512 0.07254201923632052 -0.0006696932273676792 0
2513 0.02521448398000466 -0.002585286817694889 0
2514 0.02540861293550582 -0.002264022875735058 0
2515 0.06245588298897961 -0.002418204040110727 0
2516 0.0740449728737109 -0.002230333179887087 0
2517 0.08030700622333514 -0.002633120134767868 0
2518 0.07368570685852281 -0.002855101938364675 0
2519 0.06626707850271725 -0.001151025523333816 0
2520 0.02275204232738536 -0.002226210170075715 0
2521 0.07446288209606976 -0.0006580280360630642 0
2522 0.08049980770968174 -0.002322708694139719 0
2523 0.08279453301995848 -0.002341051797286409 0
2524 0.07556207644408769 -0.00225435475245599 0
2525 0.08168122270742334 -0.0006580280360631481 0
2526 0.07880069535928805 -0.001320535557416948 0
2527 0.07841860853769515 -0.002604607484613621 0
2528 0.07822052334690242 -0.00229315283966037 0
2529 0.075942480299417 -0.002249008689692626 0
2530 0.06646128488641712 -0.0008245021511048253 0
2531 0.02161873487698646 -0.002213690857197027 0
2532 0.0199472185307418 -0.0003241529724615445 0
2533 0.01800353790705346 -0.001199999578788818 0
2534 0.017059726142961 -0.001500082600188046 0
2535 0.01781318574021335 -0.002168206256841557 0
2536 0.01819483058776807 -0.002171483001603861 0
2537 0.01686522330442577 -0.002483710551084352 0
2538 0.01629996639689404 -0.001490317688452725 0
2539 0.01158947951443474 -0.0003295904052804171 0
2540 0.008883224018082336 -0.002362689749928433 0
2541 0.006929197319259325 -0.002332733938506192 0
2542 0.006158522660559648 -0.002325598895205974 0
2543 0.003980282371645424 -0.0009907702399398737 0
2544 0.003609590145047727 -0.000987077729766921 0
2545 0.08183634231350875 -0.00134378390179286 0
2546 0.08392376203532494 -0.002359692189709202 0
2547 0.08487245823264136 -0.002662309739890921 0
2548 0.07274873593411814 -0.003180080967671008 0
2549 0.002791159061634289 -0.002272382084794902 0
2550 0.08412370747662207 -0.001384546842273585 0
2551 0.0640152838427947 -0.0003277430281823177 0
2552 0.001679100160411021 -0.002267536108801459 0
2553 0.04097093447015224 -0.002471765859709844 0
2554 0.08261047159258848 -0.0007067487487894756 0
2555 0.06284647065065012 -0.001107633592131041 0
2556 0.005405425373744797 -0.00228277603080702 0
2557 0.002077448925865845 -0.0009881271275985902 0
2558 0.06591484716157209 -0.003173249076846178 0
2559 0.003769653740796637 -0.001327583683799734 0
2560 0.01728127243092741 -0.003170492320616667 0
2561 0.08670220559435358 -0.002612709627273585 0
2562 0.08670619812754712 -0.001920485807577924 0
2563 0.08525536484569907 -0.00140970689553907 0
2564 0.07292006056017881 -0.002855702630197133 0
2565 0.08670253841078507 -0.001261676691367351 0
2566 0.05650710318299482 -0.002626202543200685 0
2567 0.08505500361985208 -0.002373498292284671 0
2568 0.05410925695916831 -0.0009951938885664937 0
2569 0.04141048034934508 -0.002846427822983363 0
2570 0.0822541177731604 -0.0003533870357240419 0
2571 0.0227795851623925 -0.002858843373683892 0
2572 0.01765028901938876 -0.00316569426475686 0
2573 0.05145888959516089 -0.0009680375462767429 0
2574 0.06135589519650653 -0.0003235497442380046 0
2575 0.06893687212331252 -0.002519200465089128 0
2576 0.06018566261888243 -0.001074439967042348 0
2577 0.05906574818197523 -0.0003520595892549893 0
2578 0.003423280115855833 -0.000656732977207771 0
2579 0.0850744886124081 -0.001089786885584035 0
2580 0.05337242595530772 -0.0003259328612466859 0
2581 0.003232284056737714 -0.0003289577092527543 0
2582 0.04179920888353925 -0.002848545664244236 0
2583 0.05714892238603603 -0.002972957949060668 0
2584 0.0579271241046099 -0.000351122126701231 0
2585 0.01839455700552509 -0.002503514803700149 0
2586 0.06913082760792316 -0.002840560246700273 0
2587 0.0816345848416333 -0.001019366077325756 0
2588 0.0548752983856871 -0.0003375226384734066 0
2589 0.05299367005486529 -0.0003243169184346149 0
2590 0.01137933471616764 -0.001358888711316637 0
2591 0.06156421088331826 -0.002756830772161167 0
2592 0.0587868741385985 -0.00264618507986919 0
2593 0.00806634093846316 -0.002303855838656104 0
2594 0.01896838283498746 -0.002184337206599124 0
2595 0.08125369346858552 -0.001024746475175561 0
2596 0.0030141801536906 -0.001326787329509545 0
2597 0.04229507280489742 -0.002165438955889487 0
2598 0.06971107608599653 -0.003179548354296983 0
2599 0.05279343187821385 -0.0006547797428555311 0
2600 0.01917056994063375 -0.002513818908260204 0
2601 0.06723707499767528 -0.00216430080593474 0
2602 0.003232455973059031 -0.0009885437680772716 0
2603 0.05696811129862646 -0.001356682513874902 0
2604 0.04276077230175915 -0.002518743390515635 0
2605 0.0525924326892425 -0.0009852512807080245 0
2606 0.05942006138003089 -0.002994714900983921 0
2607 0.008725686450801108 -0.0006509245668553723 0
2608 0.02486772404608653 -0.003191834142432631 0
2609 0.06324141958392811 -0.001115743045278269 0
2610 0.07541119475991186 -0.003187989058263579 0
2611 0.00833761026269874 -0.001341568722706724 0
2612 0.08074998991921657 -0.0003288498321499791 0
2613 0.07024636547425056 -0.002838803437365468 0
2614 0.009100006684367862 -0.002874188251905272 0
2615 0.01972062898052334 -0.002183802588146089 0
2616 0.02980494101035591 -0.0006476915810828554 0
2617 0.05221127748086708 -0.0009852767469841765 0
2618 0.007232720693976513 -0.0006497264162657723 0
2619 0.0430775058112236 -0.00214984872923369 0
2620 0.06744768336360292 -0.003178924573086192 0
2621 0.07558312152394729 -0.002867084624572505 0
2622 0.0803512194110584 -0.0003726127100917521 0
2623 0.06058059855402007 -0.001087226646933547 0
2624 0.07063406019805928 -0.002848906597888053 0
2625 0.02010868905940517 -0.002193441091715957 0
2626 0.02944323144104792 -0.0003102521125218833 0
2627 0.06227744434879462 -0.002763903125725107 0
2628 0.004917875490815488 -0.001322688986224843 0
2629 0.05183666854814313 -0.0009753002036316076 0
2630 0.04343710777124021 -0.002159195359372465 0
2631 0.05467144279625982 -0.001343045630115141 0
2632 0.04860210177995437 -0.001266533927011163 0
2633 0.08666292739986553 -0.0005568113547858181 0
2634 0.00264090033598148 -0.001320443459957226 0
2635 0.07083760249626905 -0.003175124551988527 0
2636 0.08666093155059348 -0.002960440412954258 0
2637 0.0203115800247802 -0.002519554944777011 0
2638 0.05128531671195996 -0.000639273103038357 0
2639 0.02909669570601086 -0.000329046690546558 0
2640 0.06247374488161645 -0.00311410472666833 0
2641 0.07972448949460134 -0.001002861396182321 0
2642 0.04392793181318479 -0.002508842840052291 0
2643 0.06495219127864529 -0.002804966478526238 0
2644 0.0123127401745944 -0.002432035319555434 0
2645 0.05754331844688064 -0.001023032691492989 0
2646 0.07139441672254911 -0.002856713442095844 0
2647 0.02086926383466883 -0.00220218310355053 0
2648 0.02679186220640883 -0.003185388865473216 0
2649 0.03092928440309025 -0.001365714506363282 0
2650 0.0509064070300318 -0.0006389893429180659 0
2651 0.02866565397162277 -0.0006996658312507823 0
2652 0.07936197298059086 -0.001011398248479503 0
2653 0.06361225502913963 -0.00314710851896265 0
2654 0.04416836266957837 -0.002179011505196662 0
2655 0.06836469019633272 -0.002187116236248908 0
2656 0.01288009369415666 -0.001456259429365756 0
2657 0.05718585094287413 -0.0003221140498387948 0
2658 0.07160208542077096 -0.003184496278314006 0
2659 0.01290314675820068 -0.002824460229379378 0
2660 0.01459710683695953 -0.002467142064403969 0
2661 0.02106830460580337 -0.002526927093155571 0
2662 0.04746975363700196 -0.001256476550965824 0
2663 0.05071216014144556 -0.000962275788177221 0
2664 0.066109155739071 -0.00213408103263998 0
2665 0.07898126884565793 -0.001009819652987454 0
2666 0.06136899036985681 -0.003149479643626695 0
2667 0.04469459027781641 -0.002512248426414223 0
2668 0.07807898174890537 -0.003189868857101673 0
2669 0.06950472788774284 -0.002840810426701039 0
2670 0.07215484773392729 -0.002863626797161946 0
2671 0.005293848633075887 -0.000643631000445344 0
2672 0.05033428555015091 -0.000960647906313095 0
2673 0.06669192410495529 -0.002474895555058163 0
2674 0.01518159047489234 -0.002833773115277957 0
2675 0.02782217529304485 -0.001303101734115695 0
2676 0.01669113637532224 -0.002823693094989446 0
2677 0.02144077529500081 -0.00253023054171085 0
2678 0.04492909378824821 -0.002185256455489359 0
2679 0.06362268361380494 -0.001155348848963279 0
2680 0.07236384574398064 -0.0031877210849311 0
2681 0.02165502183406119 -0.002872943862249837 0
2682 0.07846501135345633 -0.0003097399021094393 0
2683 0.04995658534102418 -0.0009575130330306738 0
2684 0.02756648125624765 -0.0009750216132616126 0
2685 0.06782159392473544 -0.003188545011339096 0
2686 0.04545578240886473 -0.002513741903235473 0
2687 0.0664762025806811 -0.002131863741191348 0
2688 0.07920366323487438 -0.003196933667911856 0
2689 0.07309538626794268 -0.00253313215481884 0
2690 0.02203493449781663 -0.002875519009824664 0
2691 0.05736591717191541 -0.0006743734226367906 0
2692 0.07807070771501901 -0.0003658503954610151 0
2693 0.0495654302565364 -0.0009637628537425754 0
2694 0.02712489193553118 -0.001375034513315297 0
2695 0.01365506650087833 -0.0006832541424346985 0
2696 0.06097165132380393 -0.001135790386787016 0
2697 0.04572698653935964 -0.002171144037587895 0
2698 0.07347686871244316 -0.00253366783456298 0
2699 0.02240604380154625 -0.002867636189171262 0
2700 0.04918870981211417 -0.000963197711773244 0
2701 0.02925670767057836 -0.002868758724606653 0
2702 0.02677726440399614 -0.0009073144238769957 0
2703 0.07741474211031221 -0.0009729041021272678 0
2704 0.04608580826774347 -0.002183997812290584 0
2705 0.05447750094708823 -0.001001216896801354 0
2706 0.02294158940571334 -0.002531009541795613 0
2707 0.073866384347061 -0.002548960306436022 0
2708 0.04898637227977611 -0.001273269325176328 0
2709 0.02642881176264365 -0.0009567134564530269 0
2710 0.04480873966454631 -0.001233971988688616 0
2711 0.07708846974521283 -0.001035596812286437 0
2712 0.04659572859767263 -0.00251671112908617 0
2713 0.04842032085143091 -0.0009590819051642754 0
2714 0.0233353240418685 -0.002550303253741532 0
2715 0.07407444028548046 -0.002872101472257908 0
2716 0.01402013547026006 -0.001502692383377639 0
2717 0.02594566456185773 -0.001305261258081058 0
2718 0.06118737660438412 -0.0006028904742205953 0
2719 0.0767568896990284 -0.0005857752639813094 0
2720 0.08147181354927381 -0.003208399712111937 0
2721 0.0468667103726327 -0.002178039885941998 0
2722 0.0480465079171151 -0.0009578222119775526 0
2723 0.03132078861578215 -0.003209415059152683 0
2724 0.02354563061226613 -0.00287372942844046 0
2725 0.07444873726502838 -0.002875796786273152 0
2726 0.006669771595916564 -0.0003061467664944512 0
2727 0.0002773555438531222 -0.001562183050889803 0
2728 0.04722547206236077 -0.002191514506736383 0
2729 0.01330055185016841 -0.001474383420619029 0
2730 0.06382627367884085 -0.0006111983870938917 0
2731 0.02391927598949658 -0.002877626213517946 0
2732 0.04784598952271075 -0.001262917464723307 0
2733 0.05429710572909851 -0.0006569403999503931 0
2734 0.02548738694289791 -0.0006420586562536886 0
2735 0.009462851065318995 -0.001447406577213493 0
2736 0.01363947072015723 -0.001076178762040192 0
2737 0.07482191869186872 -0.00288497552061604 0
2738 0.07617248908296947 -0.0002818387572651616 0
2739 0.08204423283758916 -0.002896142637818144 0
2740 0.03190851664342898 -0.002883352743327031 0
2741 0.04729638011526127 -0.0009416152231026111 0
2742 0.04773436924374905 -0.002524091247189531 0
2743 0.07502630531967083 -0.003199607487955019 0
2744 0.06856136833923537 -0.002520534152637993 0
2745 0.02429124004274633 -0.002885979855163401 0
2746 0.07580704911227354 -0.0002905734898964115 0
2747 0.0757606165577653 -0.002554806255698744 0
2748 0.006043869463206675 -0.001407012849695287 0
2749 0.08337012875121259 -0.003220768200254561 0
2750 0.02489687090856557 -0.000294989876725838 0
2751 0.04798963141852018 -0.002204638096058139 0
2752 0.02449152307141385 -0.003191767869753062 0
2753 0.04691711849611988 -0.0009382391716988939 0
2754 0.07539457809937625 -0.0006947338728551698 0
2755 0.02502980515620249 -0.002873930788111644 0
2756 0.0349352443665784 -0.0006287143659511254 0
2757 0.0002514395934655328 -0.00227027782398862 0
2758 0.04228821318112491 -0.0008666703530123125 0
2759 0.0244716267264655 -0.0006937425630527566 0
2760 0.04843779052061943 -0.002598143700220568 0
2761 0.07615044676549915 -0.002558039523632623 0
2762 0.0845914707515439 -0.003232120295570386 0
2763 0.04653563116617394 -0.0009383260588606573 0
2764 0.009081335745617036 -0.0006291830252226278 0
2765 0.01285618555366451 -0.0005087417531291914 0
2766 0.07500894844104286 -0.0002913228729969789 0
2767 0.06801443107680256 -0.002863683584792198 0
2768 0.04214478972920443 -0.0005712717194845697 0
2769 0.02411908246763603 -0.0002416172371155951 0
2770 0.02540433950159983 -0.002871460905126124 0
2771 0.07652109150094884 -0.002564893765406598 0
2772 0.0487841647898178 -0.002161874339424343 0
2773 0.04615561063046317 -0.0009364273324175213 0
2774 0.0009281542628562373 -0.002838705804135365 0
2775 0.08601754159779509 -0.0008454343040988496 0
2776 0.0257835246635468 -0.002873936130901425 0
2777 0.02374793965433525 -0.0003439445995768917 0
2778 0.04538884513957806 -0.0009429584729663729 0
2779 0.07671521133263713 -0.002873967462722163 0
2780 0.07441843558537112 -0.0009744033924284172 0
2781 0.04577138809368257 -0.0009386058125682606 0
2782 0.04918143921598578 -0.002586515284553638 0
2783 0.0002962637276377744 -0.002992318829026256 0
2784 0.06136153335342261 -0.002411773472467542 0
2785 0.02616461608624196 -0.002882139617941616 0
2786 0.0771009651304401 -0.002889143118092951 0
2787 0.07403774054594375 -0.0009692188954089893 0
2788 0.03929375796006089 -0.001518619143253034 0
2789 0.000555702835179514 -0.003228889351658283 0
2790 0.02315152206616361 -0.0009950432703602127 0
2791 0.07747100002954546 -0.002898756855442076 0
2792 0.04996902316269114 -0.00322490403420046 0
2793 0.02636748241839737 -0.003196647041275215 0
2794 0.04519249356668244 -0.001244142001027303 0
2795 0.02692040475915427 -0.002879030657917581 0
2796 0.03634591218146568 -0.002569427997562795 0
2797 0.04463662837564347 -0.0009252006407416142 0
2798 0.01325454507090847 -0.0005875963831867054 0
2799 0.07352580251854879 -0.0002835907203704426 0
2800 0.03807945591298725 -0.001500288234961234 0
2801 0.07766912744804126 -0.003199745481924239 0
2802 0.02256548214847872 -0.001325805875104099 0
2803 0.001473002700339912 -0.002556640074166283 0
2804 0.03149555206503991 -0.0006173679051583139 0
2805 0.07824610479718466 -0.002904076229210778 0
2806 0.03072170143725889 -0.001072151408636401 0
2807 0.05043910446284836 -0.002556790049857905 0
2808 0.07311613535382888 -0.0006688922209911836 0
2809 0.02730034091264986 -0.002879682270739213 0
2810 0.04425544707595184 -0.0009246926868871636 0
2811 0.02221165955106543 -0.0008997496205684147 0
2812 0.03872073422912297 -0.002355422504888711 0
2813 0.07861319054127858 -0.002909351620733436 0
2814 0.01406731958271917 -0.0006101104670201006 0
2815 0.02768339916869284 -0.002886135591771203 0
2816 0.04387414815205594 -0.0009243606087987075 0
2817 0.02182006254353497 -0.001321763889353213 0
2818 0.005657004000337036 -0.0006174869115545178 0
2819 0.07254245855806865 -0.0009917648427269622 0
2820 0.05104362595929562 -0.00222085648430435 0
2821 0.04033750869751634 -0.002857976482307069 0
2822 0.07881996603156996 -0.003202757769978797 0
2823 0.04349379827971675 -0.0009213804789042955 0
2824 0.02806342247409359 -0.002888731450271557 0
2825 0.02146982493444533 -0.0008924989316006545 0
2826 0.03541689236632159 -0.001472066970219624 0
2827 0.07935749367281193 -0.002895342662830279 0
2828 0.05148423564945642 -0.00261021184778188 0
2829 0.04159135897681976 -0.0002793356102523273 0
2830 0.00188890965018533 -0.002947634854515236 0
2831 0.03452543198569181 -0.0006238113633853996 0
2832 0.0719572452816245 -0.001315123228351143 0
2833 0.04311383935917082 -0.0009189568923561758 0
2834 0.02844464039428399 -0.002892957514290141 0
2835 0.02100971033451426 -0.001266561235197017 0
2836 0.05183058659395524 -0.002185742486304646 0
2837 0.04205063310753283 -0.002534965330959232 0
2838 0.07160066951498437 -0.0008944644461479788 0
2839 0.04273119881731051 -0.0009078506485026849 0
2840 0.02884041214754963 -0.00289123624083279 0
2841 0.07973587043264152 -0.002895868640831798 0
2842 0.02940087741018574 -0.002574843446340783 0
2843 0.04101824848740248 -0.0006096359510628967 0
2844 0.03034655203316308 -0.001075148288594546 0
2845 0.05022110133602078 -0.002884356929247349 0
2846 0.0206714183852474 -0.00131942888849463 0
2847 0.03351156601513056 -0.001399189377435199 0
2848 0.04196755681010692 -0.0002834056542518391 0
2849 0.05222823533827384 -0.002606802533882548 0
2850 0.071211739314978 -0.001311023729749291 0
2851 0.08011667728689489 -0.002899324901234928 0
2852 0.08637887598419131 -0.0008794625847741181 0
2853 0.002483638753359031 -0.003235417963206247 0
2854 0.04101843191778801 -0.001200019346656658 0
2855 0.02033430911246163 -0.0008893119512106646 0
2856 0.05080187100842909 -0.002546006030662034 0
2857 0.0808880346083405 -0.002923742791865071 0
2858 0.05259038770884025 -0.002191887908875493 0
2859 0.0002486331352733046 -0.0009343690649892175 0
2860 0.07086170078868043 -0.0008867709088479448 0
2861 0.08646432348135884 -0.001749999999999977 0
2862 0.08050529657127389 -0.002909383753987631 0
2863 0.02977915760084196 -0.002572922531358644 0
2864 0.03058253321690753 -0.002619693756684486 0
2865 0.01986999972721167 -0.0012595185411372 0
2866 0.05299060481707923 -0.002605755848209928 0
2867 0.03169654112962594 -0.001456391557850944 0
2868 0.0002872098530546305 -0.0004012937010184805 0
2869 0.04139278813754643 -0.0005809872976665902 0
2870 0.07040111133302336 -0.00125832939772759 0
2871 0.03017884306500898 -0.00259514041526706 0
2872 0.03077184415167496 -0.002936963405996392 0
2873 0.01953171909331106 -0.001311422147235314 0
2874 0.03987568107223281 -0.00124409380095074 0
2875 0.05334887818584098 -0.002183144360257493 0
2876 0.009061965320970776 -0.001416263515688577 0
2877 0.08166035571653618 -0.002913790080606502 0
2878 0.08109703933108535 -0.003211173160263931 0
2879 0.07006284870626452 -0.001310045373477621 0
2880 0.00690999323356116 -0.0006575486842605703 0
2881 0.082645728739875 -0.002634027431246723 0
2882 0.01917979065956468 -0.0008905593913739287 0
2883 0.086459990589177 -0.002420596422632746 0
2884 0.05368221239833257 -0.002233670811144946 0
2885 0.001227140275395958 -0.002883492770936438 0
2886 0.003166514759940654 -0.002254928401061439 0
2887 0.0822366632459616 -0.002614349564900183 0
2888 0.06972085293209461 -0.0008876969905418976 0
2889 0.08282811498359649 -0.002949527680507685 0
2890 0.01878403947804903 -0.001290874902418314 0
2891 0.08100485040160009 -0.0007112330757006726 0
2892 0.03873739668837135 -0.001251498012313468 0
2893 0.02514444813547533 -0.0006343548240376146 0
2894 0.02571455351109935 -0.0009758182386715426 0
2895 0.04065065502183392 -0.00122102231759435 0
2896 0.03151072473420506 -0.002914231299751087 0
2897 0.00361491058158174 -0.002616687167442329 0
2898 0.0309539162617089 -0.003213205734911905 0
2899 0.01441506355382767 -0.0005681704125570031 0
2900 0.05435394684825952 -0.002931130375216528 0
2901 0.06929420264781386 -0.001266442756366385 0
2902 0.005609095380382081 -0.001390882096376131 0
2903 0.07644467362340501 -0.0006545448224246021 0
2904 0.01844680739979808 -0.0008692952885349376 0
2905 0.002714454470610243 -0.002904301649985648 0
2906 0.0402636416677738 -0.001228295469037507 0
2907 0.03207134293708176 -0.002610053947139306 0
2908 0.07872319288335264 -0.0006814556814554013 0
2909 0.003955835563767385 -0.002192110583370248 0
2910 0.0839291445587298 -0.002960759648538145 0
2911 0.05488709357813856 -0.003274365042821018 0
2912 0.07378467051240006 -0.0006289910255044833 0
2913 0.002922248840107874 -0.002580019753430524 0
2914 0.004310420449843352 -0.002231596081497763 0
2915 0.0685598784839499 -0.0002148654934424239 0
2916 0.00943262890341811 -0.0005880731698938693 0
2917 0.05523302452298851 -0.002863356900384327 0
2918 0.08355569094743245 -0.002947336972510898 0
2919 0.01766593886462872 -0.000226122825943067 0
2920 0.03967887287586777 -0.00153015064948644 0
2921 0.03910955431282098 -0.001242402633383577 0
2922 0.08300480458348179 -0.003219760452137711 0
2923 0.03244888945978044 -0.002609350657763568 0
2924 0.06398644799006761 -0.001225281871328127 0
2925 0.00475142242551594 -0.002622339400658784 0
2926 0.06822428356801204 -0.0002556193574050371 0
2927 0.05559259635178714 -0.002889177289901889 0
2928 0.01721451064762526 -0.0005763499739577101 0
2929 0.03599485123163345 -0.00125457938329284 0
2930 0.03282658851719945 -0.002611292560421411 0
2931 0.08584927478033855 -0.0005663849850027496 0
2932 0.005084012914036519 -0.002213926483092443 0
2933 0.06778462485845674 -0.0006233382640473246 0
2934 0.034729138410273 -0.001503920534427187 0
2935 0.06081028450520162 -0.002346837933632055 0
2936 0.009925275263465851 -0.0006067149666839655 0
2937 0.0168775406230682 -0.000625194614366903 0
2938 0.08506738395861328 -0.002931752400523538 0
2939 0.03320688130121047 -0.002612304856621988 0
2940 0.08468332331561497 -0.002935882942627002 0
2941 0.005523222369391179 -0.002601105535355279 0
2942 0.03013773220083116 -0.0007766536813935984 0
2943 0.0002574103913691728 -0.003251780995935542 0
2944 0.05619119830572134 -0.002548984812127462 0
2945 0.08674137676167509 -0.003250464493313778 0
2946 0.08674128473022236 -0.000249635403584389 0
2947 0.08407333672855741 -0.003243522922438583 0
2948 0.06743449781659386 -0.0002187530243586411 0
2949 0.08547027566407138 -0.0005603476976483285 0
2950 0.08545649158380139 -0.002941417240356097 0
2951 0.0385850489435452 -0.001526986544608948 0
2952 0.03798496303138214 -0.001214398998801061 0
2953 0.01652620087336235 -0.0002177321485480259 0
2954 0.03358628977185012 -0.002615667253641784 0
2955 0.05659351942919222 -0.002931289185787236 0
2956 0.08623928786364468 -0.002964316228297922 0
2957 0.01275065541369817 -0.0002262503145128521 0
2958 0.08584946380276824 -0.002953793550298389 0
2959 0.00589689472914337 -0.002618251877184766 0
2960 0.03413804134599664 -0.001265516373292587 0
2961 0.08509309316346793 -0.0005501543608575855 0
2962 0.03690984411337833 -0.002356770206229803 0
2963 0.03396548988431645 -0.002619547400458015 0
2964 0.05721735934993227 -0.003251890677389839 0
2965 0.08199340806421752 -0.0006008016307587076 0
2966 0.06905557061271106 -0.0009272111760501079 0
2967 0.006284195456448108 -0.00261512568140129 0
2968 0.01814720201254402 -0.0009029915156216388 0
2969 0.03760380122547852 -0.001216646033063996 0
2970 0.03434583146676057 -0.002621634355754531 0
2971 0.06648392497297954 -0.0005333864560618229 0
2972 0.01387593592645497 -0.001243824411483201 0
2973 0.01796780274010848 -0.0006363713534187408 0
2974 0.06887083869989831 -0.0006208366422683221 0
2975 0.05587877712396012 -0.00295167329814811 0
2976 0.01225331954632834 -0.0002708784449916048 0
2977 0.006660748827609614 -0.002621143244039032 0
2978 0.03722219556028653 -0.001219176313566765 0
2979 0.08008210564680848 -0.0005973613193407386 0
2980 0.05755676855895206 -0.0032899404497806 0
2981 0.02839449600974475 -0.0006136396640551787 0
2982 0.03472642420586768 -0.002623209853790841 0
2983 0.032013773139204 -0.0006070586920901054 0
2984 0.03875109170305686 -0.002962026572798227 0
2985 0.03684447860077981 -0.001208552662113412 0
2986 0.007071805967632641 -0.002607854481000807 0
2987 0.06592129237763761 -0.0002209154664500549 0
2988 0.05787557145603611 -0.002896281722524797 0
2989 0.03510598254403104 -0.002626334678194245 0
2990 0.07285961531000813 -0.0005885868569002202 0
2991 0.07781110624294181 -0.0005923315436284836 0
2992 0.03648694561723018 -0.001198581667381112 0
2993 0.007408759967142145 -0.002643637577981026 0
2994 0.06555762612663538 -0.0002485281587190742 0
2995 0.03548230267371659 -0.00261750111673804 0
2996 0.006022594229219518 -0.0005736357729128894 0
2997 0.07476357320845724 -0.0005750028769753062 0
2998 0.0722845907457411 -0.0009133721686792528 0
2999 0.02821372753707494 -0.000910725649866875 0
3000 0.03972769981296034 -0.002731161812514718 0
3001 0.05845983531395562 -0.002568361318134915 0
3002 0.06132698697296195 -0.001213621314372759 0
3003 0.03640859987290668 -0.002307558429062734 0
3004 0.007741515190473981 -0.002239509136061019 0
3005 0.02288478013611724 -0.0009189105490265046 0
3006 0.08644483356363031 -0.001166928942313788 0
3007 0.06513431963234956 -0.000605421353645841 0
3008 0.05887293493355005 -0.002946571082321741 0
3009 0.03585267612860455 -0.002603473307192047 0
3010 0.008189256765494535 -0.002606926335853146 0
3011 0.02348005298962287 -0.0005806067657315134 0
3012 0.08471442381613863 -0.0005390948548827535 0
3013 0.03593496666790275 -0.001490141978097514 0
3014 0.06325640730836486 -0.0002149382801477696 0
3015 0.03535161816825291 -0.001207964694305696 0
3016 0.008896635927832568 -0.002660344418421706 0
3017 0.06683948033988518 -0.0009593928317031678 0
3018 0.06478215140521265 -0.0002119556198100015 0
3019 0.05948079424903562 -0.003275556679596218 0
3020 0.03020308720933507 -0.0002044277652274232 0
3021 0.08433794723284535 -0.0005278918884799864 0
3022 0.008586934721182576 -0.002615147312924866 0
3023 0.05814339331130436 -0.002959100790939167 0
3024 0.06709406080773388 -0.0005968844371112682 0
3025 0.0005070586701424878 -0.001359408214572908 0
3026 0.08397879049108442 -0.0005239781867279307 0
3027 0.01338644923184355 -0.001214674482845874 0
3028 0.05983624454148485 -0.003306894237422648 0
3029 0.03697058110003332 -0.002593075831540638 0
3030 0.01617190587242219 -0.0005985152681589868 0
3031 0.06616892583663578 -0.0005409363629291077 0
3032 0.0494259486018753 -0.002503219126219519 0
3033 0.009253492656212364 -0.002266148860954274 0
3034 0.0001794390716683136 -0.0001749999999998632 0
3035 0.06065112839910898 -0.002653039694955435 0
3036 0.05402155850985929 -0.002578419195263966 0
3037 0.002142965991355807 -0.002868361765582305 0
3038 0.08357043793348273 -0.0005265399052539301 0
3039 0.03210262008733614 0.0003290140180316349 0
3040 0.02868340611353701 0.0003290140180316323 0
3041 0.02487600649898467 0.000305184086241571 0
3042 0.02298471615720506 0.0003290140180320672 0
3043 0.02184497816593849 0.0003290140180319757 0
3044 0.01918558951965108 0.0003290140180326612 0
3045 0.01652742157207297 0.0003280553103121935 0
3046 0.01462663755176619 0.0003290140274418072 0
3047 0.01348689955897677 0.0003290140213367352 0
3048 0.01157930706012594 0.0003405985995556327 0
3049 0.006268562434734275 0.0003290152340153386 0
3050 0.0051288335775889 0.0003290182082689398 0
3051 0.003229276244361437 0.0003290197439492571 0
3052 0.08376079308995724 0.0003455366190886838 0
3053 0.08262774412773616 0.0002933635530206252 0
3054 0.08110022575279942 0.0003031887393648033 0
3055 0.07996313373597773 0.0002877276955324697 0
3056 0.07882171609650718 0.0002925700803997752 0
3057 0.07767602387241805 0.0003001942652078547 0
3058 0.07615813591071373 0.0003155105288342806 0
3059 0.07502431529496517 0.0003045177288918885 0
3060 0.07351310043668122 0.0003290140180316349 0
3061 0.07237336244541483 0.0003290140180316383 0
3062 0.07124736001710205 0.003201920134435082 0
3063 0.07008949499375908 0.0003197523377579212 0
3064 0.06895414847161568 0.0003290140180316349 0
3065 0.06744955949136454 0.0003336406642379264 0
3066 0.06588845162228253 0.0003481235389073336 0
3067 0.06477510917030564 0.0003290140180316349 0
3068 0.0636228497055423 0.0003602314069245484 0
3069 0.05982425362511801 0.0003815955874414791 0
3070 0.04122052401746714 0.0003277757275882214 0
3071 0.03818122270742347 0.0003290140180316388 0
3072 0.03666157205240163 0.0003097334369933263 0
3073 0.03476200873362434 0.0003290140180316349 0
3074 0.03362227074235798 0.0003290140180316353 0
3075 0.02715835738437703 0.0003205494695906685 0
3076 0.01804585152838397 0.0003290140180327 0
3077 0.01043597933031949 0.0003223059045868962 0
3078 0.00854803519154769 0.0003290140822191999 0
3079 0.002099737593012782 0.0003085936669804997 0
3080 0.02032532751091681 0.003170985981968384 0
3081 0.08491012061019428 0.0002886674403559024 0
3082 0.06209406363740505 0.0003612567996512121 0
3083 0.05869516897501825 0.003178233908533154 0
3084 0.05755181726891301 0.003142359381124196 0
3085 0.05604753137340419 0.003152101174985881 0
3086 0.05376466238159691 0.0003004248412253831 0
3087 0.05185807860262002 0.003170985981968358 0
3088 0.04995851528384272 0.0003290140180316425 0
3089 0.04767903930130997 0.003170985981968354 0
3090 0.04577947598253266 0.0003221688908945132 0
3091 0.04387991266375536 0.003170985981968359 0
3092 0.04236026200873352 0.003170985981968358 0
3093 0.0397008733624453 0.0003290140180316409 0
3094 0.03058296943231431 0.0003290140180316409 0
3095 0.02602401746724881 0.003170985981968359 0
3096 0.0609635396612459 0.003123007763641701 0
3097 0.0548973799126637 0.0003290140180316438 0
3098 0.04881877729257635 0.0003290140180316438 0
3099 0.007408298048222808 0.0003290143825311917 0
3100 0.02944323144104793 0.003170985981968362 0
3101 0.0279235807860261 0.003170985981968368 0
3102 0.03288113022500628 0.003115164019508711 0
3103 0.003989054530081054 0.0031709969250785 0
3104 0.00969873696274938 0.00313402763197916 0
3105 0.01234716157992184 0.00317098597599604 0
3106 0.03552183406113527 0.003170985981968359 0
3107 0.01724296972540474 0.003168749494206366 0
3108 0.03742139737991255 0.00317098598196836 0
3109 0.02412445414847152 0.00317098598196835 0
3110 0.01542635539364394 0.003137195389694674 0
3111 0.03131195413817848 0.00316292932066008 0
3112 0.03894104803493438 0.003170985981968362 0
3113 0.0529978165938864 0.003170985981968359 0
3114 0.04501965065502175 0.003170985981968358 0
3115 0.08185483440376405 0.003181224515107779 0
3116 0.06293100617818631 0.003190417996018431 0
3117 0.05684357326889267 0.0002717237244281576 0
3118 0.04312008733624444 0.0003290140180316442 0
3119 0.0769323144104804 0.003170985981968382 0
3120 0.05071322453848794 0.003182263967582095 0
3121 0.04653930131004358 0.003170985981968355 0
3122 0.04043742814649504 0.003198976926866526 0
3123 0.0681846094193162 0.003191338074993816 0
3124 0.07428686121748135 0.003187975402652189 0
3125 0.06663273250776483 0.003170133954440767 0
3126 0.000288987458040485 0.001941333863624574 0
3127 0.08669689110867546 0.001925000000000002 0
3128 0.002468921105275593 0.00317037026523141 0
3129 0.00586833219969507 0.003179552845447858 0
3130 0.01880567685589671 0.003170985981967564 0
3131 0.01386681222589046 0.003170985980628069 0
3132 0.0222248908296943 0.003170985981968351 0
3133 0.01120740080898761 0.003192759586678313 0
3134 0.008168122155932392 0.003170986180824383 0
3135 0.03438209606986888 0.003170985981968362 0
3136 0.07959599962499303 0.003137363412191879 0
3137 0.069324320662073 0.003183668513364781 0
3138 0.07579975397632306 0.003176122648023845 0
3139 0.0841398293523611 0.003174995218481341 0
3140 0.07846631649607405 0.003169014671880725 0
3141 0.07311486355150915 0.003191046209174702 0
3142 0.06553493449781657 0.003170985981968359 0
3143 0.06395413804947697 0.003155271733729907 0
3144 0.08301091703056769 0.003170985981968359 0
3145 0.08074600156972378 0.003158114269374358 0
3146 0.05413755458515278 0.00317098598196836 0
3147 0.04957831694408184 0.003179409733462893 0
3148 0.05793971093070339 0.0002883525634538324 0
3149 0.05147816593886457 0.000329014018031642 0
3150 0.04729912663755451 0.0003290140180316438 0
3151 0.05261790393013095 0.0003290140180316438 0
3152 0.04463973799126628 0.0003290140180316444 0
3153 0.007045400622950393 0.003180254834167013 0
3154 0.0207052401746724 0.0003290140180316418 0
3155 0.07122735094073564 0.0003217289942834421 0
3156 0.05982440405878805 0.003159788057736148 0
3157 0.06097523847696264 0.0003302148886749499 0
3158 0.02600768338879152 0.0003170207712720854 0
3159 0.0852903930131004 0.003170985981968365 0
3160 0.001326049617919198 0.003171400553376098 0
3161 0.003989119173431144 0.0003290271293084873 0
3162 0.008936650853669015 0.003168025881742989 0
3163 0.00968777287659315 0.0003290139912464837 0
3164 0.01804585152838853 0.003170985981964871 0
3165 0.01047354678741308 0.003164365504272345 0
3166 0.02108515283842787 0.003170985981968359 0
3167 0.01234716157381846 0.000329014018073816 0
3168 0.06481672684725286 0.003138654890113014 0
3169 0.0051400023724745 0.003149135536833298 0
3170 0.07237336244541481 0.003170985981968365 0
3171 0.01994541484716169 0.0003290140180316852 0
3172 0.03552183406113527 0.0003290140180316396 0
3173 0.03210402664879063 0.003144129214214495 0
3174 0.02336462882096058 0.003170985981968354 0
3175 0.0161462882096069 0.003170985981968365 0
3176 0.07046403181213812 0.003176006061089099 0
3177 0.01728602620087594 0.000329014018040197 0
3178 0.03020962094482915 0.003156753070521693 0
3179 0.04159181978381352 0.003205006737572046 0
3180 0.02944323144104793 0.0003290140180316388 0
3181 0.02678384279475972 0.003170985981968362 0
3182 0.07501458017415769 0.003188666690535873 0
3183 0.06745324402267067 0.003168706460508243 0
3184 0.05906359883000958 0.000351036975102813 0
3185 0.04198034934497806 0.0003290140180316427 0
3186 0.03742139737991255 0.0003290140180316388 0
3187 0.02412445414847153 0.0003290140180316409 0
3188 0.06286307092532983 0.0003373886752693069 0
3189 0.02524564066662147 0.00318887940538659 0
3190 0.03362227074235798 0.003170985981968365 0
3191 0.08187117903930133 0.0003290140180316468 0
3192 0.06211572052401741 0.003170985981968359 0
3193 0.03133352445859293 0.0003180842495419847 0
3194 0.01310698689993439 0.003170985981896929 0
3195 0.06819429983864574 0.0003138761726706729 0
3196 0.02866560860569708 0.003184358773534412 0
3197 0.03286244541484706 0.0003290140180316394 0
3198 0.01538874824092881 0.0003455631423971582 0
3199 0.02792358078602612 0.0003290140180316349 0
3200 0.04577178077165187 0.003184062818819738 0
3201 0.03666157205240163 0.003170985981968364 0
3202 0.03894104803493438 0.0003290140180316409 0
3203 0.03818122270742347 0.003170985981968362 0
3204 0.0560202906706804 0.000325262976246823 0
3205 0.08566024040891565 0.000293272581996389 0
3206 0.0568075110629561 0.003168149325337303 0
3207 0.0548973799126637 0.003170985981968355 0
3208 0.04881877729257635 0.003170985981968356 0
3209 0.0431105152998876 0.003176512399735671 0
3210 0.04653930131004358 0.0003290140180316438 0
3211 0.04046069868995622 0.0003289183709300721 0
3212 0.05071834061135364 0.0003290140180316438 0
3213 0.0397008733624453 0.003170985981968358 0
3214 0.01462678470982452 0.003179979717962344 0
3215 0.01956550218340631 0.003170985981968296 0
3216 0.04805895196506543 0.0003290140180316409 0
3217 0.04387991266375536 0.0003267452274943856 0
3218 0.07427292576419212 0.0003290140180316468 0
3219 0.06667036591737883 0.0003344820403147096 0
3220 0.0769148025133419 0.0003160097641677834 0
3221 0.003229302267851911 0.003171108690905485 0
3222 0.07769790713544593 0.003131246854091833 0
3223 0.001311607139001837 0.0003349630156296904 0
3224 0.0002884113566551175 0.001200679235861449 0
3225 0.08670098199646581 0.001228375048200932 0
3226 0.08605026598795598 0.003189587448172195 0
3227 0.0003031088913245522 0.002625000000000053 0
3228 0.08667596148758711 0.002601600949403505 0
3229 0.08643305157475246 0.0002710982730446997 0
3230 0.000576583559632679 0.0003281355054363245 0
3231 0.0005562518398159466 0.00315068692263353 0
3232 0.0009463394599696501 0.003170008791341912 0
3233 0.001135534931746042 0.002848011028198237 0
3234 0.001509765752925676 0.00284375017716319 0
3235 0.001319002825854294 0.002523481008243116 0
3236 0.001691952005920982 0.002518288353879908 0
3237 0.001501349701265232 0.002197987647701032 0
3238 0.001874942000110902 0.002192534451162431 0
3239 0.001683302456684854 0.001871223667247524 0
3240 0.002058240759832859 0.001865537332004225 0
3241 0.001866083212239897 0.001543341928955514 0
3242 0.002242101471827226 0.001551193700022099 0
3243 0.002434336052855673 0.001861666885520661 0
3244 0.002618796023513954 0.00154818434385677 0
3245 0.002811644923683493 0.001857872812682224 0
3246 0.002996527788877941 0.001544637159406037 0
3247 0.003189812378978744 0.001854119990493991 0
3248 0.003375023396403901 0.001539828932509928 0
3249 0.003568593664669557 0.001849546707926381 0
3250 0.003754028397661015 0.001535849738868521 0
3251 0.003947777060011662 0.001845582229262768 0
3252 0.004133333358988772 0.00153108664244928 0
3253 0.004327187695081058 0.001840856722638672 0
3254 0.00451260778519199 0.00150990910353437 0
3255 0.00470667081090935 0.001832176036453232 0
3256 0.004892417220850737 0.001519210968527997 0
3257 0.00508685527586214 0.001828521028005403 0
3258 0.005272749182066286 0.001517054464681967 0
3259 0.005466313517630397 0.001823436071139995 0
3260 0.005652340712545181 0.001494811056620872 0
3261 0.005845948455811704 0.001809547442899377 0
3262 0.006031844824794616 0.001504263359156275 0
3263 0.00622569319795957 0.001805468044347935 0
3264 0.006412682384061029 0.001502400007405591 0
3265 0.006605776447781063 0.00182847934898207 0
3266 0.006791831556399064 0.001479655225619078 0
3267 0.006985145930865883 0.001836930959217888 0
3268 0.00717134911274428 0.00149767601848325 0
3269 0.007365148562022916 0.001805161873696165 0
3270 0.007552767963149624 0.001492921090260378 0
3271 0.007745162258037945 0.001792103085835841 0
3272 0.007932649268925063 0.001466048260449262 0
3273 0.008135835513224984 0.001812017154055963 0
3274 0.008313028886073964 0.001482648540190074 0
3275 0.008511141800288939 0.001803857983202427 0
3276 0.008694290461028473 0.001481860029529312 0
3277 0.008886581963795305 0.001795323870333512 0
3278 0.009073367984968106 0.001454957175486779 0
3279 0.009265586771538797 0.00178606838769189 0
3280 0.0094509040663667 0.001444425941284423 0
3281 0.009644541417344665 0.001766984670512697 0
3282 0.009830238264038761 0.001436140253560573 0
3283 0.01002440104796486 0.001759254564038863 0
3284 0.01021507056425338 0.001419942466520061 0
3285 0.01040513962606072 0.001754731517276304 0
3286 0.01059424101274106 0.00142011377223773 0
3287 0.01078504391113641 0.001750656607454393 0
3288 0.010970700416875 0.001424162079008624 0
3289 0.01116460973158517 0.001766383384013157 0
3290 0.01134975811830771 0.001409035299049628 0
3291 0.01154429986531015 0.001763133730605035 0
3292 0.01172946898612615 0.001402622862878774 0
3293 0.01193038359612491 0.001759198360225725 0
3294 0.0121129685273593 0.001400956308920005 0
3295 0.01230369541170076 0.001731813540619166 0
3296 0.01250193142652717 0.001386998948586112 0
3297 0.01268537915045632 0.001701615027299497 0
3298 0.01287493065970614 0.001390756801911613 0
3299 0.0130647162002928 0.001716813061323004 0
3300 0.01325892559344073 0.001376731417908013 0
3301 0.013445191146784 0.001713658827899715 0
3302 0.01364324636674949 0.001372565372455387 0
3303 0.01382591005186442 0.001709089105268091 0
3304 0.01401529449583288 0.001379714313435769 0
3305 0.01420462417828567 0.001706169298216328 0
3306 0.01175215274223846 0.002129052633304667 0
3307 0.001491676219229549 0.001549318353229601 0
3308 0.01438995193613042 0.001370003809456196 0
3309 0.01458343906134851 0.001700714569222898 0
3310 0.01476878361257206 0.001364126592073097 0
3311 0.01496296644420366 0.001695476234064177 0
3312 0.01514856048866645 0.001368809173272809 0
3313 0.01534277011077052 0.001692033930761674 0
3314 0.01552841335210457 0.001365904315193104 0
3315 0.01572263248954948 0.001687626392781963 0
3316 0.01590822115468393 0.001356469829451361 0
3317 0.01610249714371765 0.001681969710977773 0
3318 0.01629683878547201 0.0013451116265266 0
3319 0.0164838304819853 0.001675784218997043 0
3320 0.01667296934927442 0.001342264991313326 0
3321 0.01686336033647035 0.0016708703969842 0
3322 0.01667677182531475 0.00200295574857108 0
3323 0.01705674352992565 0.001997873998352622 0
3324 0.01724212798490712 0.001666494843673787 0
3325 0.0174364530463893 0.00199294810318639 0
3326 0.01762201825594701 0.001661857963760769 0
3327 0.01781608957190299 0.001971643919601232 0
3328 0.01800187048015525 0.001655051749289649 0
3329 0.01819592398785366 0.001963609175334825 0
3330 0.01838173787785167 0.001649228578223491 0
3331 0.0185758063460193 0.001958889734209402 0
3332 0.01876162727391031 0.001644989675158746 0
3333 0.01895568792940704 0.001954046998914335 0
3334 0.01914152516734737 0.00164137225910241 0
3335 0.01933558318173397 0.001950223426365798 0
3336 0.01952139962100753 0.001635970838156437 0
3337 0.01971546442375764 0.00194533624951705 0
3338 0.01990129002601457 0.001631775704601727 0
3339 0.02009535832409423 0.001941405428059494 0
3340 0.02028117370126719 0.001627071700830361 0
3341 0.02047524087772173 0.001936616612587103 0
3342 0.0206610658752053 0.001623010209810529 0
3343 0.02085513524694799 0.001932721091371509 0
3344 0.02104094992342975 0.001618334363169244 0
3345 0.02123512067567458 0.001935710133299865 0
3346 0.02142085931942399 0.001615574936313688 0
3347 0.02161492616520373 0.001925094839956185 0
3348 0.02180071359655627 0.001608648237934128 0
3349 0.02199480131178123 0.001919745979274567 0
3350 0.02218061172124114 0.001605036640824562 0
3351 0.02237477075759457 0.001921526627952221 0
3352 0.02256052005804679 0.001602197132788372 0
3353 0.02275458850195012 0.001911837862637697 0
3354 0.02294031953278573 0.001591127090069363 0
3355 0.02313445649947074 0.001905948496222923 0
3356 0.02332026477598543 0.00159107789607131 0
3357 0.02351434499728905 0.001901609058219104 0
3358 0.02370007359277637 0.001580714160733484 0
3359 0.02389422630791466 0.001896726231311709 0
3360 0.02407993317765735 0.00157418875528538 0
3361 0.02427418167813564 0.001897442692434324 0
3362 0.024459821961206 0.001569870919962743 0
3363 0.02465400245210336 0.001887982981427758 0
3364 0.02483969317849039 0.001564224984306176 0
3365 0.02503398288616629 0.001890594398488006 0
3366 0.02521958807807995 0.001560369553271768 0
3367 0.02541388173280671 0.001887037384890635 0
3368 0.02559947332681662 0.00155578446789812 0
3369 0.0257937653730679 0.00188233069046048 0
3370 0.02597935443268127 0.001550886159995801 0
3371 0.02617364578845388 0.00187738017880338 0
3372 0.02635923431058804 0.001545895012134208 0
3373 0.02655352546170103 0.001872373557615228 0
3374 0.02673911386014537 0.001540879039357556 0
3375 0.02693340495653346 0.001867353447352753 0
3376 0.02711899332524201 0.001535856680916009 0
3377 0.02731328440755331 0.001862330024633727 0
3378 0.02749887276895979 0.001530832706120891 0
3379 0.02769310583413026 0.001852919654253783 0
3380 0.02787874253837391 0.001525077303990034 0
3381 0.02807297399116045 0.001847042347566969 0
3382 0.02825861848381298 0.001519788841252076 0
3383 0.02845290897951465 0.001846217834253712 0
3384 0.02863850659714354 0.001515420333975197 0
3385 0.02883279912082712 0.001842002652887011 0
3386 0.02901838926394905 0.001510640041266253 0
3387 0.02921268087987846 0.001837153729272727 0
3388 0.02939826962595687 0.001505685493944024 0
3389 0.02959256085775334 0.001832170139514957 0
3390 0.02977814930696901 0.001500679459829008 0
3391 0.0299724404252662 0.001827155524267808 0
3392 0.03015822509675019 0.001510500261833377 0
3393 0.03035208648184656 0.001804486276111241 0
3394 0.03055098887064474 0.001512225907273961 0
3395 0.03073407441129072 0.001797645997723562 0
3396 0.03093317082157086 0.001493183202348027 0
3397 0.03111506138535764 0.001818135557849857 0
3398 0.0313007280916321 0.001482857935878787 0
3399 0.03149307171707735 0.001816479928857691 0
3400 0.03167824231629394 0.001477511442033545 0
3401 0.03187208782612651 0.001800047247896442 0
3402 0.03205742600992558 0.001470538684408488 0
3403 0.03225170741760499 0.001792796663530384 0
3404 0.03243730383482749 0.001464811666697253 0
3405 0.0326314181031126 0.001777820181198553 0
3406 0.0328171548775941 0.001458011405421734 0
3407 0.03301126468218998 0.001770841045995653 0
3408 0.03319702410559976 0.00145236516140699 0
3409 0.03339136972001794 0.001782986429374483 0
3410 0.03357693944093705 0.001450098673365998 0
3411 0.03377129273991049 0.00178128323399578 0
3412 0.03395683212450703 0.001446087381527706 0
3413 0.03415088591322964 0.001754622050941247 0
3414 0.03433692581009196 0.00145726419785041 0
3415 0.03453099370676377 0.001766864566967625 0
3416 0.03473693913408869 0.001398185298629486 0
3417 0.03490576938986639 0.001761970535680478 0
3418 0.03511488557464258 0.001433058766292377 0
3419 0.03528252221014541 0.001751439330670812 0
3420 0.03547803988929048 0.0014248747013879 0
3421 0.03566638166423783 0.001789569339909568 0
3422 0.03585579514177888 0.001426516014175266 0
3423 0.03605023585289448 0.001743175097660094 0
3424 0.03623598300633473 0.001415707514663232 0
3425 0.03643032548855588 0.001741216501535855 0
3426 0.0366160906693192 0.001420949936887007 0
3427 0.03681027799602853 0.001738414127950764 0
3428 0.03699602032209373 0.001418006933725107 0
3429 0.03719017798043474 0.001734106887224584 0
3430 0.03737569766741156 0.001397278052345368 0
3431 0.03757002715975376 0.001726584522271918 0
3432 0.03775553837921605 0.001389219833354954 0
3433 0.03794989509930602 0.001720638080346393 0
3434 0.03813543008296696 0.001385096346368424 0
3435 0.03832977466422156 0.001715610080926038 0
3436 0.03851531158544305 0.00138022142069893 0
3437 0.03870965446648518 0.001710609915476049 0
3438 0.03889521255766755 0.00137682346186901 0
3439 0.03908953755326488 0.00170586055016105 0
3440 0.03927509619186659 0.001372115896576508 0
3441 0.03946941829779302 0.001700934717124787 0
3442 0.03965500687478422 0.001369453663559096 0
3443 0.03984930581842903 0.001696521330332345 0
3444 0.04003489286640818 0.001364924715655772 0
3445 0.04022918503647401 0.001691480294463182 0
3446 0.04041478054063874 0.001360523005535263 0
3447 0.04060906580955161 0.001686556825529888 0
3448 0.007572051488014028 0.002155104472166598 0
3449 0.04079466157288844 0.00135561913109128 0
3450 0.04098894573480451 0.001681569257031993 0
3451 0.04117453417524983 0.001350077914222698 0
3452 0.0413688241137719 0.001676464781535898 0
3453 0.04118323556493897 0.002007947929635796 0
3454 0.04156311479358338 0.002002907694171538 0
3455 0.04174870311792729 0.001671407573534515 0
3456 0.04194299412341503 0.001997875108992249 0
3457 0.04212861705055594 0.001668991138581488 0
3458 0.04232287929152342 0.001993283927701847 0
3459 0.04250850319171046 0.0016644735246059 0
3460 0.0427027608007656 0.001988416117222499 0
3461 0.04288839600152405 0.001660460095710109 0
3462 0.04308264281163991 0.00198358623272496 0
3463 0.04326827809600373 0.001655636532209538 0
3464 0.04346252312023059 0.00197862764679026 0
3465 0.04364811162456554 0.001647141134408161 0
3466 0.04384239505078768 0.001973035638232564 0
3467 0.04402798215878371 0.001641443555413299 0
3468 0.04422227175261524 0.001967804362372122 0
3469 0.04440793005079691 0.001641594625384502 0
3470 0.04459705902401255 0.001960751010459759 0
3471 0.04478773849354682 0.001631202610599535 0
3472 0.04498186102660521 0.001954082951322535 0
3473 0.04516766622610215 0.001631354553291046 0
3474 0.04536737811717065 0.001946238657145592 0
3475 0.04554841693423037 0.001620947583305889 0
3476 0.04574285322371358 0.001946523491766329 0
3477 0.04592770752770724 0.001615910882810136 0
3478 0.04612190046474856 0.001942381836185477 0
3479 0.04630745055183982 0.001618624305289826 0
3480 0.0465016184666415 0.001938794119400267 0
3481 0.04668728034720909 0.001615128911637223 0
3482 0.04688146272388356 0.001934263923058949 0
3483 0.04706715771391887 0.001611353956073757 0
3484 0.04726130619038505 0.001927528493158604 0
3485 0.04744703081048576 0.001606252547228106 0
3486 0.04764371453784598 0.001918669791703222 0
3487 0.04782734277558628 0.001601491011609895 0
3488 0.04802714471194357 0.00191476162292573 0
3489 0.04820788608981764 0.001596696382942259 0
3490 0.04840094450002762 0.001912454942451025 0
3491 0.04858673830357924 0.001582743178985193 0
3492 0.04878369348477989 0.001903580936733726 0
3493 0.04896692479436323 0.001575588966104446 0
3494 0.0491662320724123 0.00189875220796713 0
3495 0.04934729859846432 0.001570242131228203 0
3496 0.04954167207060967 0.001896661395540126 0
3497 0.04972667552414045 0.00157737171636806 0
3498 0.0499207278489536 0.00189415151305725 0
3499 0.05010633393250881 0.001574791988875872 0
3500 0.050300433171104 0.001889953566793056 0
3501 0.05048615974218301 0.00157123736667174 0
3502 0.05068027465077311 0.001885311794113317 0
3503 0.0508660239147719 0.001566521622922743 0
3504 0.05106014521718114 0.001880402530106839 0
3505 0.0512459116009529 0.001562495602357764 0
3506 0.0514399820929772 0.00187240096743267 0
3507 0.05162567315749313 0.001548678980201195 0
3508 0.05181984655305045 0.001866259813544803 0
3509 0.05200564876514765 0.001550930503951149 0
3510 0.05219973942222127 0.001862251498906504 0
3511 0.05238536081348334 0.001533251512545735 0
3512 0.05257962399300112 0.001857615417436131 0
3513 0.05276521320770095 0.00152618265579809 0
3514 0.05295949977819904 0.001852314916464783 0
3515 0.05314508752863521 0.001520771418243247 0
3516 0.05333937775358609 0.001847179948775409 0
3517 0.05352496586905379 0.001515664039434197 0
3518 0.05371925676391871 0.001842123213090656 0
3519 0.05390506787073993 0.001527466599603096 0
3520 0.05409917322362019 0.00183989783923633 0
3521 0.05428499057200288 0.001525713119387176 0
3522 0.05447906604147927 0.001835885018956274 0
3523 0.05466467339811745 0.001505823838151835 0
3524 0.05485894314065927 0.001830683785076832 0
3525 0.05504451967669822 0.00149829240769769 0
3526 0.05523881666131775 0.001825211996419553 0
3527 0.05542436613124488 0.001490774281143922 0
3528 0.05561865379443056 0.001816989121303044 0
3529 0.05580424272248623 0.001485534644395489 0
3530 0.05600092635406707 0.001814275891876587 0
3531 0.05618452053866423 0.001480859488764664 0
3532 0.05637963257039909 0.001806941646213848 0
3533 0.05656427083511424 0.001475508243947393 0
3534 0.05675854038931774 0.001801926773269152 0
3535 0.0569439668120407 0.001470430879718721 0
3536 0.05713822731299028 0.001796895055805245 0
3537 0.05732378358650556 0.001465396354834951 0
3538 0.05751797629519408 0.001785220072635591 0
3539 0.05770363083698202 0.001459261758891035 0
3540 0.0578978286250058 0.001778902131514988 0
3541 0.05808350039139505 0.001453836658111942 0
3542 0.05827659139740766 0.001779571942008886 0
3543 0.05846319207022922 0.001449694431796071 0
3544 0.05865276593359219 0.001787496601334125 0
3545 0.05884242273043067 0.001446975159362628 0
3546 0.05903594680590733 0.001776840245710481 0
3547 0.0592231570823527 0.001440270968303682 0
3548 0.05941304448208222 0.001781002978564078 0
3549 0.05960230257259628 0.001437622955782193 0
3550 0.05978510064004547 0.001786218409865884 0
3551 0.05998291595544775 0.001430221934498666 0
3552 0.06016793187946133 0.001769090736736081 0
3553 0.060361249533072 0.001427263387306667 0
3554 0.06055528296747122 0.001754080699565984 0
3555 0.06075248865908934 0.001404138931650568 0
3556 0.06093830096084076 0.001744375272826615 0
3557 0.06113860262665136 0.001397455195687084 0
3558 0.06131974257869437 0.001738294067774464 0
3559 0.06150940945787235 0.001408758041243556 0
3560 0.06169837027790516 0.001735814663256825 0
3561 0.06188375001401013 0.00140474134777757 0
3562 0.06207711794482827 0.001731382302324532 0
3563 0.06226251767555196 0.001399983494109507 0
3564 0.06245662345727077 0.001726500921956123 0
3565 0.06264214949558103 0.001395027277168411 0
3566 0.06283639930371437 0.001721511644469525 0
3567 0.06302197039769147 0.001390020016828769 0
3568 0.06321625171950507 0.001716495876896792 0
3569 0.06340183557504001 0.001384999834241677 0
3570 0.06359612427605996 0.001711473540601802 0
3571 0.06378171148838893 0.001379976403159644 0
3572 0.06397600197874227 0.001706449568103943 0
3573 0.06341053552097667 0.002042971161876206 0
3574 0.06151189354265735 0.00206740943714008 0
3575 0.06416159004875915 0.001374952157961319 0
3576 0.06435588098028269 0.001701425187219561 0
3577 0.06035402506027605 0.002102823341965964 0
3578 0.06454146926677595 0.001369927709012522 0
3579 0.06473576030790723 0.001696400704312411 0
3580 0.06492134864874785 0.001364903209101546 0
3581 0.06511563971720499 0.001691376195907719 0
3582 0.06530122807165781 0.001359878696447264 0
3583 0.06549551914693796 0.001686351681129518 0
3584 0.05922033784926409 0.002140736769597169 0
3585 0.05809018105714772 0.002085200107769661 0
3586 0.06568110750479662 0.001354854180606819 0
3587 0.06587539858178161 0.001681327164758075 0
3588 0.06606070060282976 0.00135000006965633 0
3589 0.06625494395729711 0.001676501454622544 0
3590 0.06606963398211738 0.00200783328331147 0
3591 0.06644950413912869 0.002002814288838774 0
3592 0.06663515745430865 0.001671278131129992 0
3593 0.06682943770583084 0.001997757557909529 0
3594 0.06701534304626422 0.001666427098812281 0
3595 0.06720937718997214 0.001992756586099993 0
3596 0.06739500869236988 0.001663768222207836 0
3597 0.06758923100271164 0.00198813026676263 0
3598 0.06777484822654242 0.001659204344949168 0
3599 0.06796909951822866 0.00198324888939494 0
3600 0.06815468605705133 0.001651775245107324 0
3601 0.06834897020026469 0.00197784746525833 0
3602 0.06853455710017381 0.001646287146509208 0
3603 0.06872884677882279 0.001972682866867477 0
3604 0.0689144666861892 0.001643583252122432 0
3605 0.06910873076395002 0.001968021773469449 0
3606 0.06929435190574465 0.001639006076223242 0
3607 0.06948861192242882 0.001963132383984852 0
3608 0.06967420056841175 0.001631657404344453 0
3609 0.06986848651698482 0.001957743029155927 0
3610 0.07005407406898059 0.001626184721958118 0
3611 0.07024836415720395 0.001952583011685005 0
3612 0.07043395221681029 0.001621062927380187 0
3613 0.07062824307957712 0.001947519698408472 0
3614 0.07081383135287578 0.001616015731469389 0
3615 0.07100812238034859 0.001942484935608865 0
3616 0.0711937107167136 0.00161098572708259 0
3617 0.07138800178214849 0.001937457796476105 0
3618 0.07157359013535156 0.001605959858560921 0
3619 0.0717678812099198 0.001932432617265285 0
3620 0.07195354689749778 0.00160678155702599 0
3621 0.07214763076326917 0.001917588259857493 0
3622 0.07233334900252138 0.001595910377591315 0
3623 0.07252747566402969 0.001909952659115334 0
3624 0.07271328475642187 0.001595143743529104 0
3625 0.07290750150017342 0.001915996708061217 0
3626 0.07309311425910048 0.00158634396815921 0
3627 0.07328739701434214 0.001912187742388795 0
3628 0.07347298805294004 0.001580892833383748 0
3629 0.07366727819004187 0.001907294714379094 0
3630 0.07385286683889494 0.001575819128317821 0
3631 0.074047157808016 0.001902283914264771 0
3632 0.07423274619724811 0.001570788699519317 0
3633 0.07442703726176891 0.001897260698177548 0
3634 0.07461262562363077 0.001565763414103268 0
3635 0.07480691669935968 0.001892236260149775 0
3636 0.07499250505865802 0.001560738782260917 0
3637 0.07518679613595784 0.001887211747078453 0
3638 0.07537238449496063 0.001555714246840224 0
3639 0.075566675572473 0.001882187227728053 0
3640 0.07575226393146195 0.001550689726443307 0
3641 0.07594655500900743 0.00187716270983514 0
3642 0.0761321433679996 0.001545665208793305 0
3643 0.07632643444555111 0.001872138192642954 0
3644 0.07651202280454486 0.001540640691717916 0
3645 0.07670624367181307 0.001861805415419336 0
3646 0.07689189053937773 0.001534731464733064 0
3647 0.07708610945636055 0.001855748736782886 0
3648 0.07727176575030609 0.001529387469194451 0
3649 0.07746605612358934 0.001855807206729277 0
3650 0.07765165568769727 0.001525156870327313 0
3651 0.07784594851539101 0.001851762173974128 0
3652 0.07803153903359447 0.001520427920455242 0
3653 0.07822583076270589 0.001846950165601212 0
3654 0.07841141959016153 0.001515488082812748 0
3655 0.07860571085438459 0.001841975179996942 0
3656 0.07879129932256751 0.001510485934336612 0
3657 0.07898559044943035 0.001836962646381871 0
3658 0.07917117883484116 0.001505467142719748 0
3659 0.07936546992501524 0.001831941080908202 0
3660 0.07955105829051595 0.001500444071936312 0
3661 0.07974534937125688 0.00182691729693032 0
3662 0.07993093773186702 0.001495419918207715 0
3663 0.08012522881022073 0.00182189296271092 0
3664 0.08031081716961783 0.001490395492281375 0
3665 0.08050510824737152 0.001816868491418338 0
3666 0.08069069660646644 0.00148537099814325 0
3667 0.08088498306772125 0.001811494966118433 0
3668 0.08107057527369785 0.001480288316968564 0
3669 0.08126486160668306 0.001806402587104373 0
3670 0.08145045443242843 0.001475242795668852 0
3671 0.08164440950119153 0.001805984481529396 0
3672 0.08183027856566666 0.001470982513254902 0
3673 0.08202361847582784 0.001805096999044805 0
3674 0.08221003704134411 0.001466774874503556 0
3675 0.08240429628327633 0.001793016228617194 0
3676 0.08259006120564613 0.001460483990062766 0
3677 0.08278396456932482 0.001788699304930712 0
3678 0.08296989829142415 0.001455592490193024 0
3679 0.08316301421751281 0.001784316634949109 0
3680 0.08334985266239957 0.001450199387417908 0
3681 0.083543115145536 0.00177754609595293 0
3682 0.08372950928534351 0.001445446347108022 0
3683 0.08392362667697675 0.001771612950823553 0
3684 0.08410917499226092 0.001440450354129139 0
3685 0.08430333702881057 0.001766380758055224 0
3686 0.08448830159187247 0.00143546172890363 0
3687 0.08468226449959784 0.001760350643495702 0
3688 0.08486648827290179 0.001431595706654082 0
3689 0.08505922988399624 0.001753602646040957 0
3690 0.08524251567105152 0.001427507529568882 0
3691 0.08543346788534545 0.001746655291613227 0
3692 0.006390481772868981 0.002148589007782214 0
3693 0.05544468319535716 0.002165733673508358 0
3694 0.04006121831950855 0.002003508578820258 0
3695 0.00452418975510982 0.002165528749737013 0
3696 0.03929163863680247 0.002014531411895865 0
3697 0.08487708176288214 0.002080551228120001 0
3698 0.05353366837447625 0.002173618412247766 0
3699 0.03624606706000362 0.002079763130755522 0
3700 0.03853186287287495 0.002023365687114271 0
3701 0.05239644863597383 0.002185143028736489 0
3702 0.03777208947188841 0.002032390485608417 0
3703 0.03510516422086436 0.002088313034039321 0
3704 0.01591690627012912 0.002013305027833592 0
3705 0.03701232090293168 0.002041929549093175 0
3706 0.05125608819487731 0.002201853113958819 0
3707 0.01858496400559486 0.001319712083192124 0
3708 0.08373755116313432 0.002103390425961026 0
3709 0.06530993078756471 0.00201784918212438 0
3710 0.08561529200709687 0.001422098107237346 0
3711 0.01518375557086291 0.002061274437228887 0
3712 0.06949206152468917 0.001308495096923194 0
3713 0.05011476881606025 0.002219021439019159 0
3714 0.06457769051062316 0.002064503544414955 0
3715 0.0143973872313643 0.002008007909175791 0
3716 0.08259839157939163 0.002123410155167166 0
3717 0.07061954026104 0.001289541669818163 0
3718 0.01363762471750815 0.002043212984562716 0
3719 0.02124430009995656 0.001300970809926329 0
3720 0.08145915819822035 0.002133292456780886 0
3721 0.04822381255226435 0.002227890293084974 0
3722 0.07176818470983959 0.001293611894498503 0
3723 0.03396767331886086 0.002120922928432522 0
3724 0.01283308028597746 0.002047490399466138 0
3725 0.06265080406648332 0.002053011042567429 0
3726 0.03088353406280554 0.002189389947323532 0
3727 0.02238481201292322 0.001292285338106212 0
3728 0.04708236703376157 0.002247846473082689 0
3729 0.03315870409592294 0.002097048060168465 0
3730 0.08031951988841055 0.002148365994822171 0
3731 0.07290885900021798 0.001274923999416737 0
3732 0.04264765380574225 0.001329521698268997 0
3733 0.03249325226265048 0.002150571125195461 0
3734 0.02351676589067064 0.001271397881287363 0
3735 0.07917984385991461 0.002160587805352511 0
3736 0.01100362446557747 0.002105286327720979 0
3737 0.03171287075946147 0.002127524792517331 0
3738 0.01021073927024117 0.002104102130272911 0
3739 0.04441656177555795 0.002294197612353007 0
3740 0.02540518278843277 0.001229352247904616 0
3741 0.07555797285390785 0.001224216742401132 0
3742 0.02746822065522582 0.00218090847947778 0
3743 0.009470171207724178 0.002110859207727201 0
3744 0.04535715002181166 0.001263273492765428 0
3745 0.02978685207306245 0.002158653538555315 0
3746 0.02654482278916726 0.001214406552486538 0
3747 0.008711322454344375 0.002147390162289732 0
3748 0.07652072552310285 0.002198611176513539 0
3749 0.0290270926106134 0.002168658014154837 0
3750 0.07804024251230453 0.002178455876673274 0
3751 0.07821712859068528 0.00118902100185321 0
3752 0.02823455345852217 0.002227822675370362 0
3753 0.05736107834158762 0.002124967497257968 0
3754 0.02481500554532158 0.002252636420688607 0
3755 0.0772461587311907 0.002237238010215081 0
3756 0.05658106241959669 0.002136862438592631 0
3757 0.04347387491303801 0.001335386704576627 0
3758 0.07935676721404727 0.001173971169946229 0
3759 0.07386156943094964 0.002233780048803673 0
3760 0.02997931642040299 0.001222630134132705 0
3761 0.04420770745958405 0.001310256906307234 0
3762 0.02636793711496659 0.00220387198540978 0
3763 0.005660605900131378 0.002115417294383202 0
3764 0.08049640552893006 0.00115889801543592 0
3765 0.04952101663250694 0.001270314782007096 0
3766 0.02296280013845026 0.002256146063904364 0
3767 0.07538108721347186 0.002213684728090438 0
3768 0.02560817717552314 0.002213840397768539 0
3769 0.05467590093704877 0.002161621819638545 0
3770 0.06722402968808486 0.00133130739696922 0
3771 0.01780759578027967 0.001329972825919552 0
3772 0.0746212245925489 0.002215889890099031 0
3773 0.07194814806375191 0.002238715323531722 0
3774 0.02182308189652395 0.002263133100124675 0
3775 0.04610888309422241 0.001287417805264438 0
3776 0.06799397000238895 0.001321641745991153 0
3777 0.003762274112100561 0.002173000537905107 0
3778 0.08315555199331989 0.001123798911440206 0
3779 0.04682661315752877 0.001299678948291342 0
3780 0.06872825038612818 0.001318156834042063 0
3781 0.003004514287163348 0.002181805883282553 0
3782 0.002824612267879313 0.001220359362630697 0
3783 0.05216814981901322 0.001239443920895583 0
3784 0.0237087811244391 0.002239048541114912 0
3785 0.01972467798722525 0.001311574569202979 0
3786 0.07006277563332126 0.002284068063520539 0
3787 0.07268728221105594 0.002266041052678671 0
3788 0.04758648797886184 0.001294120664335453 0
3789 0.08429455976707213 0.001109635198109779 0
3790 0.03416502112917727 0.001110083174601609 0
3791 0.05333067475091291 0.001189187987382569 0
3792 0.04192216490121484 0.001334893257152841 0
3793 0.0204844873851262 0.001306147879772371 0
3794 0.04836943960463326 0.001275826222489301 0
3795 0.06892313790499031 0.002299180197241692 0
3796 0.00472132181183893 0.001177450800645704 0
3797 0.05447031276622934 0.001174092187159665 0
3798 0.03604180873439518 0.001088796014506613 0
3799 0.001672975998058164 0.001221966153135038 0
3800 0.001300086226281701 0.001229259424300716 0
3801 0.07082253401300749 0.002273981806513187 0
3802 0.005854413879692426 0.001165457828404267 0
3803 0.02068335866743763 0.002269748985102904 0
3804 0.05560995173977668 0.001159068831082807 0
3805 0.05031328411976748 0.001234149183197858 0
3806 0.01687100385696632 0.002329459935318722 0
3807 0.01992354511658696 0.00227430937400875 0
3808 0.04937018837232227 0.002220094026354488 0
3809 0.006994354981187223 0.001155232191000866 0
3810 0.05107308163162336 0.001229642715403579 0
3811 0.06626396063084737 0.002334285098089201 0
3812 0.08580416535891183 0.001740147007536532 0
3813 0.08562428522933299 0.002062962013647798 0
3814 0.01916373173584295 0.002278884652147383 0
3815 0.05750935078989451 0.001133711972772178 0
3816 0.008134663857063219 0.001144295020763165 0
3817 0.01840391982353384 0.002283556791006921 0
3818 0.07403845512473453 0.001244316096567032 0
3819 0.0677835006857703 0.002314235774120584 0
3820 0.02464542101239804 0.001239181804469602 0
3821 0.01765858332215645 0.002315123474253279 0
3822 0.05864915213687569 0.001144886227664329 0
3823 0.009214063313446763 0.001139824083993682 0
3824 0.07479821398115549 0.001234265802118032 0
3825 0.06702373960941488 0.002324224099078382 0
3826 0.003582689383579682 0.001215823986812239 0
3827 0.04631615906536238 0.00226627424937858 0
3828 0.001120160855756447 0.001552886141769427 0
3829 0.06057359521830672 0.001065799516201932 0
3830 0.04555952268343076 0.002259583272554277 0
3831 0.01113869963129236 0.001084339299660483 0
3832 0.07669760921325297 0.001208995739123989 0
3833 0.02768446113034978 0.001199335386361989 0
3834 0.06169029608868029 0.001079620356095218 0
3835 0.07745736647766295 0.0011988250804323 0
3836 0.05636982140851461 0.001149045943074879 0
3837 0.02844422000344483 0.001189286352556947 0
3838 0.01308829244388551 0.001025114592313587 0
3839 0.04365680541657142 0.002304436725750998 0
3840 0.02920397887653985 0.001179237318751908 0
3841 0.04290651113330754 0.002295926037234441 0
3842 0.01421816908751748 0.001024230667624093 0
3843 0.06435309099326229 0.001040664518343323 0
3844 0.04213469683447511 0.002310424583375566 0
3845 0.04137752636829868 0.00233440018315851 0
3846 0.04099764692070278 0.002339423864746073 0
3847 0.06548681642705421 0.00102838119669163 0
3848 0.03113332692485545 0.001186613677169867 0
3849 0.01611027759370531 0.001014340509204731 0
3850 0.05940862311696309 0.001109169551490468 0
3851 0.01004039977533506 0.001053174886367742 0
3852 0.03186325088952515 0.001144390407221366 0
3853 0.08163603427236048 0.001143925451380914 0
3854 0.03262289380546755 0.001134016666629253 0
3855 0.08241046261042589 0.001159399602205338 0
3856 0.03338265267856258 0.001123967632824228 0
3857 0.0119386989174573 0.001029259893413626 0
3858 0.08542514422001712 0.001102871101747843 0
3859 0.08579745363529284 0.001098120203770951 0
3860 0.06244779541474695 0.001051862995685667 0
3861 0.06320754374691033 0.001058527093304415 0
3862 0.08599194852691061 0.002056338412450902 0
3863 0.0858078766180377 0.002374885040172597 0
3864 0.03531059800564194 0.001144257504506698 0
3865 0.00207509764606302 0.002515075289941615 0
3866 0.001128939784487901 0.002201776914131736 0
3867 0.01496749768819108 0.001035325232028669 0
3868 0.01649109920161154 0.002334499191478523 0
3869 0.0166851336687644 0.002642640581809371 0
3870 0.06588408866941868 0.002339305166387392 0
3871 0.06607813786393593 0.002646943853157975 0
3872 0.03714104253741247 0.001079826905942896 0
3873 0.08544413414615312 0.002386137251668387 0
3874 0.03792940630004692 0.00105411273384736 0
3875 0.03870096479022781 0.001053624396188969 0
3876 0.03946072366332285 0.001043575362383923 0
3877 0.04022048253641789 0.001033526328578878 0
3878 0.04098024140951293 0.001023477294773833 0
3879 0.04136012084606045 0.001018452777871311 0
3880 0.04118391618561094 0.002661402281739591 0
3881 0.0009396905909823186 0.001240031595336464 0
3882 0.08615899358674722 0.001738344083322913 0
3883 0.001110901258637678 0.0009229453663697723 0
3884 0.000784096585420696 0.0009503962839724231 0
3885 0.08563753202821778 0.002672882746343839 0
3886 0.04081453416561984 0.002658109984985993 0
3887 0.04063033130247978 0.002335077938287826 0
3888 0.0007555475711061299 0.001559270058849257 0
3889 0.08615847297612486 0.002339421505172786 0
3890 0.01704554955250052 0.002626692867244922 0
3891 0.06644808690977963 0.002626227752458021 0
3892 0.04155913582807949 0.002640571984050756 0
3893 0.01630548347165471 0.002666011862625367 0
3894 0.06569851294077794 0.002670795150662843 0
3895 0.04044316559179606 0.002624715146720644 0
3896 0.08526882634610017 0.002696013624075837 0
3897 0.04099664832256587 0.00294637847279747 0
3898 0.01687965398543474 0.002987460329744702 0
3899 0.0009392148804938452 0.0005882102361773577 0
3900 0.06627268345487852 0.002992243617734441 0
3901 0.08561969450204755 0.0008102369278577702 0
3902 0.08600559173152855 0.000804657990490751 0
3903 0.08615848781537283 0.001093493038404974 0
3904 0.0852459105079876 0.0008174965634841604 0
3905 0.08637803618467878 0.0008119700671197017 0
3906 0.0009482753345680731 0.001875313130531741 0
3907 0.001703610890604348 0.003169985228576576 0
3908 0.0007828269261237891 0.002835820255702944 0
3909 0.08598113299343774 0.001418742121579686 0
3910 0.08637410036555153 0.001407707755929811 0
3911 0.00208563191475071 0.003169791569287887 0
3912 0.002273887622252169 0.002841561141806847 0
3913 0.002658120324619366 0.002843039106612184 0
3914 0.002454676871948981 0.002513897168534408 0
3915 0.0009517770204657966 0.002525594023522496 0
3916 0.0007952586040513299 0.002176798656826935 0
3917 0.001312284058665354 0.00187475097576851 0
3918 0.08604884741982614 0.0002693437620294992 0
3919 0.08567222151232425 0.003172092090091769 0
3920 0.08637152768342626 0.002054817642486925 0
3921 0.08644230441495124 0.003155318390598699 0
3922 0.08622056659359964 0.00287204775536847 0
3923 0.08491052037451285 0.003180956209585773 0
3924 0.001480047130807162 0.0009145191311925751 0
3925 0.001846590572440562 0.0008976872346626313 0
3926 0.001599249929811121 0.0006096631057364579 0
3927 0.08527877355276554 0.0002819954284486277 0
3928 0.0844990622767649 0.002090490413966981 0
3929 0.08469451255482263 0.002411251016654609 0
3930 0.08431513254105052 0.002420521248009718 0
3931 0.08451205546640579 0.002734899514639352 0
3932 0.08412627220216579 0.002779319328624241 0
3933 0.08489338143327578 0.002704646758382147 0
3934 0.08453045526757112 0.00318703941979402 0
3935 0.08467307618717103 0.001106292312311477 0
3936 0.08447983925346095 0.0007992620598031182 0
3937 0.08411628410934453 0.0007954694065780334 0
3938 0.08431461914117132 0.0004577790619596565 0
3939 0.08411810979486564 0.002097225529935245 0
3940 0.08393399714960473 0.002432917017252557 0
3941 0.08355415416867745 0.002437545352579335 0
3942 0.08373780784687249 0.002759954644395286 0
3943 0.08337047691628816 0.002748579383844824 0
3944 0.08317359331816002 0.002442754238207359 0
3945 0.08356876202595741 0.003094914053432652 0
3946 0.08298441185552134 0.002795046332166294 0
3947 0.08279333255381965 0.002456870776657221 0
3948 0.08261304129266776 0.002790069586125232 0
3949 0.08241462024124885 0.002465048490374607 0
3950 0.08224448539228917 0.00278046228690888 0
3951 0.08207374675636395 0.002502204008455479 0
3952 0.08221528114519645 0.002142694983667004 0
3953 0.08335594265126242 0.002111352673357549 0
3954 0.08353542039205521 0.001118891015158229 0
3955 0.08334138804601737 0.0008112342673518396 0
3956 0.08296128381149381 0.0007972608635984593 0
3957 0.08317278460682791 0.0004655222316073476 0
3958 0.08374254283435439 0.0007527759751546595 0
3959 0.0161111977816857 0.002339576205799607 0
3960 0.01592535606309192 0.0026522267309438 0
3961 0.01574963645380513 0.002330546255231293 0
3962 0.01552715603671286 0.002667204616945318 0
3963 0.01581832219011289 0.002966510437408748 0
3964 0.01515289595163101 0.002822739665821535 0
3965 0.01519460438123445 0.002444766699589639 0
3966 0.01487750539448346 0.002563624624475783 0
3967 0.08087628483729448 0.001153863807227969 0
3968 0.08068220406295522 0.0008432908327353709 0
3969 0.08031500660513383 0.0008422714631616296 0
3970 0.08106187332455556 0.0008223760039811075 0
3971 0.0805193958796349 0.000567036348114497 0
3972 0.07783724766957384 0.001193933278062215 0
3973 0.07803380575732813 0.0008686859658342506 0
3974 0.07840472140724282 0.0008718845186393911 0
3975 0.07823661624479369 0.0005858360600714083 0
3976 0.07765591764666976 0.0008870786780266114 0
3977 0.07726434486705215 0.0008866718261611827 0
3978 0.07842012259450548 0.002173480174496962 0
3979 0.07822108285090154 0.002497444433245842 0
3980 0.07857088554548555 0.002494215278027579 0
3981 0.07785235390217038 0.002504285995634123 0
3982 0.07797670439379809 0.002821506979944243 0
3983 0.08125616440210878 0.001148848987955209 0
3984 0.08144175276110369 0.0008173514870787543 0
3985 0.08183850244035112 0.0008721212419136051 0
3986 0.07517809341737992 0.001229241260790317 0
3987 0.07536413210041057 0.0009072952487489366 0
3988 0.07574377338203864 0.0009046777685750535 0
3989 0.07557236508560489 0.0006082948930260998 0
3990 0.07499320830086205 0.0009181580314751994 0
3991 0.07462324619147769 0.0009184535141429567 0
3992 0.06586669586265492 0.001023356680084072 0
3993 0.06624758892854617 0.001018432635205581 0
3994 0.06567805667677798 0.0006929786683198193 0
3995 0.06529252534855423 0.0007019082130124796 0
3996 0.06550960449366093 0.0003428069267847917 0
3997 0.06606498354411727 0.0006848323794626417 0
3998 0.06644095118000753 0.0006860938756508067 0
3999 0.06663740608733495 0.001010297039291459 0
4000 0.06681650874006674 0.0006882635741737599 0
4001 0.06705643420948795 0.0003400004111628796 0
4002 0.06728521458602701 0.000677206274104847 0
4003 0.0676645730559701 0.0006377330849026571 0
4004 0.06745285652715545 0.0009832758678565076 0
4005 0.06784245361301858 0.000969560082063 0
4006 0.06705764575282511 0.0009823494744867949 0
4007 0.06628504153982374 0.000339071558973911 0
4008 0.06854325837215071 0.002304180604254288 0
4009 0.06873754861422829 0.002630610346689172 0
4010 0.06911723529389868 0.002611013470567965 0
4011 0.06835745777053752 0.002619649642953217 0
4012 0.0689318395107115 0.002957071999416512 0
4013 0.0681633460178358 0.002306635070871478 0
4014 0.06797753798038154 0.002621591732842968 0
4015 0.06758017319170841 0.002646261246280734 0
4016 0.06779812609404015 0.002967482827743336 0
4017 0.06550421975848136 0.002344323419357225 0
4018 0.065318377772217 0.002656511736488574 0
4019 0.06514313067680824 0.002334922039142158 0
4020 0.06492065560171731 0.002669677301897995 0
4021 0.06520951814125185 0.002968676911093047 0
4022 0.06454485203662824 0.002821720273695161 0
4023 0.06458851486628231 0.002445202607821349 0
4024 0.06426704899580545 0.002558897033193463 0
4025 0.06439519650655016 0.003170914860504664 0
4026 0.07365857581248969 0.00124935001139006 0
4027 0.07386189753306713 0.0009243503559254511 0
4028 0.07348678573564266 0.0009358457013256384 0
4029 0.01272707423443693 0.0003290140178395711 0
4030 0.01253177637738513 0.0006735378926250742 0
4031 0.01215354773844315 0.0006643501887885969 0
4032 0.01234069632524637 0.001000619378903401 0
4033 0.01175096693291535 0.000704388296324663 0
4034 0.01290768304141142 0.0006824682952577361 0
4035 0.01153313459605581 0.001049444885268581 0
4036 0.01132222745923973 0.0006703327502214811 0
4037 0.01095896776484911 0.0007924304688768176 0
4038 0.01104532212226254 0.0004393388856334638 0
4039 0.01196091352031612 0.0003397251837904515 0
4040 0.01310542897598644 0.0003330873951487795 0
4041 0.01329694322196697 0.0006580280364586329 0
4042 0.01367179508523563 0.0006711921063603217 0
4043 0.01348144404580117 0.0009977756732673852 0
4044 0.01386596875546288 0.0003312080368266508 0
4045 0.01404596440555319 0.000679949893593426 0
4046 0.01424672488772587 0.0003290140413236269 0
4047 0.01442132679022826 0.0006723033332725766 0
4048 0.01479844730496197 0.0006859616427354939 0
4049 0.01459402940326688 0.001025325212865021 0
4050 0.01518066974238276 0.0006885844720519885 0
4051 0.01500126721278681 0.0003415205474377415 0
4052 0.01557781510274597 0.0006779579369738662 0
4053 0.01576926125917347 0.0003350105377321383 0
4054 0.01595078214314787 0.0006692628193055484 0
4055 0.07993964045133178 0.002153390471564766 0
4056 0.08013393152943921 0.002479863497449548 0
4057 0.08051381096613111 0.002474838991462428 0
4058 0.0797540230011459 0.002482688528073462 0
4059 0.08027807284218826 0.002811724414415333 0
4060 0.0799021375608629 0.002814712049049082 0
4061 0.009307860362586184 0.000329014004216574 0
4062 0.009497816593886467 0.000658027934203354 0
4063 0.009117904216824242 0.0006580278705409814 0
4064 0.009864525827194714 0.0006893792067966609 0
4065 0.008927947705640066 0.0003290139966186595 0
4066 0.008737991484885008 0.0006360415337006925 0
4067 0.008358079223920581 0.0006328769578270381 0
4068 0.008539068053231513 0.0009578322256185814 0
4069 0.008168123032306879 0.0003248222532004779 0
4070 0.007978167366501573 0.0006457857912233089 0
4071 0.007788210210052882 0.0003262750993793557 0
4072 0.007598254351010504 0.000634878546923153 0
4073 0.007218342957633281 0.000634121542134231 0
4074 0.007395406590804683 0.0009509996040783478 0
4075 0.007028386953723063 0.0003250301051236457 0
4076 0.006838432919115206 0.0006465659154895225 0
4077 0.006648473549292461 0.0003264400141929893 0
4078 0.006458518518472511 0.000636351051153326 0
4079 0.006078609877456377 0.0006357958761045619 0
4080 0.006255353999814063 0.0009560672571586176 0
4081 0.00588865497833483 0.000325309923713783 0
4082 0.005698706090402544 0.0006473597842783709 0
4083 0.005508740331108541 0.0003266196497407074 0
4084 0.005318789111905003 0.0006378075762337092 0
4085 0.004938891762339248 0.0006374650556527702 0
4086 0.005110878724097337 0.0009510118867187475 0
4087 0.004748940159554439 0.0003255920625463554 0
4088 0.004559011255488375 0.000648157149777853 0
4089 0.004369018241759906 0.000326802090254927 0
4090 0.004179076782268788 0.0006392831775449712 0
4091 0.003799158720735482 0.0006391619916392855 0
4092 0.003971110132410076 0.0009622389689752612 0
4093 0.003609183406853692 0.0003258770645501634 0
4094 0.003419235215625503 0.0006385650399407937 0
4095 0.003039387609190022 0.0006400075112986921 0
4096 0.003215234995663063 0.0009704194876115751 0
4097 0.002849501239048133 0.0003260351592813229 0
4098 0.002659584512658339 0.0006397660552569025 0
4099 0.002470814391005029 0.0003241541116980984 0
4100 0.002295574397742611 0.0006399674650899038 0
4101 0.002534570044424908 0.0009368413756640926 0
4102 0.01006768549297331 0.0003290140737729165 0
4103 0.01023974520792978 0.0006784040218227553 0
4104 0.01041155278679599 0.001055549905672393 0
4105 0.07576096665001372 0.002208660210759726 0
4106 0.07556160475607854 0.002532446619354617 0
4107 0.07589799585656185 0.002521866246947593 0
4108 0.07515788046981137 0.002583789890663196 0
4109 0.07538978993201914 0.002871655212072268 0
4110 0.07897688776080351 0.001178994424527614 0
4111 0.0791744063484518 0.0008541773540666645 0
4112 0.07954453708157458 0.0008581892360115903 0
4113 0.07937821479399654 0.0005763161117886642 0
4114 0.07879702550781859 0.0008760264938305492 0
4115 0.05978848216611328 0.0011042110485985 0
4116 0.05959868769735303 0.0007729057145656551 0
4117 0.0600060252825674 0.0007593938723760916 0
4118 0.06021611560598912 0.0003945737214181716 0
4119 0.05917473796787934 0.0007620719106003946 0
4120 0.05944238209962063 0.0003953032372812073 0
4121 0.05879038680346037 0.0006155540838131675 0
4122 0.06059850738876223 0.0003513982873719803 0
4123 0.06079159429253178 0.00068199136916477 0
4124 0.0611727252126952 0.0006545173045214212 0
4125 0.06099049553181696 0.0009879953178523523 0
4126 0.06849275053436925 0.002922334942523872 0
4127 0.07044265477972562 0.002279021659814784 0
4128 0.07025689204278518 0.002597335303440381 0
4129 0.06987715780862785 0.002613337873946403 0
4130 0.07007147782035369 0.002941998448708788 0
4131 0.0696324665991572 0.002913305234108589 0
4132 0.07063674237433742 0.002590110308605502 0
4133 0.0710026187468691 0.002589956955546063 0
4134 0.07077719832769302 0.00290205748715941 0
4135 0.06568979848771694 0.002012831649511344 0
4136 0.060191519415731 0.001088828242083914 0
4137 0.06358741983849971 0.001053503598339247 0
4138 0.06340169612015083 0.0007214742086812226 0
4139 0.0638043974649104 0.0007172081314697121 0
4140 0.06401349391433681 0.000352829720160589 0
4141 0.06302251666260714 0.0007147113265800014 0
4142 0.06440015644884943 0.0003410781985916541 0
4143 0.06457691216387754 0.000676350046960887 0
4144 0.06324596016090411 0.0003629230877732921 0
4145 0.06264636845736116 0.0006837085637104009 0
4146 0.07631773140194402 0.0012141431324587 0
4147 0.07650332008598543 0.0008826702068117107 0
4148 0.07612344064943788 0.0008876947237143301 0
4149 0.007788209846298466 0.003170985998468065 0
4150 0.007978165953686243 0.002841972483607259 0
4151 0.008358077917831441 0.002841972832392238 0
4152 0.007600898179047369 0.002843499200180149 0
4153 0.008165693104932675 0.002514361939512775 0
4154 0.008540755552520221 0.002508502522682327 0
4155 0.007783878953012524 0.00250864104894212 0
4156 0.007399353845419718 0.002518099481579017 0
4157 0.007191538053491014 0.002185487649040151 0
4158 0.007052608707645569 0.002544526968388832 0
4159 0.007957687929368726 0.002162431064686329 0
4160 0.00679970214624899 0.002246533595745884 0
4161 0.006495939688486441 0.002513467561540728 0
4162 0.006152179313401424 0.002425116310222609 0
4163 0.006250137803640886 0.002776853152405294 0
4164 0.005883307357020154 0.002677857167304972 0
4165 0.00657551298734748 0.002862744361207347 0
4166 0.008746931580231383 0.002837361379080244 0
4167 0.008925840889025476 0.002490295808262206 0
4168 0.009094264733682904 0.002132764419403311 0
4169 0.009315425223294191 0.002454554433980339 0
4170 0.009674138701619837 0.002407020467823086 0
4171 0.009537679413212652 0.002768173419525136 0
4172 0.009921875344020184 0.002707234015483023 0
4173 0.00912839803690689 0.002815314357987241 0
4174 0.01009504697705927 0.003134779560036887 0
4175 0.01034075158913372 0.002803050208486798 0
4176 0.01070635352069928 0.002877112012866783 0
4177 0.01058334146710416 0.00256991564220299 0
4178 0.01097384703135597 0.002621716527142677 0
4179 0.007409838930140702 0.003171851380183011 0
4180 0.003609166845261011 0.003171000139480796 0
4181 0.003419255920590641 0.002842731816968317 0
4182 0.003799090338601881 0.002842782950165353 0
4183 0.004178934672083551 0.002842135917544879 0
4184 0.00398896922192063 0.002513061462231439 0
4185 0.004365650605252749 0.002511484423580632 0
4186 0.004564101090431469 0.002837958768195293 0
4187 0.004744592970317048 0.002499993786466356 0
4188 0.004911581815897598 0.002156020798466204 0
4189 0.005125884657713853 0.002472023814548528 0
4190 0.004945781034067662 0.002818022656456288 0
4191 0.005306668938221543 0.002812037336914734 0
4192 0.005495660739889378 0.003166238749527104 0
4193 0.01658046277189073 0.003219857240041443 0
4194 0.0814719083193278 0.0003022987785585634 0
4195 0.07424143160324631 0.002227450265342395 0
4196 0.07404192941028698 0.002552239612760034 0
4197 0.07367365924646643 0.002563943810362926 0
4198 0.07381753932633248 0.0028864399214593 0
4199 0.07350271989150252 0.002830801570715333 0
4200 0.07326167539105781 0.002591330293022109 0
4201 0.07443573998137099 0.002555231261903368 0
4202 0.07347556497783884 0.002242061406265583 0
4203 0.06857423192361704 0.0003245584126451634 0
4204 0.06875612751080196 0.000655543305284439 0
4205 0.06914276069867073 0.0006547507333487981 0
4206 0.06893121103837821 0.000985109971690826 0
4207 0.06398677003730913 0.001044851271589324 0
4208 0.07617368534248761 0.003178321537535466 0
4209 0.07883426963435301 0.003173961564675162 0
4210 0.06189150191512149 0.002062793645863481 0
4211 0.06168652665660999 0.002383709546534156 0
4212 0.06132252410808893 0.002397668068653132 0
4213 0.06206405469018539 0.002433032104247131 0
4214 0.06150429731188364 0.002733102971967602 0
4215 0.06114200086133994 0.002760915837690893 0
4216 0.06094125169321188 0.002411797949931511 0
4217 0.06075573578699757 0.002764687587314079 0
4218 0.06057662034814774 0.003113924130535942 0
4219 0.06037288896241058 0.002787662075915999 0
4220 0.0605560619858351 0.002432973924586706 0
4221 0.06016804478415733 0.002455962277139506 0
4222 0.05999535310102019 0.002813324978223602 0
4223 0.05978628606900943 0.002484875202016681 0
4224 0.05961676356884089 0.00283010718067078 0
4225 0.05941193400935083 0.002501929101489702 0
4226 0.05923947241108672 0.00284760181587244 0
4227 0.05903651240404574 0.002506023622998531 0
4228 0.05883374429877136 0.002164791672148766 0
4229 0.05866771357316627 0.002485257398523247 0
4230 0.05997472125348634 0.002128778214193876 0
4231 0.05944762623136415 0.003169231720067308 0
4232 0.05712948758325344 0.001138892490983912 0
4233 0.0573167983086171 0.0008083604892511651 0
4234 0.05774058677429861 0.0008103790093922249 0
4235 0.05693747337882307 0.0008335876881460204 0
4236 0.05748690261227579 0.0004846683894751968 0
4237 0.07729601311493203 0.003174278895836485 0
4238 0.07712227074235822 0.002841971963936794 0
4239 0.07674235807860275 0.002847738085422258 0
4240 0.07690794765231977 0.002494589345820408 0
4241 0.07023966110306942 0.001294587214266434 0
4242 0.0704296718344668 0.0009655440703391496 0
4243 0.07005823633352218 0.0009711000026832531 0
4244 0.07080586567368979 0.000958452593963509 0
4245 0.07063520988366265 0.0006339199781631255 0
4246 0.07099071689676685 0.0006265404594739535 0
4247 0.07118500797432006 0.0009530134434481276 0
4248 0.02674781660303079 0.002198851363432325 0
4249 0.02654889097424505 0.00252288206009337 0
4250 0.026886526856552 0.002513300493589764 0
4251 0.02618003701481715 0.00252740652786722 0
4252 0.0263254207178463 0.002849628502604873 0
4253 0.02502529874797947 0.001234028685743454 0
4254 0.02521222469030248 0.0009116674313696238 0
4255 0.02559112806971842 0.0009095079223119782 0
4256 0.02542153040851826 0.0006111286478180447 0
4257 0.02484216668351247 0.0009217547637109994 0
4258 0.0244721871076093 0.0009222039851433051 0
4259 0.0257851223847359 0.001226320787013432 0
4260 0.02597065230660662 0.000892960469997927 0
4261 0.02598767197525969 0.002207538120147658 0
4262 0.02580193068532076 0.002532107046415199 0
4263 0.0253877788943564 0.002584066526412736 0
4264 0.02565902492890962 0.002872120652870488 0
4265 0.07313318777292578 0.0003213979738850398 0
4266 0.07275327510917032 0.0003277446773405476 0
4267 0.07256331877729258 0.0006510292647080446 0
4268 0.07218413680964218 0.0006564397065776857 0
4269 0.07235958770688665 0.000974201027072468 0
4270 0.07293692413894806 0.0006373008754688204 0
4271 0.02426904752460241 0.001245518179126539 0
4272 0.02409655237348256 0.0009325590377398689 0
4273 0.07099954250508539 0.001284582598867357 0
4274 0.02032532751091698 0.0003290140180316065 0
4275 0.02013537117903934 0.0006541521012216019 0
4276 0.01975545851528403 0.0006543786523594453 0
4277 0.01993224698823175 0.0009788859059176587 0
4278 0.01956550218340619 0.0003284057874145512 0
4279 0.0193755458515286 0.0006543150391125482 0
4280 0.01899563318777538 0.0006574092032385402 0
4281 0.01916951292690948 0.0009867795102067548 0
4282 0.01878983293784178 0.0009877408874325927 0
4283 0.01861307987100985 0.0006563447878857524 0
4284 0.01880523674706205 0.0003286303378662689 0
4285 0.01842525073183208 0.0003286695299753208 0
4286 0.018235282174708 0.000655993498421884 0
4287 0.01785580758224536 0.0006568623115658849 0
4288 0.01804585152837367 0.0009870420540814568 0
4289 0.01766592426225229 0.0003288197306162786 0
4290 0.01747596549664712 0.0006569747325194106 0
4291 0.01709606702966945 0.0006578524854798631 0
4292 0.01728602620087698 0.0009870420540650949 0
4293 0.01690215571675524 0.0009891959490958082 0
4294 0.0167167488064106 0.0006575927615837878 0
4295 0.01650692072682551 0.00100048376503164 0
4296 0.01705264100204786 0.001337725331118316 0
4297 0.01690626740281695 0.0003288805543904666 0
4298 0.02051528384279465 0.0006535061120814438 0
4299 0.02089519650654992 0.0006525247818526131 0
4300 0.02069207009649868 0.0009750140932428286 0
4301 0.02108515283842768 0.0003280968089966055 0
4302 0.02127510917030517 0.0006522083586421677 0
4303 0.02146506550218306 0.0003278912036223912 0
4304 0.02165502183406055 0.0006568709540917498 0
4305 0.02203493449781592 0.0006517728599390474 0
4306 0.02182890462529861 0.0009775757337733824 0
4307 0.02222489082969396 0.0003279714886781247 0
4308 0.0224156460389024 0.0006502881906466 0
4309 0.02144921484819114 0.0009761540790870812 0
4310 0.02260493663967125 0.0003275502889036677 0
4311 0.02279571403991704 0.0006560328749313389 0
4312 0.02317483152484778 0.0006503175937611777 0
4313 0.02296962768831747 0.000972953670054897 0
4314 0.02336465532692137 0.0003277289443150845 0
4315 0.02354777658681752 0.0006369563089426448 0
4316 0.0727502210722675 0.003174329353169417 0
4317 0.07254463265483761 0.002853023755461682 0
4318 0.07219360088463971 0.00285965360766014 0
4319 0.0723733624454147 0.002512957945905127 0
4320 0.07292060308778653 0.002829372928635723 0
4321 0.02692470224405127 0.001209383421917968 0
4322 0.02673041117970161 0.0008829114361928628 0
4323 0.02712432096372258 0.0009176190265986484 0
4324 0.06495660038764794 0.002015363613116518 0
4325 0.07859700834627611 0.001184020606273093 0
4326 0.0199454148471615 0.003170985981968356 0
4327 0.02013537117903912 0.002856002549189286 0
4328 0.02051528384279452 0.002857409083866579 0
4329 0.02031385779028995 0.002521302576167919 0
4330 0.01975545851528385 0.002858340980064892 0
4331 0.01937554585152903 0.002859666112642725 0
4332 0.01955403477264146 0.002525500926598341 0
4333 0.01918558951965134 0.003173935006752666 0
4334 0.01899563318777463 0.002860378472203341 0
4335 0.01861572052402122 0.00286094478466463 0
4336 0.01879421194876264 0.002529535603152873 0
4337 0.01842576419214243 0.003174148118755316 0
4338 0.01823580786026759 0.002861566192873403 0
4339 0.01785589519651624 0.002862085737239293 0
4340 0.01803645720790315 0.002537288421403205 0
4341 0.01766593886463596 0.003170985981956435 0
4342 0.01750290295859999 0.002881999766421609 0
4343 0.02070524017467236 0.003173558835290006 0
4344 0.02089519650654998 0.002858072315199686 0
4345 0.02127510917030535 0.002844655355814056 0
4346 0.02108515283842778 0.002512957945905476 0
4347 0.02151864723930577 0.002540359485867438 0
4348 0.02166395212358142 0.002858693123334962 0
4349 0.07973701023756402 0.001171566081575599 0
4350 0.02298471615720515 0.003170985981968369 0
4351 0.02317467248908284 0.00285229417315313 0
4352 0.02279475982532744 0.00285401454135589 0
4353 0.0235545851528383 0.002853094917402507 0
4354 0.02335117374875098 0.002504256953380698 0
4355 0.02260480349344971 0.003172993078204897 0
4356 0.02241484716157204 0.002844313576212721 0
4357 0.02265838365230664 0.002538633667439122 0
4358 0.02222335311989255 0.002507817296670237 0
4359 0.02203616659443629 0.00285599932176821 0
4360 0.02184667189696215 0.003176110734840011 0
4361 0.02716375545851518 0.003176544143751415 0
4362 0.06472705755301239 0.001038430230791627 0
4363 0.0539135539308099 0.002169056583648798 0
4364 0.05373218503172027 0.002502731838784974 0
4365 0.05412195708458958 0.00250537507818327 0
4366 0.05334807989370408 0.002505106707569131 0
4367 0.05355427863988811 0.00283763642902859 0
4368 0.07728911118658541 0.0003082497710434843 0
4369 0.07465247244343 0.0003231847320384683 0
4370 0.03324235807860252 0.000329014018031639 0
4371 0.03303490120219325 0.0006329369387863145 0
4372 0.0326629908668256 0.0006343323814287183 0
4373 0.03341189797280351 0.0006279829769204788 0
4374 0.03379132553741584 0.0006263866234752396 0
4375 0.06303066694366853 0.002047992129819966 0
4376 0.06322494769316042 0.00237446847482696 0
4377 0.0636019191907399 0.002367817476690849 0
4378 0.06341845880283885 0.002678467290579713 0
4379 0.06303935688494527 0.002705966768980424 0
4380 0.0638610781524669 0.002719114517347652 0
4381 0.06355939843170119 0.002987406169072072 0
4382 0.06284506580739212 0.002379493785006191 0
4383 0.06261896752029769 0.002741930205995912 0
4384 0.02940697257846183 0.002163673666345336 0
4385 0.02922134921535911 0.002492524675790028 0
4386 0.02880754387898332 0.002555707652878588 0
4387 0.02904940667149112 0.002800080372947557 0
4388 0.02960122290041597 0.002487065316477799 0
4389 0.02995802309253557 0.002479176231897833 0
4390 0.02974525203594867 0.002816889679733699 0
4391 0.01348689956262922 0.00317098598141319 0
4392 0.01329694323022587 0.002841971964431059 0
4393 0.01291703056976127 0.002841971964529163 0
4394 0.01315809930331457 0.002532713149425994 0
4395 0.012770424565892 0.002458479298595562 0
4396 0.01354653245619541 0.002535301366889307 0
4397 0.01254434296574806 0.002832892187810118 0
4398 0.01235442402880545 0.002503038525281997 0
4399 0.0121596198413134 0.002838805424973181 0
4400 0.01196593406666555 0.0025071775711811 0
4401 0.01177747589722179 0.00284048080199074 0
4402 0.01158733628776255 0.002512957952272045 0
4403 0.01219041026370538 0.00210554657616348 0
4404 0.01137351255455198 0.002157592073472549 0
4405 0.01134548609725277 0.002822986598116321 0
4406 0.01368679470838057 0.002845695866743951 0
4407 0.01405842502393597 0.00284259261148271 0
4408 0.01392979946955348 0.002535749696969338 0
4409 0.01430410691214325 0.002568398673591301 0
4410 0.01444196018878756 0.002878653655473908 0
4411 0.01157871403703447 0.003171202157025762 0
4412 0.01272827841449687 0.003169472685038708 0
4413 0.01424790532168296 0.003178701994257838 0
4414 0.05295079639871011 0.001194294476297454 0
4415 0.05311401165128786 0.0008678976438391903 0
4416 0.05351626281558121 0.0008576682369904935 0
4417 0.05270802599994837 0.0008785983236723 0
4418 0.05323724815518718 0.0005729015884452509 0
4419 0.037801310043668 0.0003290140180316412 0
4420 0.03762296314436556 0.0006630615851210837 0
4421 0.03722768542068566 0.0006654522700413324 0
4422 0.03800338196888382 0.0006632501489946239 0
4423 0.03837117903930119 0.0006580280360632699 0
4424 0.03752362842983671 0.001039920688184003 0
4425 0.03691381584158697 0.0008534926252276671 0
4426 0.0351419213973798 0.0003290140180316357 0
4427 0.03495196506550208 0.0006368178488715007 0
4428 0.03458056643419118 0.0006495774259408856 0
4429 0.03476200873362435 0.0009870420540949057 0
4430 0.03532313044086879 0.0006182411332107719 0
4431 0.0356928384338446 0.0006209325161352084 0
4432 0.02754684940340948 0.0003252471165101514 0
4433 0.02772072031891754 0.0006405611001666942 0
4434 0.02809387611745753 0.00064017429847057 0
4435 0.06254494360369223 0.003138541757883208 0
4436 0.0351419213973798 0.00317098598196836 0
4437 0.03533187772925753 0.002841971963936721 0
4438 0.03571179039301299 0.002841971963936721 0
4439 0.03495951408297965 0.002846330391209515 0
4440 0.03552183406113526 0.002534064902773859 0
4441 0.03588658034771743 0.002525232083993506 0
4442 0.03608917532723956 0.002844017653618128 0
4443 0.03626104728887697 0.002477891053820027 0
4444 0.035711790393013 0.002183943927873443 0
4445 0.03513126789019277 0.002487578651072075 0
4446 0.03472343106942285 0.002508729091110166 0
4447 0.06113084840509912 0.002072948030311728 0
4448 0.08263100436681226 0.003170985981968365 0
4449 0.08111378046540521 0.003168840672565928 0
4450 0.08095302603607873 0.002810938170996289 0
4451 0.08130698591761995 0.002836442073596065 0
4452 0.08111135371179037 0.002512957945905107 0
4453 0.0814912663755458 0.00251295794590504 0
4454 0.08168122254135368 0.00284197186805631 0
4455 0.08148989267987243 0.003171413188221013 0
4456 0.03324235807860253 0.003170985981968349 0
4457 0.03344878674385038 0.002851482270042138 0
4458 0.03380420014690659 0.002849776414626116 0
4459 0.03362227074235801 0.002512957945905092 0
4460 0.03403143628760588 0.00255000800712871 0
4461 0.03434937052970935 0.002326490257052201 0
4462 0.03436981804679929 0.002626527648966434 0
4463 0.03324235807860255 0.002512957945905077 0
4464 0.03469504227980307 0.00210298758440283 0
4465 0.0335256114492788 0.002134692757296903 0
4466 0.03287098401645612 0.002346653145794893 0
4467 0.03289507723622417 0.002716757636262525 0
4468 0.03257397907130117 0.002556643318930686 0
4469 0.03221024032351442 0.002449016698946287 0
4470 0.0323235235155209 0.002811378111481023 0
4471 0.03191117594051945 0.002722677164813865 0
4472 0.03170698661811693 0.003112156694105236 0
4473 0.03144000870759912 0.002803360456794973 0
4474 0.03106469242782068 0.002904662045630742 0
4475 0.03118626775808823 0.002537595145484938 0
4476 0.03080078949498114 0.00261964291835884 0
4477 0.03054055972772302 0.002309741858513547 0
4478 0.03074979701280039 0.002946162014032195 0
4479 0.03045587497494924 0.0027877931402512 0
4480 0.03133723901956149 0.002163744251033014 0
4481 0.0324860316665086 0.003156648792348141 0
4482 0.02754366812227065 0.003171912342265549 0
4483 0.02773362445414837 0.00284696874751814 0
4484 0.02809574844556437 0.002853075055964022 0
4485 0.02792358078602611 0.002512957945905087 0
4486 0.03224326346435862 0.001156370268100016 0
4487 0.0320660841461801 0.0008757554297729268 0
4488 0.03168600656877204 0.0008701496679675803 0
4489 0.04691921397379904 0.0003290140180316448 0
4490 0.04710917030567677 0.0006499870064089464 0
4491 0.04748908296943224 0.0006477342988536624 0
4492 0.04733937882774284 0.0009640912328923629 0
4493 0.02906331877729248 0.0003290140180316383 0
4494 0.02885585347946246 0.00064151225303182 0
4495 0.02923284867425725 0.0006379744875684168 0
4496 0.02961227579864345 0.0006366007401184669 0
4497 0.05598991578595366 0.001154087776927667 0
4498 0.05579580589878347 0.0008466082739784043 0
4499 0.0554215241949913 0.0008389933441647242 0
4500 0.05561883997695797 0.0005073725258692861 0
4501 0.05617541887141386 0.0008224966186728144 0
4502 0.07765425587639946 0.002190430731651424 0
4503 0.07750398694025507 0.002537337493602958 0
4504 0.07120004570989161 0.002267206464586054 0
4505 0.07135186725271711 0.002584123366004651 0
4506 0.07328594447011946 0.001265389885452739 0
4507 0.07465213251723818 0.003185070770326599 0
4508 0.07480741344128858 0.002830375806475471 0
4509 0.06705182398911919 0.003170613178517467 0
4510 0.06688818782502595 0.002850076569039369 0
4511 0.03646775908230756 0.002836468430202783 0
4512 0.03665949137740285 0.002529837830009069 0
4513 0.03589858806502932 0.0003228314313769608 0
4514 0.03607052488550082 0.0006195895293319893 0
4515 0.04084061135371168 0.0003278019934675948 0
4516 0.04065065502183395 0.0006580280360632806 0
4517 0.03932096069868984 0.0003290140180316409 0
4518 0.03913100436681211 0.0006580280360632808 0
4519 0.03951091703056758 0.0006580280360632823 0
4520 0.03989082969432303 0.0006580280360632791 0
4521 0.03908066225418685 0.001034841811452064 0
4522 0.03876321528170016 0.0006629904692270312 0
4523 0.03832077659867461 0.00103530543950706 0
4524 0.0280643405668973 0.001194310869459467 0
4525 0.02488118756379638 0.003173968219204738 0
4526 0.02505261293818902 0.002824994874526135 0
4527 0.02467189603496765 0.00285020960507875 0
4528 0.02450011364200646 0.003172855961698091 0
4529 0.07138089205868148 0.001288094916358655 0
4530 0.03780131004366801 0.00317098598196836 0
4531 0.03799126637554574 0.002841971963936721 0
4532 0.0383711790393012 0.002841971963936728 0
4533 0.03818122270742348 0.002512957945905084 0
4534 0.03856113537117894 0.002512957945905094 0
4535 0.03780131004366803 0.002512957945905075 0
4536 0.03761135371179028 0.00284197196393672 0
4537 0.03723144104803482 0.002841971963936723 0
4538 0.03742139737991254 0.002512957945905081 0
4539 0.02374454148471606 0.003172839807545984 0
4540 0.02393449781659379 0.002853537345707008 0
4541 0.02430996376712299 0.00284558413104373 0
4542 0.02412445414847153 0.002512957945905075 0
4543 0.02450436681222698 0.002512957945905105 0
4544 0.05109825327510911 0.0003290140180316435 0
4545 0.05128820960698684 0.0006449347897184308 0
4546 0.0516681222707423 0.0006558458283391457 0
4547 0.05147816593886456 0.0009870420540949226 0
4548 0.05188254996418065 0.0009739426977983309 0
4549 0.05207521903468505 0.0006217794956454746 0
4550 0.03170241795506484 0.0003050825191562975 0
4551 0.02450400789159506 0.0003233636920288885 0
4552 0.05451746724890824 0.003170985981968364 0
4553 0.05470742358078597 0.002841971963936714 0
4554 0.05508733624454142 0.0028419719639367 0
4555 0.05489737991266369 0.002512957945905072 0
4556 0.05527729257641913 0.002512957945905049 0
4557 0.05547258274573197 0.002838654147782842 0
4558 0.05565572690707003 0.00249593067862042 0
4559 0.05582586742286154 0.002150810790697927 0
4560 0.05604929510038282 0.002480354470745936 0
4561 0.05451056215234894 0.002508681693273883 0
4562 0.05585664889913426 0.002820727305031959 0
4563 0.05625098485291437 0.002808280118152908 0
4564 0.05642993706459164 0.003158872114772878 0
4565 0.0566411618748064 0.002833996327444383 0
4566 0.05700340497849547 0.002864854057620347 0
4567 0.05684445882607642 0.002510494628508537 0
4568 0.05723879056340544 0.002552686075549186 0
4569 0.05505778214747811 0.002166992907413318 0
4570 0.05527818154932501 0.003170433012609376 0
4571 0.05375540742979207 0.003170516490582714 0
4572 0.05393814894802888 0.002838202963747437 0
4573 0.05655553892542999 0.0008286889678985524 0
4574 0.0453905855727496 0.003177608286850419 0
4575 0.04520511086509389 0.002844630231690509 0
4576 0.04481863532516508 0.002867610776656902 0
4577 0.04498796381518573 0.002561920671315105 0
4578 0.03932096069868984 0.003170985981968358 0
4579 0.03951091703056758 0.002841971963936716 0
4580 0.03987896735418801 0.002848820689206895 0
4581 0.03970087336244531 0.002512957945905074 0
4582 0.03932096069868985 0.002512957945905071 0
4583 0.04007358170937661 0.002558061712747082 0
4584 0.03913100436681211 0.002841971963936718 0
4585 0.07161413303119323 0.003178450831269487 0
4586 0.07652957837959826 0.000312382003122361 0
4587 0.07199357156434352 0.0003287492964506849 0
4588 0.07179637170997012 0.0006561685666966641 0
4589 0.06971324188760611 0.000323794255246219 0
4590 0.06933371513264729 0.0003275978404483307 0
4591 0.06951957810623569 0.0006497792745816539 0
4592 0.004751675790084731 0.00316505977494352 0
4593 0.03891360597696562 0.002014391582464325 0
4594 0.02829756241975166 0.00317506529590059 0
4595 0.06134290601462407 0.00311255612771229 0
4596 0.06173580786026195 0.003058310192973544 0
4597 0.0620560360068862 0.002828401935176472 0
4598 0.04919864234366424 0.003172389940550782 0
4599 0.04900872568900948 0.002847534352570077 0
4600 0.04862881963812453 0.002848996828633694 0
4601 0.04881041039144449 0.002539825485238104 0
4602 0.04843886440839187 0.003172156792751184 0
4603 0.04824318392969634 0.00285274052627012 0
4604 0.04805799786711946 0.003172975877487727 0
4605 0.04786215844557593 0.002847403190074189 0
4606 0.04748794343816361 0.002850228161084299 0
4607 0.0476633245004466 0.002542872312298083 0
4608 0.07655260112331129 0.003173169594810455 0
4609 0.07636244541484725 0.002841971963936624 0
4610 0.05831869923283288 0.0002985989073882713 0
4611 0.05812385202068307 0.0006433218342212529 0
4612 0.05413872466185271 0.0003242491552305953 0
4613 0.05396334246831778 0.0006265806537964994 0
4614 0.05429976744491377 0.0006263004571094373 0
4615 0.05411285960047794 0.0009573341812316508 0
4616 0.05472257734313209 0.0008852225415702008 0
4617 0.04615938864628812 0.0003210280363716591 0
4618 0.04636114999604238 0.0006430362817340209 0
4619 0.05033842794759818 0.0003290140180316457 0
4620 0.05052838427947591 0.0006458597958517935 0
4621 0.05090829694323137 0.0006407245419590411 0
4622 0.05070460714063773 0.0009818700021918777 0
4623 0.05014847161572045 0.0006438317558165429 0
4624 0.04978028789717083 0.0006488902796836003 0
4625 0.05002368956746776 0.0009486692072216587 0
4626 0.04958055744428824 0.0003274910586350303 0
4627 0.04938864628820954 0.000658028036063299 0
4628 0.0453995633187772 0.0003278731635087883 0
4629 0.04561917116083695 0.0006946776587083243 0
4630 0.04521454890526314 0.0006577230958828228 0
4631 0.04502047430808236 0.0003287730522477576 0
4632 0.06378702337563924 0.002036048744426494 0
4633 0.04483065525171473 0.0006579370517358957 0
4634 0.04446159438004667 0.0006467019540015927 0
4635 0.04468388894614654 0.0009855092679606366 0
4636 0.04507659860279935 0.0009747505106288267 0
4637 0.04403668356535197 0.002299314847011784 0
4638 0.04423364501685765 0.002606327441925578 0
4639 0.04328318291357216 0.00229737932438342 0
4640 0.04347550842470556 0.002600639679146421 0
4641 0.04386041129183289 0.002604760584131376 0
4642 0.05789712005287578 0.001151513632700284 0
4643 0.03967888796623728 0.00199668303187984 0
4644 0.02676398471655772 0.0003157801845466871 0
4645 0.02637893905045598 0.0003137743443542484 0
4646 0.02958598860908922 0.001201418691918083 0
4647 0.05223799126637547 0.003170985981968357 0
4648 0.05204557833635158 0.002843390281537693 0
4649 0.05241804553290787 0.002843692287235451 0
4650 0.05166771283771793 0.002842208350203549 0
4651 0.0518437877792974 0.002513657060091271 0
4652 0.05147331897094432 0.002514632777767067 0
4653 0.0512821953947625 0.00284908045633964 0
4654 0.04729893671567641 0.003172362014826286 0
4655 0.04710917030567678 0.002841971963936706 0
4656 0.04691918232015269 0.003171215320778008 0
4657 0.04672925764192132 0.002841971963936703 0
4658 0.04634016522953394 0.002871122009943001 0
4659 0.04273857933309617 0.003171907051596242 0
4660 0.04255021834061125 0.002841971963936716 0
4661 0.04215815999779829 0.002888066652403829 0
4662 0.04292592264224813 0.002853430456145283 0
4663 0.04174749053641413 0.002319544069275234 0
4664 0.05315378927278758 0.002178668241671028 0
4665 0.05296820045715656 0.002510131224471657 0
4666 0.04673122514490073 0.0006461482090783439 0
4667 0.04659364469810719 0.0009664952647587023 0
4668 0.04767903930130996 0.0003272983951633729 0
4669 0.03477081592068151 0.00317607081378662 0
4670 0.05087451219686587 0.002208780825010065 0
4671 0.05049463972408728 0.002214057699529916 0
4672 0.05030810687123442 0.002544849862335875 0
4673 0.04993123952609678 0.002549057596719471 0
4674 0.05013060915102108 0.002871802234038875 0
4675 0.05069177799673472 0.002538662006537966 0
4676 0.05300370650215105 0.0002968370816790777 0
4677 0.04197688891556696 0.003197636053745129 0
4678 0.03642211428483774 0.001098899578889058 0
4679 0.03096133704586439 0.0003271923899500274 0
4680 0.03076409906027212 0.0006471917496668174 0
4681 0.03039774058963056 0.0006526432211911052 0
4682 0.03057653159733351 0.0009408162200840561 0
4683 0.03020384468342452 0.0003281165488862828 0
4684 0.03000797934199313 0.0006405925854115356 0
4685 0.05256658354047936 0.001202204570437672 0
4686 0.05232528271081102 0.0009024604670117527 0
4687 0.05223799126637549 0.0003290140180316429 0
4688 0.04786899563318769 0.0006470729104497343 0
4689 0.04827206921555024 0.000635490754565971 0
4690 0.04813008063433365 0.0009551210543687343 0
4691 0.04575311896373891 0.001295927061084517 0
4692 0.04591867408463073 0.0009581585750410158 0
4693 0.07593788759779832 0.001221181217064304 0
4694 0.04426179411428717 0.0003221648999816886 0
4695 0.05695258318162623 0.002128388554569705 0
4696 0.05760894375694653 0.00241958284093403 0
4697 0.05755893924269854 0.002774344485413449 0
4698 0.05789951764373168 0.002652240475033867 0
4699 0.06206857657813169 0.001070906901172615 0
4700 0.0618843003962426 0.000736228083079457 0
4701 0.06227278961194339 0.0007014859101565341 0
4702 0.0617182707711505 0.0003640112327964351 0
4703 0.05646715966914181 0.000301881375528001 0
4704 0.04274017467248898 0.0003290140180316457 0
4705 0.04293013100436671 0.0006549658057294094 0
4706 0.04255021834061125 0.0006544554340070961 0
4707 0.0433398892251143 0.000711730441385363 0
4708 0.04309279373027691 0.0009483646286323922 0
4709 0.04236026200873352 0.0003284185843556121 0
4710 0.04218136894512386 0.0006509459825285609 0
4711 0.04182658572059306 0.0006553078431203803 0
4712 0.04241342050514269 0.0009838125891046979 0
4713 0.03704148471615709 0.003170985981968363 0
4714 0.03856315596761951 0.0003298410902255969 0
4715 0.03627760325012468 0.0003183637389609273 0
4716 0.03645081310062653 0.0005954727199637942 0
4717 0.02981893657911931 0.0003223873154079874 0
4718 0.043836058420535 0.001317635856119185 0
4719 0.04399011601622181 0.0009770693586244458 0
4720 0.04363939746534558 0.0009883056764561577 0
4721 0.07389301310043669 0.0003290140180316288 0
4722 0.04160646879913805 0.0003269169231713729 0
4723 0.04876844051243567 0.001253257197986349 0
4724 0.04852109341744372 0.0009392453732159508 0
4725 0.04895770957701091 0.0009179624398208045 0
4726 0.04974222561975524 0.00221986319627299 0
4727 0.04348883262425025 0.003188807603258467 0
4728 0.06074596184545569 0.002086499869864751 0
4729 0.03704139444669476 0.002523831941447173 0
4730 0.03248807775525684 0.000320949366337187 0
4731 0.03663702259205383 0.002034714837994004 0
4732 0.04593253945908427 0.002267723754138524 0
4733 0.04574337191961862 0.002569440877000197 0
4734 0.04006306820546636 0.003183641318933261 0
4735 0.04155368461924313 0.001345320140761202 0
4736 0.03739405574895148 0.002032255811235026 0
4737 0.03704085877826557 0.0003077573791499513 0
4738 0.04615657615303601 0.003186657800555851 0
4739 0.05432218559996906 0.002839367277179671 0
4740 0.04463879760028169 0.003178431602816674 0
4741 0.04425982532751083 0.003170985981968352 0
4742 0.04008078602620076 0.000328902429746477 0
4743 0.0491990157603653 0.0003182663064234816 0
4744 0.0381538270041577 0.002023002649605194 0
4745 0.03984060309987037 0.001038550845481403 0
4746 0.0579507702974075 0.003183140427049414 0
4747 0.05832524043389446 0.003180208762292115 0
4748 0.03894104803493439 0.002512957945905068 0
4749 0.04670668709558194 0.002251774683057959 0
4750 0.03438351507527632 0.0003276055830112364 0
4751 0.03418649717143989 0.0007008858276218569 0
4752 0.03685152838427936 0.002841971963936726 0
4753 0.05147709533132311 0.003172210128413319 0
4754 0.0425278807902157 0.002294778699403747 0
4755 0.04080545027750122 0.002011424268772601 0
4756 0.04044100772022936 0.002005687720951355 0
4757 0.05566155917465744 0.00316365260673501 0
4758 0.04350497425949859 0.000333453807384654 0
4759 0.03566337324062432 0.001107392087427275 0
4760 0.05186260928598457 0.0003226088933413176 0
4761 0.05261416794042159 0.003172476850500414 0
4762 0.02847016150811049 0.002818454256902988 0
4763 0.05277429395585181 0.002181666600562855 0
4764 0.04843886462882088 0.0003290140180316401 0
4765 0.0537547707233114 0.001176615390361079 0
4766 0.06597056362916445 0.00322144861030762 0
4767 0.02730458169380228 0.001204359903264504 0
4768 0.05429679877674044 0.002166889849385051 0
4769 0.06664191383482784 0.002305898683606718 0
4770 0.04914997488468405 0.001261015587665366 0
4771 0.03590132543663591 0.003171326930248596 0
4772 0.03020615068164453 0.002155910990951048 0
4773 0.03400218340611343 0.0003290140180316329 0
4774 0.07919604454854663 0.003175612616976743 0
4775 0.07902183406113547 0.002841971963936802 0
4776 0.03300277324201507 0.001128992149726719 0
4777 0.03376471868379652 0.001138573971244302 0
4778 0.03856113537117892 0.003170985981968364 0
4779 0.02882409943999233 0.001184261835654441 0
4780 0.06331142978509928 0.003229736942649545 0
4781 0.03628052511264617 0.003170466499339645 0
4782 0.05109621979300386 0.003177457058109816 0
4783 0.03875109170305666 0.002841971963936728 0
4784 0.04938794381014424 0.002853948293804613 0
4785 0.006270498125089875 0.003136934592511915 0
4786 0.02846974514232232 0.0006365701209322082 0
4787 0.05449330762469357 0.0003115404050281594 0
4788 0.0715720879906612 0.00225838974134762 0
4789 0.07169541367894469 0.002574187002997975 0
4790 0.07308913980860901 0.002240353973207145 0
4791 0.03150534255581369 0.001171631372730226 0
4792 0.08068658930213517 0.002135765639390373 0
4793 0.03399007326866776 0.003178506123421742 0
4794 0.05827074475316659 0.001156714066084756 0
4795 0.02829626584315102 0.0003224620759110077 0
4796 0.0567498464118826 0.001146707305072958 0
4797 0.05523605748867522 0.001169686315627443 0
4798 0.02863603774018629 0.002187196299251658 0
4799 0.06834026355949313 0.001319682562643025 0
4800 0.06855807967700085 0.0009921757115562754 0
4801 0.08225797760158261 0.0003187829818442874 0
4802 0.08245312706115154 0.000587793747446014 0
4803 0.06283139069581635 0.001048976212212944 0
4804 0.03113634288593294 0.0006128381473653678 0
4805 0.06246327885683009 0.002391933489776493 0
4806 0.02735371179039292 0.002841971963936779 0
4807 0.02616495299448887 0.001219734155787215 0
4808 0.02389431285100905 0.001261247503975543 0
4809 0.06226723015511988 0.002066442251122532 0
4810 0.07500120777691285 0.002218709244123846 0
4811 0.06740044878842055 0.002302251591281987 0
4812 0.02635053174315412 0.0008879359530953845 0
4813 0.06986799887513129 0.001303120525068471 0
4814 0.06968289256938598 0.002288818054984599 0
4815 0.02374341114137289 0.0003170824996241127 0
4816 0.07424796415365278 0.0009229805818759093 0
4817 0.08279257450153953 0.001141232733155651 0
4818 0.02709895269132234 0.002183273788724174 0
4819 0.06417120923061922 0.002022062085159724 0
4820 0.07955974987752548 0.002157572954166517 0
4821 0.0716113671582866 0.0003274214020532618 0
4822 0.02522531062236908 0.002219728599680817 0
4823 0.06930298596015116 0.002291785976980923 0
4824 0.06511205606289452 0.001022412972511177 0
4825 0.07993785814885428 0.0008639464690223524 0
4826 0.08012133923699449 0.001170416239947432 0
4827 0.05902240974065797 0.001137678087074784 0
4828 0.07879270337906723 0.002164175421753314 0
4829 0.02146683617227391 0.003175074199326231 0
4830 0.07199524822905803 0.003186706063384883 0
4831 0.07933977001981719 0.002546317152224574 0
4832 0.07442554187864989 0.001242761351387752 0
4833 0.06725953175940905 0.002856698987865857 0
4834 0.0761179457034882 0.002193946786792602 0
4835 0.06948721673828828 0.002597141985224835 0
4836 0.08202136575844318 0.001170655494888389 0
4837 0.07707769606169744 0.001206042878259046 0
4838 0.07688334401662036 0.0008844370034177102 0
4839 0.01724232694203446 0.002305941501453068 0
4840 0.01629705045074068 0.00200801501727627 0
4841 0.01556288550368082 0.002011467383895755 0
4842 0.01478155956067516 0.00201206450734559 0
4843 0.01401750414782024 0.002038188471961196 0
4844 0.01325236300954215 0.002014686229904543 0
4845 0.01196698756261479 0.003170793267763797 0
4846 0.0106141188050493 0.002062141866359809 0
4847 0.009600829744793087 0.001038628045811151 0
4848 0.008550975396109974 0.003169724379006643 0
4849 0.004370292891509392 0.003169358564293699 0
4850 0.00427460602960969 0.001224941185628488 0
4851 0.003038717585267497 0.002843063646486409 0
4852 0.003229257620830733 0.002513215330208526 0
4853 0.08392124856340512 0.001110444716039644 0
4854 0.07140964436261107 0.0006509087243035071 0
4855 0.002034320740028427 0.001239376975804241 0
4856 0.00284895853989104 0.003171263618205915 0
4857 0.08486969347802711 0.0008222271182164428 0
4858 0.04027074235807849 0.0006574541534538673 0
4859 0.01500655021834061 0.003172197526212778 0
4860 0.002253969128927988 0.002187642665908126 0
4861 0.004144520601391866 0.002168988781842176 0
4862 0.01571392641778674 0.001030051070240984 0
4863 0.05337089977674007 0.003168609402488234 0
4864 0.05107714384094221 0.002530589692318258 0
4865 0.08181078351827492 0.002210679545987663 0
4866 0.06644306510034984 0.001344554070810481 0
4867 0.08106833122482787 0.002136629760178554 0
4868 0.06683544118819459 0.001334368868583371 0
4869 0.0003664629628144511 0.00156705182408295 0
4870 0.01743251377918694 0.001334788308213571 0
4871 0.0002863977706477408 0.002287739759108911 0
4872 0.0002831700890491354 0.0008578348418961605 0
4873 0.08669973759083024 0.0008800042133191674 0
4874 0.08670574738743586 0.001576847134021795 0
4875 0.009316196478497137 0.003154985932384833 0
4876 0.08297699498794055 0.002121494949507728 0
4877 0.01614732283392596 0.0003268930552164497 0
4878 0.08525226052598023 0.002070739859508081 0
4879 0.08669656098376945 0.002238506348058708 0
4880 0.04060040506248977 0.001031759602335879 0
4881 0.005413029691329278 0.001213781811362276 0
4882 0.003605999701284765 0.002514993341698692 0
4883 0.08505217482573783 0.001109752539213631 0
4884 0.001889990972086156 0.00284307529344267 0
4885 0.05317243695841219 0.002840277766226048 0
4886 0.08225629319941133 0.003134037602935165 0
4887 0.01766593886462924 0.0009820822447700597 0
4888 0.07199029002705581 0.0009827012196959215 0
4889 0.05621948197682939 0.002146747480371574 0
4890 0.0225895381256559 0.0009709028961662654 0
4891 0.003385782845598255 0.002174414444192685 0
4892 0.05519806324016941 0.0005610939371730685 0
4893 0.04103056768558942 0.0006520898262239931 0
4894 0.08507169946153567 0.002391556623068177 0
4895 0.05050221357785269 0.002867741012784198 0
4896 0.002844980846683061 0.002518968312489593 0
4897 0.01632657894601471 0.0006661047034423918 0
4898 0.006553540628508603 0.00120555988067603 0
4899 0.01819288245003311 0.001329150550912042 0
4900 0.05486730517581081 0.001181238737635649 0
4901 0.08037753129399478 0.003159208706232161 0
4902 0.01252890079035304 0.002207022879222038 0
4903 0.05846491038070801 0.002104264870372581 0
4904 0.04141048034934487 0.0006494039502879926 0
4905 0.06020558845373179 0.003164559055623481 0
4906 0.002634020351877098 0.002186975621402927 0
4907 0.05259021365288872 0.002508492854562224 0
4908 0.01020979052470421 0.002462410041904776 0
4909 0.01841031549459354 0.0009893306436543087 0
4910 0.07999434347902262 0.003167378388463888 0
4911 0.00769365333422143 0.001196648201615676 0
4912 0.05907106542736303 0.003177828569355852 0
4913 0.04172621770679667 0.00101623003714369 0
4914 0.06838255200345994 0.0006533223452136457 0
4915 0.05708401309583436 0.0005354803085176817 0
4916 0.05646734408837759 0.002489907629629415 0
4917 0.05850307540981428 0.002831785739603921 0
4918 0.01895816020253508 0.001320499879943899 0
4919 0.06134880828365705 0.0003521176959140994 0
4920 0.02984144567436606 0.003168382275528106 0
4921 0.07957201130263081 0.002793386629242879 0
4922 0.05201680007670888 0.002184205095073287 0
4923 0.008824448309147533 0.00119094749279248 0
4924 0.05279401338922719 0.002843348739209157 0
4925 0.06911573377941674 0.001310702366598097 0
4926 0.0486024438305518 0.002226872462684901 0
4927 0.06761386112492668 0.001321459610006147 0
4928 0.005288226571302942 0.002140861061600988 0
4929 0.01934679634807186 0.001310869790554431 0
4930 0.04229574043263774 0.001335856293879596 0
4931 0.02941546552110243 0.002805784008001897 0
4932 0.0516360266135218 0.002184779655429073 0
4933 0.008337072725779993 0.002158093471071592 0
4934 0.009838608592104572 0.00207657007670324 0
4935 0.05221847900235471 0.002513096767872736 0
4936 0.07892449304380003 0.002511510731926631 0
4937 0.05868030842588404 0.0002997541317781743 0
4938 0.06931518413325086 0.0009825893588963235 0
4939 0.06039622620064804 0.00072366416810281 0
4940 0.01955070643620849 0.0009828005778923031 0
4941 0.02562646307281415 0.0003041242010385862 0
4942 0.05717685589519644 0.0031892835698207 0
4943 0.007238793238461799 0.002850214768605832 0
4944 0.04274017467248899 0.0009686686720916548 0
4945 0.02906573671109363 0.003142411272656446 0
4946 0.03161954362241141 0.002482848905060856 0
4947 0.05089379585696398 0.002857632365611995 0
4948 0.05959857071720639 0.002137256779287898 0
4949 0.05824213973345069 0.00248197491818762 0
4950 0.0786943193496506 0.002829491496540405 0
4951 0.05845787796778174 0.0008219169597887349 0
4952 0.063996798930893 0.002336238869502579 0
4953 0.08672613091202011 0.002963623132119855 0
4954 0.02010820059979699 0.001303207034228565 0
4955 0.0002692409860240025 0.002963772363425661 0
4956 0.08666067005462602 0.0005363548402032858 0
4957 0.0002917654582545656 0.0005250000000001328 0
4958 0.04746978263244792 0.002236666760480231 0
4959 0.04307010518868504 0.001279796670206649 0
4960 0.05033842794759818 0.003192796020978924 0
4961 0.07577638164215 0.0003024943511105011 0
4962 0.06988796749220993 0.0006504283645952123 0
4963 0.0284690116003094 0.0024727521197782 0
4964 0.01459133649445409 0.002325034412412432 0
4965 0.0127014162170701 0.001052795823767201 0
4966 0.0203112766819146 0.0009784855210774115 0
4967 0.03207446122084481 0.002113879481346229 0
4968 0.06418913683709093 0.0006954969811859149 0
4969 0.07809596141786418 0.003163823392776812 0
4970 0.0624779265012642 0.0003473066581312426 0
4971 0.06151482484812096 0.0007639627494917898 0
4972 0.04995765356837967 0.003192869951540736 0
4973 0.05886883470008238 0.002837788509147857 0
4974 0.04371414175996462 0.0006475557566591433 0
4975 0.0138413138231069 0.001043005132139182 0
4976 0.02086800436977397 0.00129700363478907 0
4977 0.06133462827608915 0.00106236337690775 0
4978 0.02782268380788924 0.002193943898278386 0
4979 0.07766871275546851 0.002814759317642755 0
4980 0.06782096017607027 0.0003114385947101529 0
4981 0.0704701981876972 0.0003076755983376833 0
4982 0.0497668448959325 0.002867977401856595 0
4983 0.04409583157698618 0.0006404977689743103 0
4984 0.06969017107750651 0.0009775854371246845 0
4985 0.0273517601258248 0.0006358807913154131 0
4986 0.02107064918187924 0.0009756459595900149 0
4987 0.02759104736045351 0.002508941659829145 0
4988 0.01077781588408233 0.001095559566874533 0
4989 0.01535281379864626 0.00102777203329357 0
4990 0.070853711790393 0.000299453876310642 0
4991 0.04957475708448888 0.002540193206947444 0
4992 0.06494045839972779 0.0006553159930823937 0
4993 0.04614016154967553 0.002571894398819676 0
4994 0.06513795684672846 0.0003381741918185501 0
4995 0.07026056717587743 0.0006442725962900948 0
4996 0.02161444541308633 0.001304184870658433 0
4997 0.07689343700695739 0.00212959853695025 0
4998 0.04458638905432865 0.001329271018039633 0
4999 0.04919449838160397 0.002538761664719197 0
5000 0.07158839847374635 0.0009707497941668963 0
5001 0.005537084289542409 0.002493396563342434 0
5002 0.02698995562095398 0.002859516615503666 0
5003 0.02200572969979976 0.001289733150102525 0
5004 0.05505886330679177 0.0008752620078756889 0
5005 0.07845429812923624 0.0003030582880816967 0
5006 0.07655433065867405 0.002557057545201569 0
5007 0.04495196616192071 0.001311644890306766 0
5008 0.04899276653857108 0.002219845946487356 0
5009 0.07214482235434744 0.001300173694016082 0
5010 0.04478673277642134 0.002270253377197582 0
5011 0.02220992750006597 0.0009720930281223389 0
5012 0.04842221294111152 0.002538185406798158 0
5013 0.0005969240784039487 0.002488339652515106 0
5014 0.04538507016210843 0.0009240557570611193 0
5015 0.0264204315059049 0.003187519309949048 0
5016 0.04461555339476272 0.002584033921973481 0
5017 0.07253552965492763 0.001281111934713394 0
5018 0.0227505315061147 0.00129934811120865 0
5019 0.01066183567572927 0.0006679466839104638 0
5020 0.07600640256225674 0.002858637486352922 0
5021 0.07958471114032664 0.0002954123540038357 0
5022 0.04804725821063142 0.002539185219751864 0
5023 0.05772997046763231 0.002090622382618256 0
5024 0.02599808616282853 0.002790449742345228 0
5025 0.07273326053976648 0.0009639249834034171 0
5026 0.04599081707099337 0.0006325588103075653 0
5027 0.02314368970247235 0.001278113201683718 0
5028 0.04784583952426331 0.002230007666707351 0
5029 0.03019685494353229 0.000947484246888748 0
5030 0.02562558582157667 0.003205197991998966 0
5031 0.07540840102823221 0.003174973910356925 0
5032 0.073112486331583 0.0009482862027084906 0
5033 0.04729639522611868 0.002554358522886744 0
5034 0.08070782726429396 0.0002884729469587602 0
5035 0.02334269932333178 0.0009621409442350708 0
5036 0.01083877138921786 0.003200040769475332 0
5037 0.006661966782027108 0.003199643640706753 0
5038 0.0464590151004091 0.001288915584640603 0
5039 0.07331990531444377 0.0006188641795790276 0
5040 0.05814895498521836 0.002868758176593615 0
5041 0.02505102792065067 0.002491561013247947 0
5042 0.07480469325238653 0.002480799218652983 0
5043 0.04691921397379906 0.002560439823573527 0
5044 0.000616269210264829 0.001848003181746797 0
5045 0.02372210080698439 0.0009455162337726328 0
5046 0.04697555176188892 0.0009744982587542368 0
5047 0.07370305676855901 0.0006096954275043845 0
5048 0.0239309578893541 0.0006157504464519637 0
5049 0.0642051878180737 0.002891274865323221 0
5050 0.03228695262481723 0.0006170119613297794 0
5051 0.07446638401740446 0.002906049640580001 0
5052 0.0465292818690451 0.002561279518137907 0
5053 0.04195835636976681 0.002611996402292024 0
5054 0.02440999366780563 0.002207397258577724 0
5055 0.07408053654072799 0.0006104031677687408 0
5056 0.04722024863096812 0.001299929636452975 0
5057 0.08601345104750505 0.002631981335944475 0
5058 0.00602655764795125 0.002107732062666101 0
5059 0.08206024831878564 0.0006101871125758045 0
5060 0.04594923400148102 0.002875301143586027 0
5061 0.02431441048034928 0.0006061487706459144 0
5062 0.01479355757290295 0.002878544301028875 0
5063 0.06801886412973096 0.0006523432710220003 0
5064 0.03461734650661209 0.002868122527573486 0
5065 0.04555252424417078 0.002867427564047801 0
5066 0.07446288209606983 0.0006044162825874283 0
5067 0.02408232738535331 0.002150714533868749 0
5068 0.04773785599240261 0.0009706948303987485 0
5069 0.07389301310043671 0.003225113343990575 0
5070 0.08344868663119968 0.0002770961557743798 0
5071 0.02468857197025771 0.00060726314815054 0
5072 0.04139040619177288 0.002938107556127698 0
5073 0.0309440181605327 0.003215357508749581 0
5074 0.0006160251436345895 0.001270076428498581 0
5075 0.04536908780142687 0.002553020765768907 0
5076 0.07483721758759712 0.0006055335114730309 0
5077 0.0009453937795811315 0.0002502617514486744 0
5078 0.02373469839821874 0.00259257914070204 0
5079 0.04797651551260588 0.001282325027690732 0
5080 0.07350964793134959 0.003148407139183135 0
5081 0.08459045722557484 0.0002629437309776697 0
5082 0.02505078206521892 0.0006044160756055598 0
5083 0.06231957855585545 0.002680986112750067 0
5084 0.07520065035414972 0.0006019231138442377 0
5085 0.03444358859341363 0.0009348628009630074 0
5086 0.02333431130168002 0.0021614018225684 0
5087 0.0252505277208353 0.0003041421684506272 0
5088 0.04866954129264269 0.0006242985549128211 0
5089 0.04517542437004009 0.002257516615883999 0
5090 0.02578200356475438 0.0006226835660639743 0
5091 0.07292058258197059 0.002500604714279455 0
5092 0.07539983998129779 0.0003028716811454546 0
5093 0.04443938761003518 0.002885836294831381 0
5094 0.02298835797078363 0.002601069079846641 0
5095 0.0759344916475358 0.0006191139902498994 0
5096 0.04900673804216096 0.00056951387105041 0
5097 0.03678392532839058 0.001126959302516936 0
5098 0.001288204067750334 0.0006740601710211707 0
5099 0.02615709566176997 0.0006261050967542531 0
5100 0.02252704465674708 0.002221282993168524 0
5101 0.07231653805131363 0.002210322020112394 0
5102 0.04406052304031158 0.00289151884202187 0
5103 0.04933326473474674 0.001010746528324019 0
5104 0.0433016892965307 0.002885927010392848 0
5105 0.07630990691905032 0.0006225718012123327 0
5106 0.02654029994591601 0.0006196377531980119 0
5107 0.02218861034850788 0.002166701199438045 0
5108 0.04367781289023106 0.002890439950153223 0
5109 0.07669293469529812 0.0006164992900635105 0
5110 0.07181408142608768 0.002898079230580962 0
5111 0.02693117532824176 0.0006183259925688224 0
5112 0.02185304019474799 0.002605200465553104 0
5113 0.04990111120570605 0.001281188644592744 0
5114 0.001720885046644569 0.0002842649372003191 0
5115 0.02749780425303605 0.0009364053000191345 0
5116 0.01121097538163425 0.002447171126235311 0
5117 0.06819478733381229 0.000997170970269237 0
5118 0.0005772071666986373 0.0006920440289739929 0
5119 0.07706973599709618 0.0006178306244237521 0
5120 0.03541954724350362 0.002024770260315849 0
5121 0.07146018223720237 0.002893988144492807 0
5122 0.02138759202236247 0.002229289703585858 0
5123 0.05034368734461387 0.0008908759888559461 0
5124 0.04311940045621503 0.00258595515676507 0
5125 0.01075963179247447 0.0002859182948261646 0
5126 0.07747491499966841 0.0005954946272042627 0
5127 0.03414615845425271 0.002877908578018176 0
5128 0.03263194834291223 0.002871318375706217 0
5129 0.08633344542785074 0.002594854316442059 0
5130 0.0300830492459024 0.002815545712743532 0
5131 0.07784881803146572 0.000586839099789299 0
5132 0.02787477442446511 0.0009386860600275198 0
5133 0.02104927189017009 0.002176085571853122 0
5134 0.05068863130979669 0.001316684178077559 0
5135 0.04273585046640031 0.002583023712805158 0
5136 0.07086238111634022 0.003233214968123762 0
5137 0.04205396743111624 0.0009729303018855495 0
5138 0.04083086150916613 0.003221491043369031 0
5139 0.02825533992774356 0.0009344430250561807 0
5140 0.05109047225226877 0.0008968428206735704 0
5141 0.02069856992909997 0.002603898181248513 0
5142 0.04234419379987791 0.002588377002369507 0
5143 0.07044126847546149 0.002841501521800636 0
5144 0.07804730622433406 0.0002924899665344802 0
5145 0.04177246118113299 0.002913564231031914 0
5146 0.07862569061950153 0.0005817459510573878 0
5147 0.03283312463206643 0.002028586711670605 0
5148 0.04433758790555232 0.0009815510456513089 0
5149 0.02863723718204552 0.0009293492541047573 0
5150 0.0496554237410692 0.0009630030700529637 0
5151 0.0202982721552261 0.002188676595185234 0
5152 0.05144702059446638 0.001324268449493764 0
5153 0.04623242579935816 0.0009504734099638553 0
5154 0.0864610126666579 0.001067505114589297 0
5155 0.07008745127147652 0.003274737959206387 0
5156 0.07899210732455111 0.0005762329888365791 0
5157 0.04025759281139457 0.002890712957490802 0
5158 0.04120846397370878 0.003218497301644374 0
5159 0.08646145202636726 0.001740543323152289 0
5160 0.02901759289686132 0.0009268264549259829 0
5161 0.002408279878827982 0.001253061822034548 0
5162 0.01993645347476827 0.002607091281205837 0
5163 0.05176786803986093 0.001270717767739157 0
5164 0.00691205709914848 0.002855319684576759 0
5165 0.01495880359465206 0.002272948342511244 0
5166 0.06975727732521894 0.003218951692564758 0
5167 0.04027214806187854 0.002302693107715262 0
5168 0.0110143717695027 0.002942923098855885 0
5169 0.0293974305685888 0.0009263003699772681 0
5170 0.0195384718461126 0.002194850925727464 0
5171 0.002854677885963129 0.0008814787584923917 0
5172 0.00196046326837352 0.0006066347308384733 0
5173 0.06929861576082573 0.002852440240536536 0
5174 0.07920005502356793 0.0002900885891714761 0
5175 0.07976557017030217 0.000571788694482684 0
5176 0.05244534535458317 0.00058776124447585 0
5177 0.03025997360404659 0.002502389670202068 0
5178 0.0808168625795946 0.002426802537596657 0
5179 0.08013276349535448 0.0005670214449192451 0
5180 0.08386938249079932 0.003028817476979989 0
5181 0.03074171334455245 0.001218315377952743 0
5182 0.02723140249581676 0.002514652166843551 0
5183 0.0297892070958338 0.0009298683866198883 0
5184 0.0303672717122027 0.001225328691360932 0
5185 0.04063003842450625 0.002923397422038411 0
5186 0.01917663149931014 0.002610793153348933 0
5187 0.06434767043694514 0.002275152403337703 0
5188 0.06894773858477524 0.003280973662206707 0
5189 0.05284108407406064 0.0005826885991273869 0
5190 0.08062351610491339 0.002775161830384364 0
5191 0.003198817566480786 0.001298213785794095 0
5192 0.02666412597398173 0.002839605388211151 0
5193 0.07625499673669237 0.002485242184056658 0
5194 0.07833754500896234 0.0028292493754026 0
5195 0.01877867155671315 0.002200982755886183 0
5196 0.03190565837335031 0.002379189408536913 0
5197 0.002159103018940796 0.0009303609921948947 0
5198 0.06859002752419475 0.003249972786689287 0
5199 0.03130826919040648 0.000892921375692701 0
5200 0.05790381472991213 0.0023498616455973 0
5201 0.003597485689602761 0.0008852418949958307 0
5202 0.05339514731748933 0.0002918518178014115 0
5203 0.07567732468524524 0.002855950353851362 0
5204 0.0108155265864661 0.002351526924474378 0
5205 0.07206731068754327 0.002542526042341209 0
5206 0.08087349705873344 0.0005855624453522162 0
5207 0.01841722347289769 0.002614578358620207 0
5208 0.08033769619063667 0.0002850430725874955 0
5209 0.07416406471751796 0.002851803643430713 0
5210 0.005641493680036892 0.002856706777966737 0
5211 0.06816209635972893 0.002864479444211442 0
5212 0.005852362907540959 0.002368180625610726 0
5213 0.03989082969432304 0.002280982799678528 0
5214 0.08584599762289165 0.002914791988070259 0
5215 0.03094338050055883 0.0009164494246552587 0
5216 0.003943153460449843 0.001293988104546758 0
5217 0.0711260814999924 0.002879318392979531 0
5218 0.01802219478267002 0.002214244356319893 0
5219 0.06781441048034938 0.003269784867422695 0
5220 0.08264799072121667 0.0008515886040086777 0
5221 0.03950869107184832 0.002279396092382465 0
5222 0.004409012326529599 0.0009226661134394498 0
5223 0.08546923453397616 0.002929498654899399 0
5224 0.01129482938170982 0.0002785502553394306 0
5225 0.05409537032191168 0.001278124809541267 0
5226 0.01768789340588887 0.002634009605935971 0
5227 0.08125604177014262 0.0005807909329758212 0
5228 0.08285626091874206 0.0005207338383548764 0
5229 0.03912598820366795 0.002278229959725562 0
5230 0.03150373001862644 0.0005983372303271176 0
5231 0.08330544128117794 0.003231620530102478 0
5232 0.06719020922120693 0.002568495652451226 0
5233 0.004747823176058694 0.000867350201246905 0
5234 0.082238616151729 0.0008752909671729715 0
5235 0.08164863637579214 0.0005865325171870554 0
5236 0.08509217041082276 0.00294086319808725 0
5237 0.03243485200595977 0.0009057804237608987 0
5238 0.03056040988146824 0.00319543794731148 0
5239 0.03188116394380612 0.000596860076185523 0
5240 0.03874374280788798 0.002277001059325738 0
5241 0.03599374625964655 0.002243662600333933 0
5242 0.06683675401396562 0.002550083305266401 0
5243 0.00507904824277431 0.001275517146755029 0
5244 0.08400620883626919 0.0005194581639757828 0
5245 0.05360980835071712 0.0005809473954587552 0
5246 0.01690611353711783 0.003278247785847506 0
5247 0.05532101225380067 0.0002691868758274674 0
5248 0.03836355795635616 0.002278950664758927 0
5249 0.005547412393314882 0.0009151261649786786 0
5250 0.03434132795037082 0.002002299834060579 0
5251 0.03500875370473626 0.001162394407690876 0
5252 0.05379800924815008 0.0008836600539938368 0
5253 0.0002496731666892238 0.003251702944282166 0
5254 0.0002586232383247414 0.0002495355066862263 0
5255 0.08674137676167518 0.0002495355066862209 0
5256 0.01645257066652029 0.002928595023587588 0
5257 0.08675301316052295 0.003252810102221397 0
5258 0.06629475982532751 0.003281174092926632 0
5259 0.03798361907102308 0.002281329085742161 0
5260 0.03281747769068707 0.0009017970459231609 0
5261 0.05565720524017462 0.0002176407738908065 0
5262 0.005886899248136054 0.0008639613821848993 0
5263 0.0005114377553294761 0.002100000000000384 0
5264 0.03760370972283036 0.002283786948974192 0
5265 0.01612411731443714 0.002880661013688575 0
5266 0.06584437078016994 0.002931476837706797 0
5267 0.03319668846164403 0.0008987315507098677 0
5268 0.08196741400875948 0.002882143140926297 0
5269 0.08351036085174265 0.0005519786228797019 0
5270 0.05780356895487464 0.002921294457211567 0
5271 0.03314784883933313 0.00288971739028063 0
5272 0.05599458264930826 0.0006219945509731853 0
5273 0.05489731826137362 0.0006387065209448538 0
5274 0.006218545289728081 0.001268972541036365 0
5275 0.08293572474288829 0.0002559239245965698 0
5276 0.05729817862607204 0.002922871204203217 0
5277 0.03722597848828917 0.002290987568223817 0
5278 0.03684285331846406 0.0005583283832537493 0
5279 0.05850087281508218 0.000534243847336049 0
5280 0.03357643403366541 0.0008973987325106393 0
5281 0.01577574688828098 0.003270561577038694 0
5282 0.06551835696016083 0.002881619177534102 0
5283 0.006688098134445861 0.0009110886587837398 0
5284 0.07932331212694177 0.002899639778331083 0
5285 0.05632591098286258 0.0005843989469523005 0
5286 0.03450601642794349 0.001201604085143588 0
5287 0.03684631182154297 0.002294771712827175 0
5288 0.03393592090171598 0.0009030387712652953 0
5289 0.06516482938346295 0.003272377444167577 0
5290 0.01738854892423271 0.002600341562636393 0
5291 0.07740335815241389 0.002887005218019258 0
5292 0.08471330439040317 0.002952480703364515 0
5293 0.08179434879306498 0.002585001200341835 0
5294 0.05670227822016408 0.0005592935019117858 0
5295 0.007026927116637251 0.0008596015822973415 0
5296 0.08506518012546996 0.0005589170560372175 0
5297 0.08468046857347349 0.0005549195986316615 0
5298 0.05720826469938323 0.000237567779071693 0
5299 0.03054456306636848 0.002034014247624474 0
5300 0.0364868105110935 0.002299237755807014 0
5301 0.01720881695120467 0.002867200688026835 0
5302 0.08407658622221317 0.0002645547690048246 0
5303 0.08545497454079015 0.0005483234835229622 0
5304 0.08434124338983068 0.002966479119698546 0
5305 0.06231862195092302 0.002938114159746058 0
5306 0.02822665409000315 0.002576317354699353 0
5307 0.02878301838842617 0.002902377301031253 0
5308 0.007358221468073481 0.00126249432129465 0
5309 0.0004974619466787331 0.002806482764606626 0
5310 0.007828044780246915 0.000905121755960157 0
5311 0.08623930770651142 0.0005236693738222956 0
5312 0.08584885490132092 0.00053494156608895 0
5313 0.01044786766164958 0.002309362766198714 0
5314 0.06659899881762753 0.002887171097631563 0
5315 0.01459824277311759 0.002615242104343606 0
5316 0.05756426140678271 0.0002176853704725621 0
5317 0.07720330812346529 0.002575842331452465 0
5318 0.07511368191830892 0.002904917868754038 0
5319 0.07266064105014451 0.002581929243510517 0
5320 0.009952983424391874 0.002329951264202746 0
5321 0.006013914365295171 0.002923036440131018 0
5322 0.03534865726004625 0.002293511502223422 0
5323 0.08644370568637344 0.0023469199649268 0
5324 0.0141874547937614 0.00227219130365423 0
5325 0.03593364424595909 0.002008022819306512 0
5326 0.02479716132100395 0.002581528301542597 0
5327 0.07323804734484334 0.002911950306087017 0
5328 0.03513885924224854 0.0008939308488051575 0
5329 0.01545242613834096 0.002293729289660111 0
5330 0.02536900749874031 0.002920938059226865 0
5331 0.008167604656192762 0.0008571823502784499 0
5332 0.03548863168401864 0.0008847096080726462 0
5333 0.01382100311617138 0.002249867695123922 0
5334 0.06752276876695706 0.002909787380599543 0
5335 0.03491372636507076 0.002296902090156098 0
5336 0.08380870618591887 0.003271646212865511 0
5337 0.06363114651895804 0.003294378067239282 0
5338 0.05807654439297996 0.0009280453788998263 0
5339 0.06179745512188122 0.002672393801446838 0
5340 0.06484717893947138 0.002296723792634786 0
5341 0.008948620300018591 0.0008909996035620165 0
5342 0.008497952221652831 0.001256086671791987 0
5343 0.03586439311579048 0.0008689408309511611 0
5344 0.05444555545535534 0.0008733235574546509 0
5345 0.0005090195272414721 0.001013696526042643 0
5346 0.01343718113075144 0.002252305478343449 0
5347 0.03660921756505824 0.0008646154098471609 0
5348 0.06321975129909391 0.002912146901589776 0
5349 0.05776804579704192 0.0005137771002914546 0
5350 0.0362363059840509 0.0008737696776898984 0
5351 0.006766192442734777 0.00262285291175474 0
5352 0.05883000517398157 0.0009131199050130185 0
5353 0.01308050008617902 0.002252871539321344 0
5354 0.06286157865217867 0.002919931616376454 0
5355 0.04563173658860364 0.001028509375081362 0
5356 0.0546154285948009 0.000604682930911002 0
5357 0.08322239111036202 0.002991374364255563 0
5358 0.04333931296084323 0.001054951548738805 0
5359 0.009296193631486718 0.0008595105644536249 0
5360 0.01250235275282046 0.001940017804741305 0
5361 0.08649266563065575 0.002827847727106498 0
$EndNodes
$Elements
10740
1 1 2 104 1 1 7
2 1 2 104 1 7 8
3 1 2 104 1 8 9
4 1 2 104 1 9 10
5 1 2 104 1 10 11
6 1 2 104 1 11 12
7 1 2 104 1 12 13
8 1 2 104 1 13 14
9 1 2 104 1 14 15
10 1 2 104 1 15 16
11 1 2 104 1 16 17
12 1 2 104 1 17 18
13 1 2 104 1 18 19
14 1 2 104 1 19 20
15 1 2 104 1 20 21
16 1 2 104 1 21 22
17 1 2 104 1 22 23
18 1 2 104 1 23 24
19 1 2 104 1 24 25
20 1 2 104 1 25 26
21 1 2 104 1 26 27
22 1 2 104 1 27 28
23 1 2 104 1 28 29
24 1 2 104 1 29 30
25 1 2 104 1 30 31
26 1 2 104 1 31 32
27 1 2 104 1 32 33
28 1 2 104 1 33 34
29 1 2 104 1 34 35
30 1 2 104 1 35 36
31 1 2 104 1 36 37
32 1 2 104 1 37 38
33 1 2 104 1 38 39
34 1 2 104 1 39 40
35 1 2 104 1 40 41
36 1 2 104 1 41 42
37 1 2 104 1 42 43
38 1 2 104 1 43 44
39 1 2 104 1 44 45
40 1 2 104 1 45 46
41 1 2 104 1 46 47
42 1 2 104 1 47 48
43 1 2 104 1 48 49
44 1 2 104 1 49 50
45 1 2 104 1 50 51
46 1 2 104 1 51 52
47 1 2 104 1 52 53
48 1 2 104 1 53 54
49 1 2 104 1 54 55
50 1 2 104 1 55 56
51 1 2 104 1 56 57
52 1 2 104 1 57 58
53 1 2 104 1 58 59
54 1 2 104 1 59 60
55 1 2 104 1 60 61
56 1 2 104 1 61 62
57 1 2 104 1 62 63
58 1 2 104 1 63 64
59 1 2 104 1 64 65
60 1 2 104 1 65 66
61 1 2 104 1 66 67
62 1 2 104 1 67 68
63 1 2 104 1 68 69
64 1 2 104 1 69 70
65 1 2 104 1 70 71
66 1 2 104 1 71 72
67 1 2 104 1 72 73
68 1 2 104 1 73 74
69 1 2 104 1 74 75
70 1 2 104 1 75 76
71 1 2 104 1 76 77
72 1 2 104 1 77 78
73 1 2 104 1 78 79
74 1 2 104 1 79 80
75 1 2 104 1 80 81
76 1 2 104 1 81 82
77 1 2 104 1 82 83
78 1 2 104 1 83 84
79 1 2 104 1 84 85
80 1 2 104 1 85 86
81 1 2 104 1 86 87
82 1 2 104 1 87 88
83 1 2 104 1 88 89
84 1 2 104 1 89 90
85 1 2 104 1 90 91
86 1 2 104 1 91 92
87 1 2 104 1 92 93
88 1 2 104 1 93 94
89 1 2 104 1 94 95
90 1 2 104 1 95 96
91 1 2 104 1 96 97
92 1 2 104 1 97 98
93 1 2 104 1 98 99
94 1 2 104 1 99 100
95 1 2 104 1 100 101
96 1 2 104 1 101 102
97 1 2 104 1 102 103
98 1 2 104 1 103 104
99 1 2 104 1 104 105
100 1 2 104 1 105 106
101 1 2 104 1 106 107
102 1 2 104 1 107 108
103 1 2 104 1 108 109
104 1 2 104 1 109 110
105 1 2 104 1 110 111
106 1 2 104 1 111 112
107 1 2 104 1 112 113
108 1 2 104 1 113 114
109 1 2 104 1 114 115
110 1 2 104 1 115 116
111 1 2 104 1 116 117
112 1 2 104 1 117 118
113 1 2 104 1 118 119
114 1 2 104 1 119 120
115 1 2 104 1 120 121
116 1 2 104 1 121 122
117 1 2 104 1 122 123
118 1 2 104 1 123 124
119 1 2 104 1 124 125
120 1 2 104 1 125 126
121 1 2 104 1 126 127
122 1 2 104 1 127 128
123 1 2 104 1 128 129
124 1 2 104 1 129 130
125 1 2 104 1 130 131
126 1 2 104 1 131 132
127 1 2 104 1 132 133
128 1 2 104 1 133 134
129 1 2 104 1 134 135
130 1 2 104 1 135 136
131 1 2 104 1 136 137
132 1 2 104 1 137 138
133 1 2 104 1 138 139
134 1 2 104 1 139 140
135 1 2 104 1 140 141
136 1 2 104 1 141 142
137 1 2 104 1 142 143
138 1 2 104 1 143 144
139 1 2 104 1 144 145
140 1 2 104 1 145 146
141 1 2 104 1 146 147
142 1 2 104 1 147 148
143 1 2 104 1 148 149
144 1 2 104 1 149 150
145 1 2 104 1 150 151
146 1 2 104 1 151 152
147 1 2 104 1 152 153
148 1 2 104 1 153 154
149 1 2 104 1 154 155
150 1 2 104 1 155 156
151 1 2 104 1 156 157
152 1 2 104 1 157 158
153 1 2 104 1 158 159
154 1 2 104 1 159 160
155 1 2 104 1 160 161
156 1 2 104 1 161 162
157 1 2 104 1 162 163
158 1 2 104 1 163 164
159 1 2 104 1 164 165
160 1 2 104 1 165 166
161 1 2 104 1 166 167
162 1 2 104 1 167 168
163 1 2 104 1 168 169
164 1 2 104 1 169 170
165 1 2 104 1 170 171
166 1 2 104 1 171 172
167 1 2 104 1 172 173
168 1 2 104 1 173 174
169 1 2 104 1 174 175
170 1 2 104 1 175 176
171 1 2 104 1 176 177
172 1 2 104 1 177 178
173 1 2 104 1 178 179
174 1 2 104 1 179 180
175 1 2 104 1 180 181
176 1 2 104 1 181 182
177 1 2 104 1 182 183
178 1 2 104 1 183 184
179 1 2 104 1 184 185
180 1 2 104 1 185 186
181 1 2 104 1 186 187
182 1 2 104 1 187 188
183 1 2 104 1 188 189
184 1 2 104 1 189 190
185 1 2 104 1 190 191
186 1 2 104 1 191 192
187 1 2 104 1 192 193
188 1 2 104 1 193 194
189 1 2 104 1 194 195
190 1 2 104 1 195 196
191 1 2 104 1 196 197
192 1 2 104 1 197 198
193 1 2 104 1 198 199
194 1 2 104 1 199 200
195 1 2 104 1 200 201
196 1 2 104 1 201 202
197 1 2 104 1 202 203
198 1 2 104 1 203 204
199 1 2 104 1 204 205
200 1 2 104 1 205 206
201 1 2 104 1 206 207
202 1 2 104 1 207 208
203 1 2 104 1 208 209
204 1 2 104 1 209 210
205 1 2 104 1 210 211
206 1 2 104 1 211 212
207 1 2 104 1 212 213
208 1 2 104 1 213 214
209 1 2 104 1 214 215
210 1 2 104 1 215 216
211 1 2 104 1 216 217
212 1 2 104 1 217 218
213 1 2 104 1 218 219
214 1 2 104 1 219 220
215 1 2 104 1 220 221
216 1 2 104 1 221 222
217 1 2 104 1 222 223
218 1 2 104 1 223 224
219 1 2 104 1 224 225
220 1 2 104 1 225 226
221 1 2 104 1 226 227
222 1 2 104 1 227 228
223 1 2 104 1 228 229
224 1 2 104 1 229 230
225 1 2 104 1 230 231
226 1 2 104 1 231 232
227 1 2 104 1 232 233
228 1 2 104 1 233 234
229 1 2 104 1 234 2
230 1 2 103 2 2 235
231 1 2 105 2 2 235
232 1 2 103 2 235 236
233 1 2 105 2 235 236
234 1 2 103 2 236 237
235 1 2 105 2 236 237
236 1 2 103 2 237 238
237 1 2 105 2 237 238
238 1 2 103 2 238 239
239 1 2 105 2 238 239
240 1 2 103 2 239 240
241 1 2 105 2 239 240
242 1 2 103 2 240 241
243 1 2 105 2 240 241
244 1 2 103 2 241 242
245 1 2 105 2 241 242
246 1 2 103 2 242 243
247 1 2 105 2 242 243
248 1 2 103 2 243 3
249 1 2 105 2 243 3
250 1 2 101 4 4 472
251 1 2 101 4 472 473
252 1 2 101 4 473 474
253 1 2 101 4 474 475
254 1 2 101 4 475 476
255 1 2 101 4 476 477
256 1 2 101 4 477 478
257 1 2 101 4 478 479
258 1 2 101 4 479 480
259 1 2 101 4 480 1
260 1 2 102 5 3 481
261 1 2 105 5 3 481
262 1 2 102 5 481 482
263 1 2 105 5 481 482
264 1 2 102 5 482 483
265 1 2 105 5 482 483
266 1 2 102 5 483 484
267 1 2 105 5 483 484
268 1 2 102 5 484 485
269 1 2 105 5 484 485
270 1 2 102 5 485 486
271 1 2 105 5 485 486
272 1 2 102 5 486 487
273 1 2 105 5 486 487
274 1 2 102 5 487 488
275 1 2 105 5 487 488
276 1 2 102 5 488 489
277 1 2 105 5 488 489
278 1 2 102 5 489 5
279 1 2 105 5 489 5
280 1 2 104 6 5 490
281 1 2 104 6 490 491
282 1 2 104 6 491 492
283 1 2 104 6 492 493
284 1 2 104 6 493 494
285 1 2 104 6 494 495
286 1 2 104 6 495 496
287 1 2 104 6 496 497
288 1 2 104 6 497 498
289 1 2 104 6 498 499
290 1 2 104 6 499 500
291 1 2 104 6 500 501
292 1 2 104 6 501 502
293 1 2 104 6 502 503
294 1 2 104 6 503 504
295 1 2 104 6 504 505
296 1 2 104 6 505 506
297 1 2 104 6 506 507
298 1 2 104 6 507 508
299 1 2 104 6 508 509
300 1 2 104 6 509 510
301 1 2 104 6 510 511
302 1 2 104 6 511 512
303 1 2 104 6 512 513
304 1 2 104 6 513 514
305 1 2 104 6 514 515
306 1 2 104 6 515 516
307 1 2 104 6 516 517
308 1 2 104 6 517 518
309 1 2 104 6 518 519
310 1 2 104 6 519 520
311 1 2 104 6 520 521
312 1 2 104 6 521 522
313 1 2 104 6 522 523
314 1 2 104 6 523 524
315 1 2 104 6 524 525
316 1 2 104 6 525 526
317 1 2 104 6 526 527
318 1 2 104 6 527 528
319 1 2 104 6 528 529
320 1 2 104 6 529 530
321 1 2 104 6 530 531
322 1 2 104 6 531 532
323 1 2 104 6 532 533
324 1 2 104 6 533 534
325 1 2 104 6 534 535
326 1 2 104 6 535 536
327 1 2 104 6 536 537
328 1 2 104 6 537 538
329 1 2 104 6 538 539
330 1 2 104 6 539 540
331 1 2 104 6 540 541
332 1 2 104 6 541 542
333 1 2 104 6 542 543
334 1 2 104 6 543 544
335 1 2 104 6 544 545
336 1 2 104 6 545 546
337 1 2 104 6 546 547
338 1 2 104 6 547 548
339 1 2 104 6 548 549
340 1 2 104 6 549 550
341 1 2 104 6 550 551
342 1 2 104 6 551 552
343 1 2 104 6 552 553
344 1 2 104 6 553 554
345 1 2 104 6 554 555
346 1 2 104 6 555 556
347 1 2 104 6 556 557
348 1 2 104 6 557 558
349 1 2 104 6 558 559
350 1 2 104 6 559 560
351 1 2 104 6 560 561
352 1 2 104 6 561 562
353 1 2 104 6 562 563
354 1 2 104 6 563 564
355 1 2 104 6 564 565
356 1 2 104 6 565 566
357 1 2 104 6 566 567
358 1 2 104 6 567 568
359 1 2 104 6 568 569
360 1 2 104 6 569 570
361 1 2 104 6 570 571
362 1 2 104 6 571 572
363 1 2 104 6 572 573
364 1 2 104 6 573 574
365 1 2 104 6 574 575
366 1 2 104 6 575 576
367 1 2 104 6 576 577
368 1 2 104 6 577 578
369 1 2 104 6 578 579
370 1 2 104 6 579 580
371 1 2 104 6 580 581
372 1 2 104 6 581 582
373 1 2 104 6 582 583
374 1 2 104 6 583 584
375 1 2 104 6 584 585
376 1 2 104 6 585 586
377 1 2 104 6 586 587
378 1 2 104 6 587 588
379 1 2 104 6 588 589
380 1 2 104 6 589 590
381 1 2 104 6 590 591
382 1 2 104 6 591 592
383 1 2 104 6 592 593
384 1 2 104 6 593 594
385 1 2 104 6 594 595
386 1 2 104 6 595 596
387 1 2 104 6 596 597
388 1 2 104 6 597 598
389 1 2 104 6 598 599
390 1 2 104 6 599 600
391 1 2 104 6 600 601
392 1 2 104 6 601 602
393 1 2 104 6 602 603
394 1 2 104 6 603 604
395 1 2 104 6 604 605
396 1 2 104 6 605 606
397 1 2 104 6 606 607
398 1 2 104 6 607 608
399 1 2 104 6 608 609
400 1 2 104 6 609 610
401 1 2 104 6 610 611
402 1 2 104 6 611 612
403 1 2 104 6 612 613
404 1 2 104 6 613 614
405 1 2 104 6 614 615
406 1 2 104 6 615 616
407 1 2 104 6 616 617
408 1 2 104 6 617 618
409 1 2 104 6 618 619
410 1 2 104 6 619 620
411 1 2 104 6 620 621
412 1 2 104 6 621 622
413 1 2 104 6 622 623
414 1 2 104 6 623 624
415 1 2 104 6 624 625
416 1 2 104 6 625 626
417 1 2 104 6 626 627
418 1 2 104 6 627 628
419 1 2 104 6 628 629
420 1 2 104 6 629 630
421 1 2 104 6 630 631
422 1 2 104 6 631 632
423 1 2 104 6 632 633
424 1 2 104 6 633 634
425 1 2 104 6 634 635
426 1 2 104 6 635 636
427 1 2 104 6 636 637
428 1 2 104 6 637 638
429 1 2 104 6 638 639
430 1 2 104 6 639 640
431 1 2 104 6 640 641
432 1 2 104 6 641 642
433 1 2 104 6 642 643
434 1 2 104 6 643 644
435 1 2 104 6 644 645
436 1 2 104 6 645 646
437 1 2 104 6 646 647
438 1 2 104 6 647 648
439 1 2 104 6 648 649
440 1 2 104 6 649 650
441 1 2 104 6 650 651
442 1 2 104 6 651 652
443 1 2 104 6 652 653
444 1 2 104 6 653 654
445 1 2 104 6 654 655
446 1 2 104 6 655 656
447 1 2 104 6 656 657
448 1 2 104 6 657 658
449 1 2 104 6 658 659
450 1 2 104 6 659 660
451 1 2 104 6 660 661
452 1 2 104 6 661 662
453 1 2 104 6 662 663
454 1 2 104 6 663 664
455 1 2 104 6 664 665
456 1 2 104 6 665 666
457 1 2 104 6 666 667
458 1 2 104 6 667 668
459 1 2 104 6 668 669
460 1 2 104 6 669 670
461 1 2 104 6 670 671
462 1 2 104 6 671 672
463 1 2 104 6 672 673
464 1 2 104 6 673 674
465 1 2 104 6 674 675
466 1 2 104 6 675 676
467 1 2 104 6 676 677
468 1 2 104 6 677 678
469 1 2 104 6 678 679
470 1 2 104 6 679 680
471 1 2 104 6 680 681
472 1 2 104 6 681 682
473 1 2 104 6 682 683
474 1 2 104 6 683 684
475 1 2 104 6 684 685
476 1 2 104 6 685 686
477 1 2 104 6 686 687
478 1 2 104 6 687 688
479 1 2 104 6 688 689
480 1 2 104 6 689 690
481 1 2 104 6 690 691
482 1 2 104 6 691 692
483 1 2 104 6 692 693
484 1 2 104 6 693 694
485 1 2 104 6 694 695
486 1 2 104 6 695 696
487 1 2 104 6 696 697
488 1 2 104 6 697 698
489 1 2 104 6 698 699
490 1 2 104 6 699 700
491 1 2 104 6 700 701
492 1 2 104 6 701 702
493 1 2 104 6 702 703
494 1 2 104 6 703 704
495 1 2 104 6 704 705
496 1 2 104 6 705 706
497 1 2 104 6 706 707
498 1 2 104 6 707 708
499 1 2 104 6 708 709
500 1 2 104 6 709 710
501 1 2 104 6 710 711
502 1 2 104 6 711 712
503 1 2 104 6 712 713
504 1 2 104 6 713 714
505 1 2 104 6 714 715
506 1 2 104 6 715 716
507 1 2 104 6 716 717
508 1 2 104 6 717 6
509 1 2 101 7 6 718
510 1 2 101 7 718 719
511 1 2 101 7 719 720
512 1 2 101 7 720 721
513 1 2 101 7 721 722
514 1 2 101 7 722 723
515 1 2 101 7 723 724
516 1 2 101 7 724 725
517 1 2 101 7 725 726
518 1 2 101 7 726 4
519 2 2 201 1 2391 2433 2357
520 2 2 201 1 1845 2880 1848
521 2 2 201 1 1672 1681 1679
522 2 2 201 1 1871 2730 739
523 2 2 201 1 1405 2151 2113
524 2 2 201 1 1718 2486 1714
525 2 2 201 1 1515 1919 1916
526 2 2 201 1 1491 2360 2358
527 2 2 201 1 1870 1871 739
528 2 2 201 1 1006 2876 1810
529 2 2 201 1 1667 1669 1668
530 2 2 201 1 1105 2115 1103
531 2 2 201 1 1105 2960 2115
532 2 2 201 1 2116 2847 2109
533 2 2 201 1 1621 2852 2633
534 2 2 201 1 2358 2433 1491
535 2 2 201 1 1491 2361 2360
536 2 2 201 1 2030 2900 2031
537 2 2 201 1 1810 1841 1006
538 2 2 201 1 1882 1884 819
539 2 2 201 1 1752 1753 1388
540 2 2 201 1 819 1885 1882
541 2 2 201 1 2357 2433 2358
542 2 2 201 1 2591 2784 1888
543 2 2 201 1 2202 2343 2203
544 2 2 201 1 857 2075 1651
545 2 2 201 1 1651 2075 1650
546 2 2 201 1 1671 1673 1401
547 2 2 201 1 2203 2343 869
548 2 2 201 1 1415 1814 1800
549 2 2 201 1 313 2025 312
550 2 2 201 1 1539 1915 1911
551 2 2 201 1 981 2590 979
552 2 2 201 1 2116 2165 1412
553 2 2 201 1 1861 1862 843
554 2 2 201 1 1750 1752 1388
555 2 2 201 1 1848 2880 1854
556 2 2 201 1 1667 1668 1665
557 2 2 201 1 729 2570 2554
558 2 2 201 1 2554 2570 1661
559 2 2 201 1 2031 2900 854
560 2 2 201 1 2165 2169 1412
561 2 2 201 1 1650 2075 729
562 2 2 201 1 729 2554 1650
563 2 2 201 1 1888 2784 1889
564 2 2 201 1 776 2626 2616
565 2 2 201 1 2616 2626 1988
566 2 2 201 1 1679 1681 755
567 2 2 201 1 2391 2812 2433
568 2 2 201 1 979 2590 1803
569 2 2 201 1 957 1847 955
570 2 2 201 1 2113 2151 2114
571 2 2 201 1 2155 2390 1569
572 2 2 201 1 307 1863 306
573 2 2 201 1 171 2640 170
574 2 2 201 1 979 1803 977
575 2 2 201 1 1869 2718 2026
576 2 2 201 1 2154 2390 2155
577 2 2 201 1 2166 2168 1407
578 2 2 201 1 1543 1910 1908
579 2 2 201 1 2445 2503 1522
580 2 2 201 1 867 1717 1715
581 2 2 201 1 1412 2847 2116
582 2 2 201 1 2168 2170 1407
583 2 2 201 1 2239 2684 2675
584 2 2 201 1 2675 2684 1446
585 2 2 201 1 1913 1923 836
586 2 2 201 1 2171 2173 1425
587 2 2 201 1 392 2177 391
588 2 2 201 1 1555 2423 2361
589 2 2 201 1 1599 1600 918
590 2 2 201 1 2633 2852 919
591 2 2 201 1 777 2583 2396
592 2 2 201 1 1798 1812 1811
593 2 2 201 1 1436 2694 2074
594 2 2 201 1 2074 2702 1436
595 2 2 201 1 1407 2169 2166
596 2 2 201 1 2612 2622 1791
597 2 2 201 1 1386 2902 1853
598 2 2 201 1 2396 2955 777
599 2 2 201 1 1791 2622 1792
600 2 2 201 1 2026 2718 775
601 2 2 201 1 1904 2587 2525
602 2 2 201 1 1801 1802 1001
603 2 2 201 1 2166 2169 2165
604 2 2 201 1 1904 2595 2587
605 2 2 201 1 1916 1921 1515
606 2 2 201 1 2022 2025 313
607 2 2 201 1 2591 2666 2444
608 2 2 201 1 975 1804 973
609 2 2 201 1 1859 1868 1858
610 2 2 201 1 2382 2821 1572
611 2 2 201 1 2525 2587 1660
612 2 2 201 1 2612 2891 827
613 2 2 201 1 2026 2696 1869
614 2 2 201 1 1660 2965 2525
615 2 2 201 1 1600 1608 817
616 2 2 201 1 793 2383 2153
617 2 2 201 1 2025 2026 775
618 2 2 201 1 2626 2639 1988
619 2 2 201 1 1988 2639 1989
620 2 2 201 1 988 2192 990
621 2 2 201 1 1409 2486 1718
622 2 2 201 1 2383 3000 2153
623 2 2 201 1 842 1773 172
624 2 2 201 1 2742 2751 1441
625 2 2 201 1 2235 2751 2742
626 2 2 201 1 172 1773 171
627 2 2 201 1 1388 2601 1750
628 2 2 201 1 2712 2721 1435
629 2 2 201 1 2336 2721 2712
630 2 2 201 1 1802 1811 1805
631 2 2 201 1 817 1608 1607
632 2 2 201 1 2686 2697 1454
633 2 2 201 1 2330 2697 2686
634 2 2 201 1 2361 2423 2360
635 2 2 201 1 1911 1917 1539
636 2 2 201 1 2667 2678 1449
637 2 2 201 1 977 1803 1001
638 2 2 201 1 1773 2640 171
639 2 2 201 1 2326 2678 2667
640 2 2 201 1 2642 2654 1418
641 2 2 201 1 1771 1773 842
642 2 2 201 1 2604 2619 1438
643 2 2 201 1 1845 1848 1847
644 2 2 201 1 2368 2654 2642
645 2 2 201 1 2304 2619 2604
646 2 2 201 1 1924 2659 1547
647 2 2 201 1 1896 2641 1895
648 2 2 201 1 1415 1815 1814
649 2 2 201 1 1896 2652 2641
650 2 2 201 1 1853 2058 1386
651 2 2 201 1 1673 1674 1401
652 2 2 201 1 1000 1674 998
653 2 2 201 1 1802 1805 1804
654 2 2 201 1 2682 2692 1766
655 2 2 201 1 2262 2553 1572
656 2 2 201 1 1766 2692 1767
657 2 2 201 1 1469 2760 2341
658 2 2 201 1 1547 2644 1924
659 2 2 201 1 2341 2772 1469
660 2 2 201 1 2261 2553 2262
661 2 2 201 1 1844 1847 957
662 2 2 201 1 1001 1803 1801
663 2 2 201 1 1715 1716 867
664 2 2 201 1 2432 2652 1896
665 2 2 201 1 985 1815 983
666 2 2 201 1 2432 2665 2652
667 2 2 201 1 1719 2730 1871
668 2 2 201 1 1750 2601 1749
669 2 2 201 1 1821 2736 2695
670 2 2 201 1 1791 2891 2612
671 2 2 201 1 309 1866 308
672 2 2 201 1 2459 2837 2597
673 2 2 201 1 177 1736 176
674 2 2 201 1 1685 2711 2078
675 2 2 201 1 2078 2719 1685
676 2 2 201 1 1668 1669 1396
677 2 2 201 1 1810 2876 1809
678 2 2 201 1 783 1737 175
679 2 2 201 1 1573 2553 2261
680 2 2 201 1 1547 2659 2192
681 2 2 201 1 1621 2633 1620
682 2 2 201 1 2261 2569 1573
683 2 2 201 1 1862 1863 843
684 2 2 201 1 1908 1912 1543
685 2 2 201 1 843 1866 1861
686 2 2 201 1 1573 2569 1574
687 2 2 201 1 1596 2956 2636
688 2 2 201 1 2569 2582 1574
689 2 2 201 1 2194 2195 907
690 2 2 201 1 772 2831 2756
691 2 2 201 1 1924 2644 1913
692 2 2 201 1 1733 1737 783
693 2 2 201 1 1401 1680 1671
694 2 2 201 1 972 1921 974
695 2 2 201 1 2655 2744 1390
696 2 2 201 1 1005 1680 1003
697 2 2 201 1 836 1924 1913
698 2 2 201 1 1819 2798 2765
699 2 2 201 1 314 2022 313
700 2 2 201 1 872 2177 2176
701 2 2 201 1 1539 1921 1915
702 2 2 201 1 2682 2908 731
703 2 2 201 1 1515 1920 1919
704 2 2 201 1 175 1737 174
705 2 2 201 1 1715 1718 1714
706 2 2 201 1 2019 2021 740
707 2 2 201 1 2078 2703 2077
708 2 2 201 1 2304 2630 2619
709 2 2 201 1 1669 1680 1396
710 2 2 201 1 1895 2641 1793
711 2 2 201 1 2078 2711 2703
712 2 2 201 1 2305 2630 2304
713 2 2 201 1 843 1863 307
714 2 2 201 1 2738 2746 1686
715 2 2 201 1 2756 2831 2114
716 2 2 201 1 1686 2746 1687
717 2 2 201 1 1813 1822 750
718 2 2 201 1 965 2611 963
719 2 2 201 1 1522 2591 2445
720 2 2 201 1 2091 2588 788
721 2 2 201 1 391 2177 872
722 2 2 201 1 1551 2191 2189
723 2 2 201 1 1989 2639 770
724 2 2 201 1 2695 2736 1678
725 2 2 201 1 1572 2821 2262
726 2 2 201 1 894 1867 1865
727 2 2 201 1 770 2651 1989
728 2 2 201 1 1425 2867 2171
729 2 2 201 1 918 1601 1599
730 2 2 201 1 1793 2979 1895
731 2 2 201 1 2702 2709 1436
732 2 2 201 1 316 2024 315
733 2 2 201 1 1436 2709 2439
734 2 2 201 1 783 1735 1733
735 2 2 201 1 312 2025 775
736 2 2 201 1 976 1917 978
737 2 2 201 1 1543 1917 1910
738 2 2 201 1 1534 1741 1273
739 2 2 201 1 1766 2908 2682
740 2 2 201 1 1438 2597 2309
741 2 2 201 1 1739 1741 1534
742 2 2 201 1 2094 2097 2096
743 2 2 201 1 1002 2216 1004
744 2 2 201 1 802 2606 1883
745 2 2 201 1 2309 2604 1438
746 2 2 201 1 1865 1866 894
747 2 2 201 1 842 1774 1771
748 2 2 201 1 1735 2643 1755
749 2 2 201 1 1909 1923 1913
750 2 2 201 1 2090 2092 908
751 2 2 201 1 1537 2199 1885
752 2 2 201 1 1858 1868 1423
753 2 2 201 1 2765 2798 751
754 2 2 201 1 1888 2666 2591
755 2 2 201 1 2196 2674 1554
756 2 2 201 1 2013 2759 859
757 2 2 201 1 1814 1822 1813
758 2 2 201 1 955 1847 1147
759 2 2 201 1 859 2769 2013
760 2 2 201 1 2090 2588 2091
761 2 2 201 1 872 2176 2175
762 2 2 201 1 2636 2956 920
763 2 2 201 1 2769 2777 2013
764 2 2 201 1 1871 2679 1719
765 2 2 201 1 2013 2777 2012
766 2 2 201 1 1754 2767 1978
767 2 2 201 1 1774 2653 1734
768 2 2 201 1 1883 3008 802
769 2 2 201 1 1798 1811 1802
770 2 2 201 1 1811 1812 749
771 2 2 201 1 909 1745 1743
772 2 2 201 1 959 1844 957
773 2 2 201 1 1901 2754 832
774 2 2 201 1 963 1846 961
775 2 2 201 1 832 2766 1901
776 2 2 201 1 1545 1912 1909
777 2 2 201 1 2597 2837 2309
778 2 2 201 1 1853 2902 1852
779 2 2 201 1 1554 2660 2196
780 2 2 201 1 1672 1679 1673
781 2 2 201 1 973 1804 1427
782 2 2 201 1 1001 1804 975
783 2 2 201 1 963 2611 1846
784 2 2 201 1 980 1912 982
785 2 2 201 1 1885 2199 1882
786 2 2 201 1 961 1846 1011
787 2 2 201 1 1495 2828 2184
788 2 2 201 1 2184 2836 1495
789 2 2 201 1 2330 2704 2697
790 2 2 201 1 2331 2704 2330
791 2 2 201 1 2738 2903 800
792 2 2 201 1 2510 2780 2521
793 2 2 201 1 2510 2787 2780
794 2 2 201 1 2723 2898 88
795 2 2 201 1 1011 1846 1842
796 2 2 201 1 1740 1743 1742
797 2 2 201 1 2094 2096 2095
798 2 2 201 1 1842 1843 1011
799 2 2 201 1 1547 2192 988
800 2 2 201 1 2239 2675 1444
801 2 2 201 1 2749 2922 225
802 2 2 201 1 1743 2558 909
803 2 2 201 1 1418 2630 2305
804 2 2 201 1 1601 2789 916
805 2 2 201 1 740 2024 2019
806 2 2 201 1 1480 2802 2161
807 2 2 201 1 990 2192 1551
808 2 2 201 1 916 2774 1601
809 2 2 201 1 2161 2811 1480
810 2 2 201 1 1854 2481 1850
811 2 2 201 1 2740 2896 877
812 2 2 201 1 1554 2674 2216
813 2 2 201 1 2305 2642 1418
814 2 2 201 1 1415 2590 981
815 2 2 201 1 1865 1868 1859
816 2 2 201 1 2189 2193 1551
817 2 2 201 1 319 2040 318
818 2 2 201 1 1802 1804 1001
819 2 2 201 1 2734 2894 2069
820 2 2 201 1 907 2196 2194
821 2 2 201 1 1273 1741 1275
822 2 2 201 1 1656 2922 2749
823 2 2 201 1 1499 2849 2352
824 2 2 201 1 2196 2660 2194
825 2 2 201 1 2352 2858 1499
826 2 2 201 1 315 2024 740
827 2 2 201 1 1686 2903 2738
828 2 2 201 1 2336 2728 2721
829 2 2 201 1 1800 2590 1415
830 2 2 201 1 2173 2174 1425
831 2 2 201 1 2037 2584 2038
832 2 2 201 1 2337 2728 2336
833 2 2 201 1 2720 2878 220
834 2 2 201 1 998 1674 1402
835 2 2 201 1 1401 1674 1000
836 2 2 201 1 2750 2893 741
837 2 2 201 1 1754 2744 2655
838 2 2 201 1 1752 2767 1754
839 2 2 201 1 983 1815 1415
840 2 2 201 1 992 1815 985
841 2 2 201 1 1600 2757 918
842 2 2 201 1 2077 2703 1765
843 2 2 201 1 2739 2877 795
844 2 2 201 1 1863 3014 306
845 2 2 201 1 740 2022 314
846 2 2 201 1 182 1746 181
847 2 2 201 1 176 1736 783
848 2 2 201 1 1465 2817 2322
849 2 2 201 1 166 1886 165
850 2 2 201 1 2701 2840 828
851 2 2 201 1 2322 2825 1465
852 2 2 201 1 894 1866 309
853 2 2 201 1 308 1866 843
854 2 2 201 1 2705 2733 2568
855 2 2 201 1 1960 2896 2740
856 2 2 201 1 1446 2684 2074
857 2 2 201 1 1909 1913 1545
858 2 2 201 1 228 2762 1642
859 2 2 201 1 2021 2022 740
860 2 2 201 1 2074 2694 1446
861 2 2 201 1 1596 2636 2561
862 2 2 201 1 1444 2999 2239
863 2 2 201 1 392 3020 2177
864 2 2 201 1 1449 2654 2368
865 2 2 201 1 177 1738 1736
866 2 2 201 1 2726 2880 774
867 2 2 201 1 2368 2667 1449
868 2 2 201 1 1507 2866 2347
869 2 2 201 1 2688 2822 214
870 2 2 201 1 2347 2875 1507
871 2 2 201 1 2082 2095 2081
872 2 2 201 1 1774 2505 1770
873 2 2 201 1 881 2142 1603
874 2 2 201 1 1450 2673 1749
875 2 2 201 1 1961 2898 2723
876 2 2 201 1 1642 2947 228
877 2 2 201 1 2190 2195 2194
878 2 2 201 1 2648 2793 76
879 2 2 201 1 2668 2801 211
880 2 2 201 1 826 2040 2039
881 2 2 201 1 1515 1921 972
882 2 2 201 1 974 1921 1539
883 2 2 201 1 1003 1680 1401
884 2 2 201 1 1396 1680 1005
885 2 2 201 1 1983 2893 2750
886 2 2 201 1 1603 2142 1604
887 2 2 201 1 2015 2041 2017
888 2 2 201 1 1670 2353 882
889 2 2 201 1 909 1746 1745
890 2 2 201 1 2097 2603 1447
891 2 2 201 1 2263 2894 2734
892 2 2 201 1 756 2627 2445
893 2 2 201 1 2038 2584 822
894 2 2 201 1 1275 2664 1276
895 2 2 201 1 2031 2911 759
896 2 2 201 1 2018 2577 2041
897 2 2 201 1 756 2640 2627
898 2 2 201 1 759 2917 2031
899 2 2 201 1 1133 2920 2788
900 2 2 201 1 2140 2585 2139
901 2 2 201 1 1740 1742 1741
902 2 2 201 1 1765 2991 2077
903 2 2 201 1 318 2040 826
904 2 2 201 1 1673 1679 1675
905 2 2 201 1 882 1672 1670
906 2 2 201 1 170 2640 756
907 2 2 201 1 1740 2558 1743
908 2 2 201 1 1472 2897 1950
909 2 2 201 1 2748 2902 951
910 2 2 201 1 1553 2193 2190
911 2 2 201 1 1950 2909 1472
912 2 2 201 1 1749 2601 1450
913 2 2 201 1 2645 2691 2097
914 2 2 201 1 2788 2920 2226
915 2 2 201 1 776 2616 2179
916 2 2 201 1 1488 2832 1893
917 2 2 201 1 1667 2353 1670
918 2 2 201 1 1470 2846 2316
919 2 2 201 1 1454 2678 2326
920 2 2 201 1 1893 2838 1488
921 2 2 201 1 2316 2855 1470
922 2 2 201 1 1556 2215 2213
923 2 2 201 1 1554 2216 1002
924 2 2 201 1 1711 2877 2739
925 2 2 201 1 2326 2686 1454
926 2 2 201 1 1854 2726 2481
927 2 2 201 1 1736 2643 1735
928 2 2 201 1 2094 2603 2097
929 2 2 201 1 992 1817 1816
930 2 2 201 1 790 2676 2211
931 2 2 201 1 1539 1917 976
932 2 2 201 1 978 1917 1543
933 2 2 201 1 1854 2880 2726
934 2 2 201 1 2363 2768 2758
935 2 2 201 1 2799 2912 801
936 2 2 201 1 1699 2878 2720
937 2 2 201 1 779 2768 2363
938 2 2 201 1 2039 2041 826
939 2 2 201 1 2439 2709 2070
940 2 2 201 1 2070 2717 2439
941 2 2 201 1 1011 1844 959
942 2 2 201 1 1657 2918 2910
943 2 2 201 1 2735 2876 969
944 2 2 201 1 1633 2557 1638
945 2 2 201 1 2935 3035 1889
946 2 2 201 1 1004 2216 1556
947 2 2 201 1 1889 3035 1887
948 2 2 201 1 2316 2835 2315
949 2 2 201 1 2316 2846 2835
950 2 2 201 1 1783 2912 2799
951 2 2 201 1 1811 2936 1805
952 2 2 201 1 2445 2627 2503
953 2 2 201 1 1474 2850 1975
954 2 2 201 1 1484 2925 1944
955 2 2 201 1 1944 2932 1484
956 2 2 201 1 1687 2746 832
957 2 2 201 1 1975 2860 1474
958 2 2 201 1 1673 1675 1674
959 2 2 201 1 2910 2918 727
960 2 2 201 1 2915 2926 1829
961 2 2 201 1 1585 2852 2775
962 2 2 201 1 1462 2585 2140
963 2 2 201 1 908 2588 2090
964 2 2 201 1 1829 2926 2364
965 2 2 201 1 832 2754 1687
966 2 2 201 1 2445 2591 2444
967 2 2 201 1 989 2729 2656
968 2 2 201 1 993 2193 995
969 2 2 201 1 2086 2092 2088
970 2 2 201 1 1388 1753 1287
971 2 2 201 1 1287 1753 1289
972 2 2 201 1 2254 2800 1127
973 2 2 201 1 1805 2936 1807
974 2 2 201 1 2892 2921 2255
975 2 2 201 1 882 1681 1672
976 2 2 201 1 2422 2944 2033
977 2 2 201 1 2086 2088 2087
978 2 2 201 1 1969 2870 1970
979 2 2 201 1 1543 1912 980
980 2 2 201 1 982 1912 1545
981 2 2 201 1 943 2059 1387
982 2 2 201 1 2213 2217 1556
983 2 2 201 1 2610 2621 1703
984 2 2 201 1 1969 2879 2870
985 2 2 201 1 1502 2873 2001
986 2 2 201 1 1221 2087 1219
987 2 2 201 1 992 1816 1815
988 2 2 201 1 2001 2882 1502
989 2 2 201 1 1384 2921 2892
990 2 2 201 1 1551 2192 2191
991 2 2 201 1 1703 2621 1702
992 2 2 201 1 1399 2960 1105
993 2 2 201 1 1638 2557 931
994 2 2 201 1 1915 1921 1916
995 2 2 201 1 2673 2687 1744
996 2 2 201 1 1122 2361 1124
997 2 2 201 1 2100 2840 2701
998 2 2 201 1 2355 2839 2758
999 2 2 201 1 1387 2059 2056
1000 2 2 201 1 2088 2092 2090
1001 2 2 201 1 1734 2653 1737
1002 2 2 201 1 2033 2975 2422
1003 2 2 201 1 1983 2750 859
1004 2 2 201 1 2001 2865 2002
1005 2 2 201 1 1852 2902 2748
1006 2 2 201 1 1435 2704 2331
1007 2 2 201 1 2001 2873 2865
1008 2 2 201 1 859 2759 1983
1009 2 2 201 1 1538 2887 2881
1010 2 2 201 1 2331 2712 1435
1011 2 2 201 1 2083 2467 2092
1012 2 2 201 1 1910 1917 1911
1013 2 2 201 1 947 2628 945
1014 2 2 201 1 2024 2577 2018
1015 2 2 201 1 2549 2913 2886
1016 2 2 201 1 1534 2643 1739
1017 2 2 201 1 1127 2951 2254
1018 2 2 201 1 2874 2906 2225
1019 2 2 201 1 2008 2980 760
1020 2 2 201 1 316 2577 2024
1021 2 2 201 1 783 1736 1735
1022 2 2 201 1 760 2988 2008
1023 2 2 201 1 1165 2794 2710
1024 2 2 201 1 2775 2852 1621
1025 2 2 201 1 1909 1912 1908
1026 2 2 201 1 1508 2890 1996
1027 2 2 201 1 1996 2904 1508
1028 2 2 201 1 1485 2879 1969
1029 2 2 201 1 2038 2691 2645
1030 2 2 201 1 1582 2885 2803
1031 2 2 201 1 1969 2888 1485
1032 2 2 201 1 817 2757 1600
1033 2 2 201 1 1709 2822 2688
1034 2 2 201 1 1006 2611 965
1035 2 2 201 1 2081 2095 891
1036 2 2 201 1 1843 1844 1011
1037 2 2 201 1 738 1746 182
1038 2 2 201 1 181 1746 909
1039 2 2 201 1 2548 2564 1778
1040 2 2 201 1 165 1886 819
1041 2 2 201 1 878 1886 166
1042 2 2 201 1 2178 2806 2176
1043 2 2 201 1 1675 1679 1677
1044 2 2 201 1 1535 2871 2864
1045 2 2 201 1 1667 1670 1669
1046 2 2 201 1 1565 2217 2212
1047 2 2 201 1 790 2560 1646
1048 2 2 201 1 1778 2564 1777
1049 2 2 201 1 850 2928 2264
1050 2 2 201 1 914 2562 1615
1051 2 2 201 1 1646 2560 1576
1052 2 2 201 1 2886 2913 1956
1053 2 2 201 1 850 2937 2928
1054 2 2 201 1 1613 2868 473
1055 2 2 201 1 1734 2505 1774
1056 2 2 201 1 1771 1774 1770
1057 2 2 201 1 1886 3035 1885
1058 2 2 201 1 2881 2887 2470
1059 2 2 201 1 1889 2784 1250
1060 2 2 201 1 1887 3035 1886
1061 2 2 201 1 1698 2862 2857
1062 2 2 201 1 2190 2194 1553
1063 2 2 201 1 2190 2193 2189
1064 2 2 201 1 1671 1680 1669
1065 2 2 201 1 1179 2732 2662
1066 2 2 201 1 1142 2906 2874
1067 2 2 201 1 2521 2780 1900
1068 2 2 201 1 2560 2572 1576
1069 2 2 201 1 2113 2934 1405
1070 2 2 201 1 2178 2844 2806
1071 2 2 201 1 2084 2086 1455
1072 2 2 201 1 2018 2041 2015
1073 2 2 201 1 2017 2041 2039
1074 2 2 201 1 1692 2801 2668
1075 2 2 201 1 1742 2664 1275
1076 2 2 201 1 2085 2095 2082
1077 2 2 201 1 2987 2994 1602
1078 2 2 201 1 1185 2708 2632
1079 2 2 201 1 1576 2572 1603
1080 2 2 201 1 1602 2994 1727
1081 2 2 201 1 887 2488 1834
1082 2 2 201 1 1906 2793 2648
1083 2 2 201 1 1633 1638 1635
1084 2 2 201 1 2212 2217 2213
1085 2 2 201 1 1809 2876 2735
1086 2 2 201 1 2085 2093 1452
1087 2 2 201 1 2229 3001 2007
1088 2 2 201 1 1530 2993 1932
1089 2 2 201 1 1932 3004 1530
1090 2 2 201 1 1717 1718 1715
1091 2 2 201 1 1841 2611 1006
1092 2 2 201 1 738 1748 1747
1093 2 2 201 1 2864 2871 2417
1094 2 2 201 1 1441 2728 2337
1095 2 2 201 1 2843 2869 765
1096 2 2 201 1 819 1886 1885
1097 2 2 201 1 746 2353 1667
1098 2 2 201 1 2040 2584 2037
1099 2 2 201 1 2337 2742 1441
1100 2 2 201 1 184 2685 2620
1101 2 2 201 1 2153 3000 2154
1102 2 2 201 1 1250 2935 1889
1103 2 2 201 1 2598 2669 825
1104 2 2 201 1 1637 2634 2596
1105 2 2 201 1 816 2565 1610
1106 2 2 201 1 2347 2884 2875
1107 2 2 201 1 1979 2586 2575
1108 2 2 201 1 1884 3028 819
1109 2 2 201 1 2857 2862 730
1110 2 2 201 1 319 2584 2040
1111 2 2 201 1 1399 2113 2112
1112 2 2 201 1 1755 2643 1534
1113 2 2 201 1 2348 2884 2347
1114 2 2 201 1 2829 2848 362
1115 2 2 201 1 1455 2093 2084
1116 2 2 201 1 1816 1822 1814
1117 2 2 201 1 2109 2847 2115
1118 2 2 201 1 2575 2586 1758
1119 2 2 201 1 818 2635 2624
1120 2 2 201 1 945 2059 943
1121 2 2 201 1 2201 2845 2807
1122 2 2 201 1 1603 2572 881
1123 2 2 201 1 2140 2600 2594
1124 2 2 201 1 2624 2635 1724
1125 2 2 201 1 842 2653 1774
1126 2 2 201 1 1783 2799 2124
1127 2 2 201 1 1646 2676 790
1128 2 2 201 1 2163 2790 2011
1129 2 2 201 1 863 2658 2646
1130 2 2 201 1 2091 2733 2705
1131 2 2 201 1 1551 2193 993
1132 2 2 201 1 995 2193 1553
1133 2 2 201 1 1638 2634 1637
1134 2 2 201 1 2124 2808 1783
1135 2 2 201 1 1741 1742 1275
1136 2 2 201 1 2594 2600 1398
1137 2 2 201 1 2805 2813 2527
1138 2 2 201 1 1487 2856 2820
1139 2 2 201 1 2007 3023 2229
1140 2 2 201 1 1455 2087 1221
1141 2 2 201 1 1219 2087 1459
1142 2 2 201 1 921 1613 1612
1143 2 2 201 1 1862 1864 1863
1144 2 2 201 1 748 2919 1597
1145 2 2 201 1 2803 2885 1619
1146 2 2 201 1 2646 2658 1731
1147 2 2 201 1 738 1747 1746
1148 2 2 201 1 786 2680 2670
1149 2 2 201 1 1861 1866 1865
1150 2 2 201 1 2758 2839 2363
1151 2 2 201 1 2133 2637 2625
1152 2 2 201 1 1555 2361 1122
1153 2 2 201 1 1124 2361 1491
1154 2 2 201 1 2177 2178 2176
1155 2 2 201 1 2139 2585 2142
1156 2 2 201 1 1752 1754 1753
1157 2 2 201 1 2288 2796 1478
1158 2 2 201 1 2121 2411 2198
1159 2 2 201 1 2670 2680 1778
1160 2 2 201 1 1607 2727 817
1161 2 2 201 1 1469 2751 2235
1162 2 2 201 1 1737 2653 174
1163 2 2 201 1 2625 2637 1477
1164 2 2 201 1 2092 2467 908
1165 2 2 201 1 2083 2092 2086
1166 2 2 201 1 2616 2942 2179
1167 2 2 201 1 2129 2661 2647
1168 2 2 201 1 2235 2760 1469
1169 2 2 201 1 1867 1868 1865
1170 2 2 201 1 473 2868 472
1171 2 2 201 1 2142 2585 1604
1172 2 2 201 1 2172 2983 758
1173 2 2 201 1 2056 2543 1387
1174 2 2 201 1 945 2628 2059
1175 2 2 201 1 735 2915 1829
1176 2 2 201 1 867 2551 1717
1177 2 2 201 1 2647 2661 1404
1178 2 2 201 1 921 1612 922
1179 2 2 201 1 2420 2724 2714
1180 2 2 201 1 2151 2756 2114
1181 2 2 201 1 2198 2411 897
1182 2 2 201 1 2786 2791 1693
1183 2 2 201 1 2543 2559 1387
1184 2 2 201 1 2084 2093 2085
1185 2 2 201 1 2714 2724 2080
1186 2 2 201 1 1615 2883 914
1187 2 2 201 1 1569 2391 2155
1188 2 2 201 1 824 2813 2805
1189 2 2 201 1 922 1612 923
1190 2 2 201 1 2656 2729 1820
1191 2 2 201 1 2544 2559 2543
1192 2 2 201 1 1464 2602 2596
1193 2 2 201 1 1452 2094 2085
1194 2 2 201 1 1588 2869 2843
1195 2 2 201 1 1225 2093 1223
1196 2 2 201 1 1950 2914 2909
1197 2 2 201 1 2518 2715 2707
1198 2 2 201 1 1743 1744 1742
1199 2 2 201 1 769 2791 2786
1200 2 2 201 1 1951 2914 1950
1201 2 2 201 1 433 1681 432
1202 2 2 201 1 1666 2937 850
1203 2 2 201 1 2161 2802 1471
1204 2 2 201 1 850 2953 1666
1205 2 2 201 1 767 2845 2792
1206 2 2 201 1 758 2804 2172
1207 2 2 201 1 1900 2997 2521
1208 2 2 201 1 2512 2819 1782
1209 2 2 201 1 2707 2715 1705
1210 2 2 201 1 2778 2781 2434
1211 2 2 201 1 2173 2175 2174
1212 2 2 201 1 1633 1635 1634
1213 2 2 201 1 1556 2216 2215
1214 2 2 201 1 836 1925 1924
1215 2 2 201 1 2357 2984 2391
1216 2 2 201 1 2761 2771 1513
1217 2 2 201 1 818 2613 2436
1218 2 2 201 1 1607 1608 1566
1219 2 2 201 1 466 1634 465
1220 2 2 201 1 2399 2900 2030
1221 2 2 201 1 2021 2023 2022
1222 2 2 201 1 2710 2794 2286
1223 2 2 201 1 1476 2772 2341
1224 2 2 201 1 1575 1606 1605
1225 2 2 201 1 2041 2577 826
1226 2 2 201 1 2341 2782 1476
1227 2 2 201 1 1007 2217 1009
1228 2 2 201 1 818 2624 2613
1229 2 2 201 1 1464 2559 2544
1230 2 2 201 1 1591 2848 2829
1231 2 2 201 1 1833 2933 831
1232 2 2 201 1 2476 2771 2761
1233 2 2 201 1 2140 2594 1462
1234 2 2 201 1 831 2948 1833
1235 2 2 201 1 1597 2973 748
1236 2 2 201 1 1575 1605 925
1237 2 2 201 1 2596 2602 1637
1238 2 2 201 1 1822 2976 750
1239 2 2 201 1 2787 2912 1781
1240 2 2 201 1 1450 2687 2673
1241 2 2 201 1 1817 1818 1816
1242 2 2 201 1 792 2752 2745
1243 2 2 201 1 2383 2821 2382
1244 2 2 201 1 1626 2579 1630
1245 2 2 201 1 2097 2691 2096
1246 2 2 201 1 2133 2615 2134
1247 2 2 201 1 894 2574 1867
1248 2 2 201 1 2695 2798 1821
1249 2 2 201 1 1804 1805 1427
1250 2 2 201 1 2950 2958 1592
1251 2 2 201 1 1566 1608 1527
1252 2 2 201 1 771 2743 2737
1253 2 2 201 1 1885 3035 1537
1254 2 2 201 1 754 3011 2777
1255 2 2 201 1 1575 1611 1606
1256 2 2 201 1 1847 1848 1147
1257 2 2 201 1 1503 1614 1579
1258 2 2 201 1 2133 2625 2615
1259 2 2 201 1 2150 2929 1389
1260 2 2 201 1 1480 2811 2322
1261 2 2 201 1 1769 2598 2436
1262 2 2 201 1 1595 1615 1614
1263 2 2 201 1 2322 2817 1480
1264 2 2 201 1 1522 2784 2591
1265 2 2 201 1 2807 2845 2300
1266 2 2 201 1 1099 2169 1097
1267 2 2 201 1 2901 2966 2508
1268 2 2 201 1 2662 2732 2279
1269 2 2 201 1 2820 2856 2187
1270 2 2 201 1 1609 1633 743
1271 2 2 201 1 1276 2664 1279
1272 2 2 201 1 2436 2613 1769
1273 2 2 201 1 1674 1675 1402
1274 2 2 201 1 759 2927 2917
1275 2 2 201 1 2275 2722 2713
1276 2 2 201 1 1810 2607 1841
1277 2 2 201 1 1400 1614 1503
1278 2 2 201 1 1829 2974 735
1279 2 2 201 1 1815 1816 1814
1280 2 2 201 1 2632 2708 2273
1281 2 2 201 1 2175 2180 872
1282 2 2 201 1 2086 2087 1455
1283 2 2 201 1 1452 2093 1225
1284 2 2 201 1 1223 2093 1455
1285 2 2 201 1 920 1616 233
1286 2 2 201 1 1843 1845 1844
1287 2 2 201 1 2389 2927 759
1288 2 2 201 1 1614 1615 1579
1289 2 2 201 1 1670 1671 1669
1290 2 2 201 1 2152 2826 1113
1291 2 2 201 1 432 1681 882
1292 2 2 201 1 755 1681 433
1293 2 2 201 1 1893 2832 1483
1294 2 2 201 1 1920 2614 1919
1295 2 2 201 1 865 2958 2950
1296 2 2 201 1 2045 2962 1118
1297 2 2 201 1 40 1925 39
1298 2 2 201 1 743 1632 1609
1299 2 2 201 1 922 923 912
1300 2 2 201 1 907 2197 2196
1301 2 2 201 1 1769 2669 2598
1302 2 2 201 1 465 1634 856
1303 2 2 201 1 747 2581 2578
1304 2 2 201 1 886 2997 2766
1305 2 2 201 1 471 3034 2868
1306 2 2 201 1 46 2197 45
1307 2 2 201 1 743 1634 466
1308 2 2 201 1 2620 2685 1751
1309 2 2 201 1 1738 2643 1736
1310 2 2 201 1 1717 1719 1718
1311 2 2 201 1 1556 2217 1007
1312 2 2 201 1 1009 2217 1565
1313 2 2 201 1 1748 1749 1747
1314 2 2 201 1 2121 2568 2411
1315 2 2 201 1 925 1605 927
1316 2 2 201 1 1398 2600 2134
1317 2 2 201 1 178 1738 177
1318 2 2 201 1 737 1738 178
1319 2 2 201 1 469 922 912
1320 2 2 201 1 2428 2700 2693
1321 2 2 201 1 1630 2579 1598
1322 2 2 201 1 1745 2673 1744
1323 2 2 201 1 9 1618 916
1324 2 2 201 1 923 1612 1575
1325 2 2 201 1 2113 2114 2112
1326 2 2 201 1 846 1617 247
1327 2 2 201 1 2745 2752 1879
1328 2 2 201 1 1386 2628 947
1329 2 2 201 1 917 1621 1620
1330 2 2 201 1 2737 2743 1703
1331 2 2 201 1 2134 2615 1398
1332 2 2 201 1 2777 3011 2012
1333 2 2 201 1 1739 2643 1738
1334 2 2 201 1 1864 1870 1863
1335 2 2 201 1 390 2180 389
1336 2 2 201 1 1571 1600 1599
1337 2 2 201 1 1525 2781 2778
1338 2 2 201 1 2095 2096 891
1339 2 2 201 1 1870 3014 1863
1340 2 2 201 1 2177 2179 2178
1341 2 2 201 1 1549 1610 1585
1342 2 2 201 1 1867 1869 1868
1343 2 2 201 1 2177 3020 2179
1344 2 2 201 1 1412 2169 1099
1345 2 2 201 1 1097 2169 1407
1346 2 2 201 1 1606 1607 1566
1347 2 2 201 1 1465 2825 2315
1348 2 2 201 1 471 921 470
1349 2 2 201 1 234 920 233
1350 2 2 201 1 923 1575 925
1351 2 2 201 1 2211 2676 2212
1352 2 2 201 1 2011 3011 2163
1353 2 2 201 1 1400 1503 1380
1354 2 2 201 1 917 1620 245
1355 2 2 201 1 1430 1566 1527
1356 2 2 201 1 1749 2673 1747
1357 2 2 201 1 1593 1595 1542
1358 2 2 201 1 2143 2681 2677
1359 2 2 201 1 921 922 470
1360 2 2 201 1 1651 1652 1644
1361 2 2 201 1 1527 1608 1571
1362 2 2 201 1 2315 2835 1465
1363 2 2 201 1 1379 1380 1378
1364 2 2 201 1 2094 2095 2085
1365 2 2 201 1 799 2905 2853
1366 2 2 201 1 39 1925 836
1367 2 2 201 1 913 1925 40
1368 2 2 201 1 2693 2700 1506
1369 2 2 201 1 1503 1579 1549
1370 2 2 201 1 1743 1745 1744
1371 2 2 201 1 2941 2959 1493
1372 2 2 201 1 2547 2567 1639
1373 2 2 201 1 1542 1614 1400
1374 2 2 201 1 2556 2941 1493
1375 2 2 201 1 1579 1610 1549
1376 2 2 201 1 2198 2580 2123
1377 2 2 201 1 1595 1614 1542
1378 2 2 201 1 2175 2176 2174
1379 2 2 201 1 11 1622 847
1380 2 2 201 1 1379 1400 1380
1381 2 2 201 1 45 2197 907
1382 2 2 201 1 804 2197 46
1383 2 2 201 1 248 1623 846
1384 2 2 201 1 2023 2025 2022
1385 2 2 201 1 232 1616 865
1386 2 2 201 1 1430 1527 1431
1387 2 2 201 1 1746 1747 1745
1388 2 2 201 1 878 1887 1886
1389 2 2 201 1 924 1632 912
1390 2 2 201 1 1488 2838 1975
1391 2 2 201 1 2599 2605 2122
1392 2 2 201 1 246 1617 917
1393 2 2 201 1 1644 1652 1643
1394 2 2 201 1 737 1739 1738
1395 2 2 201 1 1372 2550 1411
1396 2 2 201 1 2713 2722 1410
1397 2 2 201 1 847 1618 10
1398 2 2 201 1 1580 2803 1619
1399 2 2 201 1 1593 1596 1595
1400 2 2 201 1 897 2580 2198
1401 2 2 201 1 933 1645 1562
1402 2 2 201 1 1643 1652 1411
1403 2 2 201 1 1975 2850 1488
1404 2 2 201 1 2470 2889 2881
1405 2 2 201 1 1609 1632 924
1406 2 2 201 1 1818 1822 1816
1407 2 2 201 1 1817 1819 1818
1408 2 2 201 1 1571 1608 1600
1409 2 2 201 1 1612 1613 1611
1410 2 2 201 1 1605 1606 1566
1411 2 2 201 1 2544 2602 1464
1412 2 2 201 1 245 1620 244
1413 2 2 201 1 1493 2959 2542
1414 2 2 201 1 1862 2555 1864
1415 2 2 201 1 1377 1379 1378
1416 2 2 201 1 2580 2589 2123
1417 2 2 201 1 1377 1378 1376
1418 2 2 201 1 9 916 8
1419 2 2 201 1 246 917 245
1420 2 2 201 1 872 2180 390
1421 2 2 201 1 389 2180 758
1422 2 2 201 1 1619 2830 1580
1423 2 2 201 1 1805 1806 1427
1424 2 2 201 1 847 1619 1618
1425 2 2 201 1 1503 1549 1504
1426 2 2 201 1 869 2792 2203
1427 2 2 201 1 1848 1849 1147
1428 2 2 201 1 233 1616 232
1429 2 2 201 1 927 1430 929
1430 2 2 201 1 11 847 10
1431 2 2 201 1 248 846 247
1432 2 2 201 1 1562 2552 1580
1433 2 2 201 1 2959 2967 2542
1434 2 2 201 1 1527 1571 1528
1435 2 2 201 1 864 2889 2470
1436 2 2 201 1 2681 2690 2104
1437 2 2 201 1 927 1605 1430
1438 2 2 201 1 923 925 924
1439 2 2 201 1 1675 1676 1402
1440 2 2 201 1 1594 2567 2547
1441 2 2 201 1 1571 1599 1582
1442 2 2 201 1 1845 1847 1844
1443 2 2 201 1 1670 1672 1671
1444 2 2 201 1 1478 3009 2288
1445 2 2 201 1 1390 2744 2575
1446 2 2 201 1 923 924 912
1447 2 2 201 1 1411 2550 1643
1448 2 2 201 1 2087 2088 1459
1449 2 2 201 1 1748 1750 1749
1450 2 2 201 1 10 1618 9
1451 2 2 201 1 467 1632 743
1452 2 2 201 1 931 2634 1638
1453 2 2 201 1 247 1617 246
1454 2 2 201 1 469 912 468
1455 2 2 201 1 232 865 231
1456 2 2 201 1 1549 1585 1550
1457 2 2 201 1 1503 1504 1380
1458 2 2 201 1 1430 1431 929
1459 2 2 201 1 2566 2955 2396
1460 2 2 201 1 1541 1542 1400
1461 2 2 201 1 1661 2965 1660
1462 2 2 201 1 470 922 469
1463 2 2 201 1 230 1624 728
1464 2 2 201 1 1864 1871 1870
1465 2 2 201 1 2104 2690 2103
1466 2 2 201 1 1378 1393 1376
1467 2 2 201 1 1633 1634 743
1468 2 2 201 1 12 1622 11
1469 2 2 201 1 2578 2581 1636
1470 2 2 201 1 865 1624 231
1471 2 2 201 1 249 1623 248
1472 2 2 201 1 837 1631 250
1473 2 2 201 1 1375 1639 1377
1474 2 2 201 1 1562 1580 1563
1475 2 2 201 1 1375 1376 1374
1476 2 2 201 1 2542 2967 1529
1477 2 2 201 1 2209 2617 2605
1478 2 2 201 1 1430 1605 1566
1479 2 2 201 1 2023 2026 2025
1480 2 2 201 1 878 1888 1887
1481 2 2 201 1 249 1631 1623
1482 2 2 201 1 1634 1635 856
1483 2 2 201 1 1375 1377 1376
1484 2 2 201 1 2174 2649 1425
1485 2 2 201 1 737 1740 1739
1486 2 2 201 1 1635 1638 1637
1487 2 2 201 1 1657 2546 1653
1488 2 2 201 1 933 1562 1467
1489 2 2 201 1 1447 2645 2097
1490 2 2 201 1 1817 1820 1819
1491 2 2 201 1 1818 1823 1822
1492 2 2 201 1 912 1632 468
1493 2 2 201 1 1853 2671 2058
1494 2 2 201 1 1805 1807 1806
1495 2 2 201 1 1626 1630 1628
1496 2 2 201 1 1848 1850 1849
1497 2 2 201 1 1716 3007 823
1498 2 2 201 1 1953 1956 1955
1499 2 2 201 1 925 927 926
1500 2 2 201 1 1913 2644 1545
1501 2 2 201 1 1609 2557 1633
1502 2 2 201 1 1461 1639 1375
1503 2 2 201 1 1675 1677 1676
1504 2 2 201 1 1954 1955 799
1505 2 2 201 1 823 3018 1716
1506 2 2 201 1 1373 1374 1372
1507 2 2 201 1 1672 1673 1671
1508 2 2 201 1 1953 1955 1954
1509 2 2 201 1 1641 2546 1657
1510 2 2 201 1 2510 2912 2787
1511 2 2 201 1 1645 2552 1562
1512 2 2 201 1 2967 2977 1529
1513 2 2 201 1 1635 1637 1636
1514 2 2 201 1 1592 1593 1542
1515 2 2 201 1 1635 1636 856
1516 2 2 201 1 2088 2089 1459
1517 2 2 201 1 1373 1375 1374
1518 2 2 201 1 1748 1751 1750
1519 2 2 201 1 925 926 924
1520 2 2 201 1 1431 2552 1645
1521 2 2 201 1 14 1954 799
1522 2 2 201 1 1374 2550 1372
1523 2 2 201 1 1649 1659 1658
1524 2 2 201 1 1366 1658 1364
1525 2 2 201 1 1948 1951 1950
1526 2 2 201 1 1371 1372 1370
1527 2 2 201 1 2987 3031 805
1528 2 2 201 1 1647 1648 1419
1529 2 2 201 1 1648 1652 1651
1530 2 2 201 1 1368 1647 1419
1531 2 2 201 1 747 2062 2061
1532 2 2 201 1 1888 1889 1887
1533 2 2 201 1 2766 2997 1901
1534 2 2 201 1 1376 1625 1374
1535 2 2 201 1 1946 1951 1948
1536 2 2 201 1 2792 2845 2203
1537 2 2 201 1 1371 1373 1372
1538 2 2 201 1 1740 1741 1739
1539 2 2 201 1 231 1624 230
1540 2 2 201 1 1372 1411 1370
1541 2 2 201 1 1948 1950 1949
1542 2 2 201 1 1820 1821 1819
1543 2 2 201 1 1807 1808 1806
1544 2 2 201 1 1850 1851 1849
1545 2 2 201 1 1947 1948 839
1546 2 2 201 1 15 1954 14
1547 2 2 201 1 1946 1948 1947
1548 2 2 201 1 1948 1949 839
1549 2 2 201 1 1653 2546 1371
1550 2 2 201 1 1364 1658 1424
1551 2 2 201 1 1848 1854 1850
1552 2 2 201 1 250 1631 249
1553 2 2 201 1 1419 1658 1366
1554 2 2 201 1 747 2061 462
1555 2 2 201 1 1677 1678 1676
1556 2 2 201 1 462 2061 461
1557 2 2 201 1 16 1952 15
1558 2 2 201 1 1647 1652 1648
1559 2 2 201 1 1949 1953 1952
1560 2 2 201 1 2690 2699 2103
1561 2 2 201 1 1369 1653 1371
1562 2 2 201 1 17 1947 839
1563 2 2 201 1 471 2868 921
1564 2 2 201 1 2088 2090 2089
1565 2 2 201 1 1562 1563 1467
1566 2 2 201 1 1751 1752 1750
1567 2 2 201 1 930 1645 933
1568 2 2 201 1 1095 2170 1093
1569 2 2 201 1 1407 2170 1095
1570 2 2 201 1 1654 1657 1653
1571 2 2 201 1 1369 1371 1370
1572 2 2 201 1 2062 2544 2543
1573 2 2 201 1 1369 1370 1368
1574 2 2 201 1 1456 1653 1369
1575 2 2 201 1 2054 2056 2055
1576 2 2 201 1 2056 2059 2055
1577 2 2 201 1 1965 2966 2901
1578 2 2 201 1 2061 2062 2057
1579 2 2 201 1 1648 1651 1650
1580 2 2 201 1 461 2061 2060
1581 2 2 201 1 2054 2055 2053
1582 2 2 201 1 18 1947 17
1583 2 2 201 1 1851 1852 1849
1584 2 2 201 1 1942 1944 1943
1585 2 2 201 1 2168 2171 2170
1586 2 2 201 1 1949 1952 839
1587 2 2 201 1 1373 1461 1375
1588 2 2 201 1 1942 1943 840
1589 2 2 201 1 1941 1942 840
1590 2 2 201 1 742 2054 2053
1591 2 2 201 1 1952 1954 15
1592 2 2 201 1 19 1945 18
1593 2 2 201 1 1808 1809 1806
1594 2 2 201 1 461 2060 460
1595 2 2 201 1 1940 1942 1941
1596 2 2 201 1 1370 1647 1368
1597 2 2 201 1 1943 1946 1945
1598 2 2 201 1 2854 2895 1385
1599 2 2 201 1 20 1941 840
1600 2 2 201 1 2090 2091 2089
1601 2 2 201 1 742 2060 2054
1602 2 2 201 1 1945 1947 18
1603 2 2 201 1 2054 2060 2057
1604 2 2 201 1 1456 1654 1653
1605 2 2 201 1 1851 1853 1852
1606 2 2 201 1 742 2053 2052
1607 2 2 201 1 1943 1945 840
1608 2 2 201 1 1648 1649 1419
1609 2 2 201 1 1937 1938 838
1610 2 2 201 1 2168 2172 2171
1611 2 2 201 1 2060 2061 2057
1612 2 2 201 1 21 1941 20
1613 2 2 201 1 1938 1940 1939
1614 2 2 201 1 1808 1810 1809
1615 2 2 201 1 2054 2057 2056
1616 2 2 201 1 22 1939 21
1617 2 2 201 1 2055 2058 2053
1618 2 2 201 1 839 1952 16
1619 2 2 201 1 1658 1659 1424
1620 2 2 201 1 1938 1939 838
1621 2 2 201 1 1935 1937 1936
1622 2 2 201 1 460 2060 742
1623 2 2 201 1 1648 1650 1649
1624 2 2 201 1 840 1945 19
1625 2 2 201 1 1936 1937 838
1626 2 2 201 1 457 2051 744
1627 2 2 201 1 458 2051 457
1628 2 2 201 1 742 2052 459
1629 2 2 201 1 458 2052 2051
1630 2 2 201 1 1934 1935 910
1631 2 2 201 1 1538 2523 1365
1632 2 2 201 1 2172 2173 2171
1633 2 2 201 1 1659 1660 1424
1634 2 2 201 1 1842 1846 1840
1635 2 2 201 1 1931 1934 1933
1636 2 2 201 1 23 1936 838
1637 2 2 201 1 1837 1842 1840
1638 2 2 201 1 1933 1934 910
1639 2 2 201 1 1939 1941 21
1640 2 2 201 1 1930 1932 1931
1641 2 2 201 1 1928 1930 1929
1642 2 2 201 1 1929 1930 841
1643 2 2 201 1 1930 1931 841
1644 2 2 201 1 1365 2523 1367
1645 2 2 201 1 1838 1842 1837
1646 2 2 201 1 24 1936 23
1647 2 2 201 1 744 2481 456
1648 2 2 201 1 456 2481 455
1649 2 2 201 1 1838 1843 1842
1650 2 2 201 1 25 1933 910
1651 2 2 201 1 1837 1840 1839
1652 2 2 201 1 838 1939 22
1653 2 2 201 1 1836 1838 1837
1654 2 2 201 1 27 1929 841
1655 2 2 201 1 1659 1661 1660
1656 2 2 201 1 1836 1837 745
1657 2 2 201 1 774 1855 453
1658 2 2 201 1 1927 1928 1926
1659 2 2 201 1 1837 1839 745
1660 2 2 201 1 797 1927 1926
1661 2 2 201 1 448 1857 852
1662 2 2 201 1 459 2052 458
1663 2 2 201 1 26 1933 25
1664 2 2 201 1 28 1929 27
1665 2 2 201 1 1856 1857 449
1666 2 2 201 1 450 1856 449
1667 2 2 201 1 1840 1841 1839
1668 2 2 201 1 453 1855 452
1669 2 2 201 1 449 1857 448
1670 2 2 201 1 29 1926 28
1671 2 2 201 1 797 1926 29
1672 2 2 201 1 30 1922 797
1673 2 2 201 1 1916 1919 1918
1674 2 2 201 1 1916 1918 911
1675 2 2 201 1 1903 2525 853
1676 2 2 201 1 1904 2525 1903
1677 2 2 201 1 1915 1916 911
1678 2 2 201 1 31 1922 30
1679 2 2 201 1 1911 1915 1914
1680 2 2 201 1 1798 1802 1801
1681 2 2 201 1 1801 1803 1799
1682 2 2 201 1 1935 1936 910
1683 2 2 201 1 911 1918 32
1684 2 2 201 1 1914 1915 911
1685 2 2 201 1 32 1918 31
1686 2 2 201 1 1796 1801 1799
1687 2 2 201 1 1910 1911 796
1688 2 2 201 1 1798 1801 1796
1689 2 2 201 1 33 1914 911
1690 2 2 201 1 1795 1798 1796
1691 2 2 201 1 1796 1799 1797
1692 2 2 201 1 34 1914 33
1693 2 2 201 1 1795 1812 1798
1694 2 2 201 1 1795 1796 848
1695 2 2 201 1 1796 1797 848
1696 2 2 201 1 1797 2539 848
1697 2 2 201 1 1908 1910 1907
1698 2 2 201 1 750 2539 1813
1699 2 2 201 1 849 1908 1907
1700 2 2 201 1 1813 2539 1797
1701 2 2 201 1 749 1812 445
1702 2 2 201 1 445 1812 444
1703 2 2 201 1 444 1812 1795
1704 2 2 201 1 849 1909 1908
1705 2 2 201 1 1907 1910 796
1706 2 2 201 1 836 1923 38
1707 2 2 201 1 1799 1800 1797
1708 2 2 201 1 38 1923 37
1709 2 2 201 1 2189 2191 2188
1710 2 2 201 1 1911 1914 796
1711 2 2 201 1 803 2189 2188
1712 2 2 201 1 803 2190 2189
1713 2 2 201 1 2188 2191 913
1714 2 2 201 1 1396 2538 1668
1715 2 2 201 1 1668 2538 1664
1716 2 2 201 1 803 2195 2190
1717 2 2 201 1 907 2195 44
1718 2 2 201 1 44 2195 43
1719 2 2 201 1 43 2195 803
1720 2 2 201 1 1662 1664 1392
1721 2 2 201 1 1664 2538 1392
1722 2 2 201 1 2213 2215 2214
1723 2 2 201 1 2214 2215 804
1724 2 2 201 1 1662 2534 1557
1725 2 2 201 1 1392 2534 1662
1726 2 2 201 1 1665 1668 1664
1727 2 2 201 1 2212 2213 902
1728 2 2 201 1 47 2214 804
1729 2 2 201 1 1663 1664 1662
1730 2 2 201 1 48 2214 47
1731 2 2 201 1 2211 2212 902
1732 2 2 201 1 1663 1665 1664
1733 2 2 201 1 1586 1662 1557
1734 2 2 201 1 1918 1922 31
1735 2 2 201 1 2139 2142 2141
1736 2 2 201 1 1557 2534 1018
1737 2 2 201 1 2139 2141 807
1738 2 2 201 1 1993 1997 1994
1739 2 2 201 1 2141 2142 881
1740 2 2 201 1 2138 2139 807
1741 2 2 201 1 2138 2140 2139
1742 2 2 201 1 748 1997 1993
1743 2 2 201 1 2135 2138 2137
1744 2 2 201 1 1490 1557 1018
1745 2 2 201 1 1586 1663 1662
1746 2 2 201 1 2137 2138 807
1747 2 2 201 1 1994 1996 1995
1748 2 2 201 1 2317 2318 2003
1749 2 2 201 1 427 2264 426
1750 2 2 201 1 850 2264 427
1751 2 2 201 1 807 2141 55
1752 2 2 201 1 56 2137 807
1753 2 2 201 1 1995 1999 1998
1754 2 2 201 1 1993 1994 899
1755 2 2 201 1 57 2137 56
1756 2 2 201 1 55 2141 54
1757 2 2 201 1 1998 1999 752
1758 2 2 201 1 54 2141 881
1759 2 2 201 1 2213 2214 902
1760 2 2 201 1 58 2136 57
1761 2 2 201 1 1994 1995 899
1762 2 2 201 1 1999 2001 2000
1763 2 2 201 1 2136 2137 57
1764 2 2 201 1 2133 2134 2132
1765 2 2 201 1 421 1998 752
1766 2 2 201 1 2131 2133 2132
1767 2 2 201 1 1999 2000 752
1768 2 2 201 1 2318 2532 2003
1769 2 2 201 1 2000 2532 752
1770 2 2 201 1 2131 2132 900
1771 2 2 201 1 2313 2317 2316
1772 2 2 201 1 900 2136 58
1773 2 2 201 1 422 1998 421
1774 2 2 201 1 2128 2131 2130
1775 2 2 201 1 2001 2002 2000
1776 2 2 201 1 845 2318 2317
1777 2 2 201 1 2127 2129 2128
1778 2 2 201 1 2003 2532 2000
1779 2 2 201 1 2130 2131 900
1780 2 2 201 1 2313 2316 2315
1781 2 2 201 1 59 2130 900
1782 2 2 201 1 845 2317 2313
1783 2 2 201 1 1361 2485 1363
1784 2 2 201 1 1700 1704 1701
1785 2 2 201 1 1688 1899 1898
1786 2 2 201 1 2127 2128 782
1787 2 2 201 1 2314 2320 2319
1788 2 2 201 1 1710 2485 1361
1789 2 2 201 1 60 2130 59
1790 2 2 201 1 2319 2320 753
1791 2 2 201 1 415 2319 753
1792 2 2 201 1 2313 2315 2314
1793 2 2 201 1 1501 1700 1323
1794 2 2 201 1 1518 1689 1337
1795 2 2 201 1 1269 2486 1267
1796 2 2 201 1 1293 2502 1295
1797 2 2 201 1 419 2318 418
1798 2 2 201 1 418 2318 845
1799 2 2 201 1 1349 1897 1759
1800 2 2 201 1 1363 2485 1538
1801 2 2 201 1 1682 1683 1445
1802 2 2 201 1 1689 1693 1690
1803 2 2 201 1 1340 2504 1338
1804 2 2 201 1 845 2313 2312
1805 2 2 201 1 2313 2314 2312
1806 2 2 201 1 1323 1700 1325
1807 2 2 201 1 1688 1726 1684
1808 2 2 201 1 1964 1967 1966
1809 2 2 201 1 2128 2130 782
1810 2 2 201 1 1326 1898 1463
1811 2 2 201 1 1518 1693 1689
1812 2 2 201 1 416 2319 415
1813 2 2 201 1 1894 2431 1896
1814 2 2 201 1 1501 1704 1700
1815 2 2 201 1 1359 1710 1361
1816 2 2 201 1 1688 1898 1726
1817 2 2 201 1 2076 2487 2078
1818 2 2 201 1 2126 2127 782
1819 2 2 201 1 1332 1682 1445
1820 2 2 201 1 2134 2135 2132
1821 2 2 201 1 1695 1696 1448
1822 2 2 201 1 1338 2504 1439
1823 2 2 201 1 1706 1707 1437
1824 2 2 201 1 2320 2322 2321
1825 2 2 201 1 1345 1706 1437
1826 2 2 201 1 1328 1898 1326
1827 2 2 201 1 2158 2321 2159
1828 2 2 201 1 1350 2494 1426
1829 2 2 201 1 1712 1714 1403
1830 2 2 201 1 1267 2486 1409
1831 2 2 201 1 1337 1689 1339
1832 2 2 201 1 1295 2502 1756
1833 2 2 201 1 1353 2522 1355
1834 2 2 201 1 1357 1695 1448
1835 2 2 201 1 1730 1776 1775
1836 2 2 201 1 1352 2494 1350
1837 2 2 201 1 1684 1726 1445
1838 2 2 201 1 1964 1966 1962
1839 2 2 201 1 1720 1721 1473
1840 2 2 201 1 1274 2257 1272
1841 2 2 201 1 1342 1762 1340
1842 2 2 201 1 1828 1831 1830
1843 2 2 201 1 1403 2486 1269
1844 2 2 201 1 2320 2321 753
1845 2 2 201 1 1305 1728 1307
1846 2 2 201 1 1793 1794 1790
1847 2 2 201 1 2126 2143 2127
1848 2 2 201 1 1448 1710 1359
1849 2 2 201 1 1303 1720 1473
1850 2 2 201 1 1286 1830 1517
1851 2 2 201 1 1898 1899 1463
1852 2 2 201 1 1830 1831 1517
1853 2 2 201 1 1723 1729 1728
1854 2 2 201 1 1271 1755 1534
1855 2 2 201 1 769 1902 209
1856 2 2 201 1 1390 2502 1293
1857 2 2 201 1 1762 2504 1340
1858 2 2 201 1 419 2532 2318
1859 2 2 201 1 1313 2388 1315
1860 2 2 201 1 1782 2507 1779
1861 2 2 201 1 1458 2506 1781
1862 2 2 201 1 1683 1684 1445
1863 2 2 201 1 1730 1775 1481
1864 2 2 201 1 1307 1728 1481
1865 2 2 201 1 412 2162 411
1866 2 2 201 1 2017 2039 2035
1867 2 2 201 1 61 2126 782
1868 2 2 201 1 2158 2159 855
1869 2 2 201 1 2039 2040 2037
1870 2 2 201 1 417 2312 416
1871 2 2 201 1 1759 1760 1443
1872 2 2 201 1 2032 2033 1519
1873 2 2 201 1 1299 2386 1301
1874 2 2 201 1 845 2312 417
1875 2 2 201 1 1756 1757 1395
1876 2 2 201 1 1518 1694 1693
1877 2 2 201 1 1406 2388 1313
1878 2 2 201 1 1990 2370 1991
1879 2 2 201 1 1872 1874 1873
1880 2 2 201 1 209 1902 208
1881 2 2 201 1 1266 1732 1268
1882 2 2 201 1 1272 2257 1403
1883 2 2 201 1 2252 2253 2221
1884 2 2 201 1 2253 2255 2221
1885 2 2 201 1 1696 1697 1448
1886 2 2 201 1 2160 2163 2162
1887 2 2 201 1 63 2125 62
1888 2 2 201 1 1064 1872 1432
1889 2 2 201 1 1277 2257 1274
1890 2 2 201 1 2035 2039 2037
1891 2 2 201 1 1325 1700 1416
1892 2 2 201 1 2221 2450 2252
1893 2 2 201 1 1237 2034 1235
1894 2 2 201 1 1268 1755 1271
1895 2 2 201 1 1056 2282 1058
1896 2 2 201 1 2159 2161 2160
1897 2 2 201 1 1259 2402 1257
1898 2 2 201 1 411 2162 754
1899 2 2 201 1 86 2416 85
1900 2 2 201 1 1971 1973 1972
1901 2 2 201 1 1403 2257 1712
1902 2 2 201 1 290 1962 289
1903 2 2 201 1 1972 2049 1971
1904 2 2 201 1 191 2436 190
1905 2 2 201 1 1786 2385 1905
1906 2 2 201 1 1297 1756 1395
1907 2 2 201 1 1284 1835 1282
1908 2 2 201 1 1728 1729 1481
1909 2 2 201 1 1892 2492 1974
1910 2 2 201 1 864 2469 223
1911 2 2 201 1 1831 1832 1517
1912 2 2 201 1 1894 1896 1895
1913 2 2 201 1 2125 2126 62
1914 2 2 201 1 1421 2282 1056
1915 2 2 201 1 1971 2049 1968
1916 2 2 201 1 1473 1728 1305
1917 2 2 201 1 1729 1730 1481
1918 2 2 201 1 1270 2402 1259
1919 2 2 201 1 1707 1709 1708
1920 2 2 201 1 1351 1759 1443
1921 2 2 201 1 862 2474 207
1922 2 2 201 1 2252 2450 763
1923 2 2 201 1 1990 2371 2370
1924 2 2 201 1 2219 2255 2222
1925 2 2 201 1 1784 1785 1524
1926 2 2 201 1 1788 1789 1420
1927 2 2 201 1 1518 2468 1694
1928 2 2 201 1 1070 1784 1524
1929 2 2 201 1 782 2130 60
1930 2 2 201 1 187 2466 1977
1931 2 2 201 1 1364 1424 1362
1932 2 2 201 1 1339 1689 1433
1933 2 2 201 1 875 2125 63
1934 2 2 201 1 1260 1770 1262
1935 2 2 201 1 207 2474 206
1936 2 2 201 1 2017 2035 2034
1937 2 2 201 1 1732 1755 1268
1938 2 2 201 1 763 2256 2250
1939 2 2 201 1 2073 2238 2210
1940 2 2 201 1 2159 2160 855
1941 2 2 201 1 1235 2034 1383
1942 2 2 201 1 2250 2252 763
1943 2 2 201 1 1826 2364 1828
1944 2 2 201 1 1226 2479 1228
1945 2 2 201 1 1977 2466 1979
1946 2 2 201 1 1722 2386 1768
1947 2 2 201 1 1967 1968 736
1948 2 2 201 1 436 1992 851
1949 2 2 201 1 1321 1323 1322
1950 2 2 201 1 1729 1731 1730
1951 2 2 201 1 1516 2028 1218
1952 2 2 201 1 1501 2516 1705
1953 2 2 201 1 1290 1825 1288
1954 2 2 201 1 866 2492 1892
1955 2 2 201 1 2280 2354 2281
1956 2 2 201 1 1872 1873 1432
1957 2 2 201 1 2281 2354 2298
1958 2 2 201 1 1357 1448 1359
1959 2 2 201 1 1721 1723 1473
1960 2 2 201 1 296 2488 887
1961 2 2 201 1 1714 2486 1403
1962 2 2 201 1 868 2106 385
1963 2 2 201 1 262 1894 787
1964 2 2 201 1 1973 1974 734
1965 2 2 201 1 1880 1881 1512
1966 2 2 201 1 1697 1711 1710
1967 2 2 201 1 2162 2163 754
1968 2 2 201 1 2513 2514 2282
1969 2 2 201 1 1279 1281 1280
1970 2 2 201 1 1968 2049 736
1971 2 2 201 1 1333 1334 1332
1972 2 2 201 1 2028 2032 1519
1973 2 2 201 1 286 2049 1972
1974 2 2 201 1 1249 2407 1247
1975 2 2 201 1 1257 2402 1417
1976 2 2 201 1 2107 2117 2116
1977 2 2 201 1 2312 2319 416
1978 2 2 201 1 1772 1773 1771
1979 2 2 201 1 864 2470 2469
1980 2 2 201 1 1251 2406 1249
1981 2 2 201 1 1356 1420 1354
1982 2 2 201 1 1395 2386 1299
1983 2 2 201 1 1311 1406 1313
1984 2 2 201 1 1062 1872 1064
1985 2 2 201 1 1339 1433 1341
1986 2 2 201 1 748 1993 424
1987 2 2 201 1 1260 1262 1261
1988 2 2 201 1 1587 1602 1560
1989 2 2 201 1 2186 2300 2299
1990 2 2 201 1 794 2417 2416
1991 2 2 201 1 1368 1419 1366
1992 2 2 201 1 736 2049 287
1993 2 2 201 1 1334 1682 1332
1994 2 2 201 1 1876 1877 1421
1995 2 2 201 1 1242 1880 1512
1996 2 2 201 1 1332 1445 1330
1997 2 2 201 1 1590 1713 1712
1998 2 2 201 1 818 2436 191
1999 2 2 201 1 1246 2199 1537
2000 2 2 201 1 2496 2497 1440
2001 2 2 201 1 1682 1685 1683
2002 2 2 201 1 2167 2441 2230
2003 2 2 201 1 2221 2255 2219
2004 2 2 201 1 1686 1687 1684
2005 2 2 201 1 1247 2407 1381
2006 2 2 201 1 1347 1897 1349
2007 2 2 201 1 1307 1481 1309
2008 2 2 201 1 1707 1708 1437
2009 2 2 201 1 50 2211 49
2010 2 2 201 1 424 1993 423
2011 2 2 201 1 1234 2392 1236
2012 2 2 201 1 49 2211 902
2013 2 2 201 1 789 2063 91
2014 2 2 201 1 869 2343 2342
2015 2 2 201 1 1288 1830 1286
2016 2 2 201 1 223 2469 222
2017 2 2 201 1 1991 2370 1077
2018 2 2 201 1 1315 2388 2387
2019 2 2 201 1 1756 1758 1757
2020 2 2 201 1 2288 2290 2289
2021 2 2 201 1 85 2416 901
2022 2 2 201 1 65 2464 64
2023 2 2 201 1 192 818 191
2024 2 2 201 1 222 795 221
2025 2 2 201 1 781 2278 2277
2026 2 2 201 1 1962 1966 289
2027 2 2 201 1 1682 1725 1685
2028 2 2 201 1 401 2071 757
2029 2 2 201 1 446 1824 749
2030 2 2 201 1 287 2049 286
2031 2 2 201 1 1349 1759 1351
2032 2 2 201 1 1323 1325 1324
2033 2 2 201 1 1100 2435 1102
2034 2 2 201 1 773 2455 2183
2035 2 2 201 1 1232 2004 1234
2036 2 2 201 1 1481 1775 1309
2037 2 2 201 1 269 2487 2076
2038 2 2 201 1 871 2381 365
2039 2 2 201 1 1363 1364 1362
2040 2 2 201 1 1353 1355 1354
2041 2 2 201 1 2010 2511 2013
2042 2 2 201 1 2267 2269 2268
2043 2 2 201 1 73 2204 876
2044 2 2 201 1 1443 2522 1353
2045 2 2 201 1 1409 2414 1265
2046 2 2 201 1 2406 2407 1249
2047 2 2 201 1 1236 2392 1509
2048 2 2 201 1 1325 1416 1327
2049 2 2 201 1 1516 2398 2030
2050 2 2 201 1 74 2204 73
2051 2 2 201 1 2329 2369 2332
2052 2 2 201 1 1899 1900 1463
2053 2 2 201 1 789 2064 2063
2054 2 2 201 1 365 2381 364
2055 2 2 201 1 2377 2379 871
2056 2 2 201 1 2333 2334 2332
2057 2 2 201 1 781 2277 2276
2058 2 2 201 1 1218 2028 1220
2059 2 2 201 1 1343 1345 1344
2060 2 2 201 1 768 2327 126
2061 2 2 201 1 1723 1728 1473
2062 2 2 201 1 1321 2516 1501
2063 2 2 201 1 1516 2029 2028
2064 2 2 201 1 1720 1722 1721
2065 2 2 201 1 1875 2514 2513
2066 2 2 201 1 64 2464 875
2067 2 2 201 1 1367 1368 1366
2068 2 2 201 1 821 2046 95
2069 2 2 201 1 1088 2491 1453
2070 2 2 201 1 2271 2428 2270
2071 2 2 201 1 1303 1473 1305
2072 2 2 201 1 1789 1790 1420
2073 2 2 201 1 855 2162 412
2074 2 2 201 1 1079 1991 1077
2075 2 2 201 1 1345 1347 1346
2076 2 2 201 1 62 2126 61
2077 2 2 201 1 1054 1876 1421
2078 2 2 201 1 1283 1285 1284
2079 2 2 201 1 2324 2367 2323
2080 2 2 201 1 348 2280 347
2081 2 2 201 1 1517 1835 1284
2082 2 2 201 1 136 2342 135
2083 2 2 201 1 2033 2471 1519
2084 2 2 201 1 1695 1698 1696
2085 2 2 201 1 281 1890 830
2086 2 2 201 1 897 2410 330
2087 2 2 201 1 1081 1984 1422
2088 2 2 201 1 1560 1590 1559
2089 2 2 201 1 1990 1991 1986
2090 2 2 201 1 1713 1715 1714
2091 2 2 201 1 854 2449 149
2092 2 2 201 1 1286 1517 1284
2093 2 2 201 1 1417 1859 1858
2094 2 2 201 1 1697 1710 1448
2095 2 2 201 1 1351 1443 1353
2096 2 2 201 1 1357 1358 1356
2097 2 2 201 1 364 2381 765
2098 2 2 201 1 2117 2165 2116
2099 2 2 201 1 437 1992 436
2100 2 2 201 1 1963 1964 1962
2101 2 2 201 1 2014 2034 1237
2102 2 2 201 1 2119 2120 1391
2103 2 2 201 1 1560 1727 1590
2104 2 2 201 1 1984 1985 1422
2105 2 2 201 1 1315 1317 1316
2106 2 2 201 1 348 2354 2280
2107 2 2 201 1 898 2420 2419
2108 2 2 201 1 1511 1559 1277
2109 2 2 201 1 1311 1775 1406
2110 2 2 201 1 1881 1884 1882
2111 2 2 201 1 345 2276 2274
2112 2 2 201 1 413 2158 855
2113 2 2 201 1 1526 1770 1260
2114 2 2 201 1 794 2416 86
2115 2 2 201 1 789 2442 2065
2116 2 2 201 1 1216 2398 1516
2117 2 2 201 1 1734 1737 1733
2118 2 2 201 1 2333 2369 128
2119 2 2 201 1 768 2329 2328
2120 2 2 201 1 766 2340 2339
2121 2 2 201 1 1784 1786 1785
2122 2 2 201 1 2210 2238 884
2123 2 2 201 1 1458 1781 1780
2124 2 2 201 1 139 2299 767
2125 2 2 201 1 1271 1273 1272
2126 2 2 201 1 2183 2455 2351
2127 2 2 201 1 1090 1092 1091
2128 2 2 201 1 1303 1305 1304
2129 2 2 201 1 1417 1860 1859
2130 2 2 201 1 1500 2395 2006
2131 2 2 201 1 1220 1519 1222
2132 2 2 201 1 1784 2385 1786
2133 2 2 201 1 1432 2385 1066
2134 2 2 201 1 1713 1716 1715
2135 2 2 201 1 1763 1765 1762
2136 2 2 201 1 78 2205 883
2137 2 2 201 1 904 2206 335
2138 2 2 201 1 1177 1414 1175
2139 2 2 201 1 1439 1725 1336
2140 2 2 201 1 341 2426 340
2141 2 2 201 1 1153 2355 1151
2142 2 2 201 1 1973 1975 1974
2143 2 2 201 1 868 2117 2106
2144 2 2 201 1 2431 2432 1896
2145 2 2 201 1 1325 1326 1324
2146 2 2 201 1 2288 2289 2287
2147 2 2 201 1 781 2276 346
2148 2 2 201 1 810 2428 2427
2149 2 2 201 1 1292 1494 1290
2150 2 2 201 1 866 1892 1891
2151 2 2 201 1 1169 1525 1167
2152 2 2 201 1 1230 2395 1500
2153 2 2 201 1 1139 2425 1137
2154 2 2 201 1 1159 1533 1157
2155 2 2 201 1 1335 1337 1336
2156 2 2 201 1 345 2274 344
2157 2 2 201 1 2340 2341 2339
2158 2 2 201 1 1345 1437 1347
2159 2 2 201 1 143 2455 773
2160 2 2 201 1 1065 2439 1063
2161 2 2 201 1 1523 2479 1226
2162 2 2 201 1 1735 1755 1732
2163 2 2 201 1 1132 2390 1134
2164 2 2 201 1 1335 1336 1334
2165 2 2 201 1 2332 2369 2333
2166 2 2 201 1 1131 1384 1129
2167 2 2 201 1 1354 1794 1352
2168 2 2 201 1 2120 2198 2123
2169 2 2 201 1 2356 2359 106
2170 2 2 201 1 1136 2382 1138
2171 2 2 201 1 2274 2276 2275
2172 2 2 201 1 1124 1491 1126
2173 2 2 201 1 1458 1779 1316
2174 2 2 201 1 2311 2365 2306
2175 2 2 201 1 2225 2378 2377
2176 2 2 201 1 97 2268 96
2177 2 2 201 1 106 2359 105
2178 2 2 201 1 346 2276 345
2179 2 2 201 1 399 2210 884
2180 2 2 201 1 2083 2084 2082
2181 2 2 201 1 145 2344 874
2182 2 2 201 1 126 2327 125
2183 2 2 201 1 1209 2119 1391
2184 2 2 201 1 1363 1538 1365
2185 2 2 201 1 2145 2147 2146
2186 2 2 201 1 1457 2263 1980
2187 2 2 201 1 2118 2441 2167
2188 2 2 201 1 1382 2014 1239
2189 2 2 201 1 1494 1825 1290
2190 2 2 201 1 2403 2440 2404
2191 2 2 201 1 347 2280 781
2192 2 2 201 1 385 2106 384
2193 2 2 201 1 779 2363 2362
2194 2 2 201 1 81 2401 80
2195 2 2 201 1 402 2071 401
2196 2 2 201 1 2244 2245 870
2197 2 2 201 1 1094 1096 1095
2198 2 2 201 1 1264 1531 1266
2199 2 2 201 1 1311 1313 1312
2200 2 2 201 1 1501 1705 1704
2201 2 2 201 1 1422 1991 1079
2202 2 2 201 1 1570 2383 2382
2203 2 2 201 1 2224 2397 2220
2204 2 2 201 1 1343 1344 1342
2205 2 2 201 1 1881 1882 1512
2206 2 2 201 1 880 2299 140
2207 2 2 201 1 2268 2269 821
2208 2 2 201 1 1297 1395 1299
2209 2 2 201 1 1458 1780 1779
2210 2 2 201 1 2307 2308 889
2211 2 2 201 1 1232 1234 1233
2212 2 2 201 1 2299 2300 767
2213 2 2 201 1 2144 2145 858
2214 2 2 201 1 1317 1319 1318
2215 2 2 201 1 2329 2330 2328
2216 2 2 201 1 373 2256 372
2217 2 2 201 1 2150 2452 2149
2218 2 2 201 1 1100 1102 1101
2219 2 2 201 1 1347 1349 1348
2220 2 2 201 1 1120 1122 1121
2221 2 2 201 1 1330 1726 1328
2222 2 2 201 1 1832 1835 1517
2223 2 2 201 1 2451 2460 2149
2224 2 2 201 1 91 2063 90
2225 2 2 201 1 768 2328 2327
2226 2 2 201 1 324 2081 323
2227 2 2 201 1 870 2256 373
2228 2 2 201 1 1258 1526 1260
2229 2 2 201 1 1263 2413 1261
2230 2 2 201 1 1329 1330 1328
2231 2 2 201 1 1984 2412 1987
2232 2 2 201 1 2453 2484 2452
2233 2 2 201 1 96 2268 821
2234 2 2 201 1 116 2310 820
2235 2 2 201 1 372 2256 763
2236 2 2 201 1 1689 1690 1433
2237 2 2 201 1 162 802 161
2238 2 2 201 1 1070 1524 1072
2239 2 2 201 1 1261 1270 1259
2240 2 2 201 1 1894 1895 787
2241 2 2 201 1 1289 1291 1290
2242 2 2 201 1 145 874 144
2243 2 2 201 1 374 870 373
2244 2 2 201 1 388 2230 387
2245 2 2 201 1 1339 1341 1340
2246 2 2 201 1 2035 2036 1383
2247 2 2 201 1 768 2369 2329
2248 2 2 201 1 2350 2351 874
2249 2 2 201 1 137 869 136
2250 2 2 201 1 2156 2157 733
2251 2 2 201 1 2246 2256 870
2252 2 2 201 1 2016 2482 2020
2253 2 2 201 1 379 858 378
2254 2 2 201 1 1775 1776 1406
2255 2 2 201 1 218 2050 217
2256 2 2 201 1 1344 1434 1342
2257 2 2 201 1 1440 2099 2098
2258 2 2 201 1 808 2082 2081
2259 2 2 201 1 1827 1829 1826
2260 2 2 201 1 806 2464 65
2261 2 2 201 1 146 2344 145
2262 2 2 201 1 2185 2186 880
2263 2 2 201 1 2233 2337 2335
2264 2 2 201 1 80 2401 811
2265 2 2 201 1 764 2448 2346
2266 2 2 201 1 1126 1128 1127
2267 2 2 201 1 1230 1232 1231
2268 2 2 201 1 1337 1338 1336
2269 2 2 201 1 1077 2370 1075
2270 2 2 201 1 1877 1878 1421
2271 2 2 201 1 2249 2484 2453
2272 2 2 201 1 82 2400 81
2273 2 2 201 1 1544 2435 1100
2274 2 2 201 1 1285 1286 1284
2275 2 2 201 1 2230 2441 387
2276 2 2 201 1 397 770 396
2277 2 2 201 1 415 753 414
2278 2 2 201 1 434 755 433
2279 2 2 201 1 1112 2429 1114
2280 2 2 201 1 1559 2257 1277
2281 2 2 201 1 2068 2071 2066
2282 2 2 201 1 2225 2377 2224
2283 2 2 201 1 2345 2350 2344
2284 2 2 201 1 167 878 166
2285 2 2 201 1 170 756 169
2286 2 2 201 1 812 2447 337
2287 2 2 201 1 403 2066 402
2288 2 2 201 1 2149 2452 2451
2289 2 2 201 1 1124 1126 1125
2290 2 2 201 1 2202 2203 2201
2291 2 2 201 1 860 2415 2069
2292 2 2 201 1 1298 1485 1296
2293 2 2 201 1 1733 1735 1732
2294 2 2 201 1 140 2299 139
2295 2 2 201 1 141 2181 880
2296 2 2 201 1 2071 2072 757
2297 2 2 201 1 1128 1130 1129
2298 2 2 201 1 1417 2402 1860
2299 2 2 201 1 1789 1791 1790
2300 2 2 201 1 2150 2453 2452
2301 2 2 201 1 430 2353 746
2302 2 2 201 1 2245 2246 870
2303 2 2 201 1 1164 1166 1165
2304 2 2 201 1 1309 1311 1310
2305 2 2 201 1 2147 2148 2146
2306 2 2 201 1 2182 2185 2181
2307 2 2 201 1 2004 2392 1234
2308 2 2 201 1 2222 2226 2223
2309 2 2 201 1 2307 2309 2308
2310 2 2 201 1 154 893 153
2311 2 2 201 1 366 2376 871
2312 2 2 201 1 2181 2185 880
2313 2 2 201 1 1261 2413 1270
2314 2 2 201 1 374 2244 870
2315 2 2 201 1 2232 2233 2231
2316 2 2 201 1 92 2442 789
2317 2 2 201 1 102 2287 101
2318 2 2 201 1 114 2260 903
2319 2 2 201 1 142 2181 141
2320 2 2 201 1 379 2144 858
2321 2 2 201 1 1299 1301 1300
2322 2 2 201 1 869 2342 136
2323 2 2 201 1 1423 2406 1251
2324 2 2 201 1 367 2376 366
2325 2 2 201 1 772 2144 380
2326 2 2 201 1 2376 2377 871
2327 2 2 201 1 2379 2381 871
2328 2 2 201 1 1228 2479 2395
2329 2 2 201 1 1268 1271 1269
2330 2 2 201 1 1312 1483 1310
2331 2 2 201 1 121 2365 2311
2332 2 2 201 1 773 2181 142
2333 2 2 201 1 835 2367 2366
2334 2 2 201 1 2145 2146 858
2335 2 2 201 1 1086 2491 1088
2336 2 2 201 1 1278 2519 1511
2337 2 2 201 1 2066 2071 402
2338 2 2 201 1 1066 2385 1068
2339 2 2 201 1 1385 2425 1139
2340 2 2 201 1 1188 2394 1190
2341 2 2 201 1 2015 2017 2014
2342 2 2 201 1 68 2465 898
2343 2 2 201 1 766 2338 134
2344 2 2 201 1 432 882 431
2345 2 2 201 1 1176 1178 1177
2346 2 2 201 1 1318 1458 1316
2347 2 2 201 1 325 808 324
2348 2 2 201 1 354 784 353
2349 2 2 201 1 1573 1574 1145
2350 2 2 201 1 2020 2021 2019
2351 2 2 201 1 790 2211 50
2352 2 2 201 1 105 2359 809
2353 2 2 201 1 889 2310 117
2354 2 2 201 1 308 843 307
2355 2 2 201 1 310 894 309
2356 2 2 201 1 318 826 317
2357 2 2 201 1 321 822 320
2358 2 2 201 1 342 810 341
2359 2 2 201 1 1966 1967 736
2360 2 2 201 1 1190 1192 1191
2361 2 2 201 1 1265 2414 1263
2362 2 2 201 1 103 873 102
2363 2 2 201 1 116 820 115
2364 2 2 201 1 784 2283 353
2365 2 2 201 1 423 1993 899
2366 2 2 201 1 789 2065 2064
2367 2 2 201 1 1136 1138 1137
2368 2 2 201 1 1860 1862 1861
2369 2 2 201 1 2287 2289 101
2370 2 2 201 1 312 775 311
2371 2 2 201 1 753 2321 2158
2372 2 2 201 1 2270 2428 810
2373 2 2 201 1 340 890 339
2374 2 2 201 1 347 781 346
2375 2 2 201 1 353 2283 352
2376 2 2 201 1 357 780 356
2377 2 2 201 1 361 779 360
2378 2 2 201 1 369 778 368
2379 2 2 201 1 815 2302 2301
2380 2 2 201 1 1084 1086 1085
2381 2 2 201 1 1536 2355 1153
2382 2 2 201 1 120 815 119
2383 2 2 201 1 165 819 164
2384 2 2 201 1 327 908 326
2385 2 2 201 1 781 2280 2278
2386 2 2 201 1 1150 1152 1151
2387 2 2 201 1 1521 2372 1171
2388 2 2 201 1 1333 1335 1334
2389 2 2 201 1 1721 1724 1723
2390 2 2 201 1 1880 1883 1881
2391 2 2 201 1 1958 1960 1957
2392 2 2 201 1 2228 2229 2227
2393 2 2 201 1 124 2323 123
2394 2 2 201 1 133 2338 879
2395 2 2 201 1 152 2389 759
2396 2 2 201 1 835 2366 2365
2397 2 2 201 1 2043 2044 873
2398 2 2 201 1 2047 2048 896
2399 2 2 201 1 1905 2385 1432
2400 2 2 201 1 1791 1792 1790
2401 2 2 201 1 2344 2350 874
2402 2 2 201 1 330 2410 329
2403 2 2 201 1 1062 1064 1063
2404 2 2 201 1 1285 1287 1286
2405 2 2 201 1 1878 2282 1421
2406 2 2 201 1 1526 1771 1770
2407 2 2 201 1 2231 2384 131
2408 2 2 201 1 336 904 335
2409 2 2 201 1 1083 1984 1081
2410 2 2 201 1 1192 1194 1193
2411 2 2 201 1 1230 1500 1232
2412 2 2 201 1 1238 1240 1239
2413 2 2 201 1 1757 1768 1395
2414 2 2 201 1 2335 2384 2233
2415 2 2 201 1 2357 2358 2356
2416 2 2 201 1 141 880 140
2417 2 2 201 1 375 2244 374
2418 2 2 201 1 2218 2219 778
2419 2 2 201 1 1094 2489 1540
2420 2 2 201 1 1482 2201 2200
2421 2 2 201 1 2146 2460 858
2422 2 2 201 1 1257 1417 1255
2423 2 2 201 1 2329 2332 2331
2424 2 2 201 1 381 2477 772
2425 2 2 201 1 1107 1399 1105
2426 2 2 201 1 1114 2429 1478
2427 2 2 201 1 1156 1158 1157
2428 2 2 201 1 1231 1447 1229
2429 2 2 201 1 1980 2263 1981
2430 2 2 201 1 133 879 132
2431 2 2 201 1 1475 2398 1214
2432 2 2 201 1 1531 1733 1732
2433 2 2 201 1 90 877 89
2434 2 2 201 1 208 1902 862
2435 2 2 201 1 1197 1492 1195
2436 2 2 201 1 1204 1206 1205
2437 2 2 201 1 2218 2450 2221
2438 2 2 201 1 2314 2319 2312
2439 2 2 201 1 1289 1290 1288
2440 2 2 201 1 1317 1496 1319
2441 2 2 201 1 1720 2386 1722
2442 2 2 201 1 1787 2497 2496
2443 2 2 201 1 1970 1971 1968
2444 2 2 201 1 1989 1990 1986
2445 2 2 201 1 2019 2024 2018
2446 2 2 201 1 405 2415 404
2447 2 2 201 1 1082 1083 1081
2448 2 2 201 1 1111 1405 1109
2449 2 2 201 1 1247 1381 1245
2450 2 2 201 1 2395 2396 2006
2451 2 2 201 1 448 852 447
2452 2 2 201 1 2220 2397 778
2453 2 2 201 1 2266 2267 888
2454 2 2 201 1 1110 1552 1112
2455 2 2 201 1 1287 1289 1288
2456 2 2 201 1 2072 2073 757
2457 2 2 201 1 1104 2393 1106
2458 2 2 201 1 1780 1782 1779
2459 2 2 201 1 803 2188 42
2460 2 2 201 1 861 2156 200
2461 2 2 201 1 2042 2043 873
2462 2 2 201 1 2351 2455 874
2463 2 2 201 1 904 2447 2208
2464 2 2 201 1 1208 1210 1209
2465 2 2 201 1 1253 1423 1251
2466 2 2 201 1 1253 1858 1423
2467 2 2 201 1 1256 1258 1257
2468 2 2 201 1 103 2042 873
2469 2 2 201 1 809 2042 104
2470 2 2 201 1 366 871 365
2471 2 2 201 1 1977 1978 798
2472 2 2 201 1 1182 1469 1184
2473 2 2 201 1 1271 1272 1269
2474 2 2 201 1 1356 1788 1420
2475 2 2 201 1 2107 2116 2109
2476 2 2 201 1 288 1966 736
2477 2 2 201 1 350 2295 833
2478 2 2 201 1 117 2310 116
2479 2 2 201 1 885 2295 351
2480 2 2 201 1 778 2397 368
2481 2 2 201 1 1980 1981 1460
2482 2 2 201 1 83 828 82
2483 2 2 201 1 83 2373 828
2484 2 2 201 1 99 2265 98
2485 2 2 201 1 107 2356 106
2486 2 2 201 1 110 905 109
2487 2 2 201 1 343 2270 342
2488 2 2 201 1 868 2441 2118
2489 2 2 201 1 1132 1134 1133
2490 2 2 201 1 1301 1303 1302
2491 2 2 201 1 2125 2143 2126
2492 2 2 201 1 810 2426 341
2493 2 2 201 1 829 2357 2356
2494 2 2 201 1 1492 2443 1195
2495 2 2 201 1 1258 1259 1257
2496 2 2 201 1 1295 1756 1297
2497 2 2 201 1 119 2301 118
2498 2 2 201 1 1110 2424 1552
2499 2 2 201 1 1198 1200 1199
2500 2 2 201 1 1216 1218 1217
2501 2 2 201 1 1220 2028 1519
2502 2 2 201 1 1228 2395 1230
2503 2 2 201 1 94 2046 896
2504 2 2 201 1 131 2384 130
2505 2 2 201 1 813 2334 2333
2506 2 2 201 1 2072 2074 2073
2507 2 2 201 1 54 881 53
2508 2 2 201 1 66 806 65
2509 2 2 201 1 791 2204 74
2510 2 2 201 1 125 906 124
2511 2 2 201 1 143 773 142
2512 2 2 201 1 890 2241 339
2513 2 2 201 1 340 2426 890
2514 2 2 201 1 369 2218 778
2515 2 2 201 1 2154 2155 905
2516 2 2 201 1 1183 1410 1181
2517 2 2 201 1 1256 1257 1255
2518 2 2 201 1 1331 1332 1330
2519 2 2 201 1 1382 2015 2014
2520 2 2 201 1 1511 1560 1559
2521 2 2 201 1 1690 1692 1691
2522 2 2 201 1 2118 2165 2117
2523 2 2 201 1 104 2042 103
2524 2 2 201 1 349 2354 348
2525 2 2 201 1 904 2208 2207
2526 2 2 201 1 1108 2424 1110
2527 2 2 201 1 1267 1409 1265
2528 2 2 201 1 2233 2384 2231
2529 2 2 201 1 257 1903 853
2530 2 2 201 1 884 2237 2236
2531 2 2 201 1 1569 2390 1132
2532 2 2 201 1 1570 2382 1136
2533 2 2 201 1 1345 1346 1344
2534 2 2 201 1 135 2342 766
2535 2 2 201 1 251 2164 837
2536 2 2 201 1 1068 1784 1070
2537 2 2 201 1 69 2465 68
2538 2 2 201 1 352 885 351
2539 2 2 201 1 352 2283 885
2540 2 2 201 1 454 774 453
2541 2 2 201 1 2034 2035 1383
2542 2 2 201 1 1986 1991 1422
2543 2 2 201 1 94 896 93
2544 2 2 201 1 888 2268 97
2545 2 2 201 1 335 2206 334
2546 2 2 201 1 344 2274 892
2547 2 2 201 1 785 2456 2265
2548 2 2 201 1 897 2411 2410
2549 2 2 201 1 904 2207 2206
2550 2 2 201 1 1102 2435 1546
2551 2 2 201 1 1117 1389 1115
2552 2 2 201 1 1121 1397 1119
2553 2 2 201 1 1442 1577 1561
2554 2 2 201 1 1475 2399 2398
2555 2 2 201 1 1516 2030 2029
2556 2 2 201 1 49 902 48
2557 2 2 201 1 813 2333 129
2558 2 2 201 1 323 891 322
2559 2 2 201 1 368 2397 367
2560 2 2 201 1 380 2144 379
2561 2 2 201 1 2046 2047 896
2562 2 2 201 1 1144 2446 1141
2563 2 2 201 1 1967 1969 1968
2564 2 2 201 1 33 911 32
2565 2 2 201 1 326 2467 325
2566 2 2 201 1 331 897 330
2567 2 2 201 1 1106 1548 1108
2568 2 2 201 1 1176 1177 1175
2569 2 2 201 1 1178 1441 1180
2570 2 2 201 1 1212 1214 1213
2571 2 2 201 1 1417 1858 1255
2572 2 2 201 1 1281 1283 1282
2573 2 2 201 1 1297 1299 1298
2574 2 2 201 1 1343 1706 1345
2575 2 2 201 1 1988 1989 1986
2576 2 2 201 1 2302 2307 2301
2577 2 2 201 1 98 888 97
2578 2 2 201 1 115 2260 114
2579 2 2 201 1 118 889 117
2580 2 2 201 1 344 892 343
2581 2 2 201 1 382 2477 381
2582 2 2 201 1 2295 2297 833
2583 2 2 201 1 1168 1169 1167
2584 2 2 201 1 1205 2454 1479
2585 2 2 201 1 1241 1382 1239
2586 2 2 201 1 1785 1787 1524
2587 2 2 201 1 59 900 58
2588 2 2 201 1 134 2338 133
2589 2 2 201 1 359 895 358
2590 2 2 201 1 370 2450 2218
2591 2 2 201 1 1149 1442 1148
2592 2 2 201 1 1254 2503 1256
2593 2 2 201 1 1831 1833 1832
2594 2 2 201 1 2109 2115 2110
2595 2 2 201 1 2280 2281 2278
2596 2 2 201 1 360 2362 359
2597 2 2 201 1 370 2218 369
2598 2 2 201 1 376 2451 762
2599 2 2 201 1 2297 2298 833
2600 2 2 201 1 2283 2434 885
2601 2 2 201 1 1457 1980 1059
2602 2 2 201 1 1138 1139 1137
2603 2 2 201 1 1196 1197 1195
2604 2 2 201 1 1196 1198 1197
2605 2 2 201 1 1228 1230 1229
2606 2 2 201 1 1239 2014 1237
2607 2 2 201 1 56 807 55
2608 2 2 201 1 860 2066 403
2609 2 2 201 1 906 2324 2323
2610 2 2 201 1 1760 2517 1443
2611 2 2 201 1 1453 1958 1957
2612 2 2 201 1 2207 2209 2206
2613 2 2 201 1 2250 2256 2246
2614 2 2 201 1 860 2067 2066
2615 2 2 201 1 1120 1555 1122
2616 2 2 201 1 1141 1385 1139
2617 2 2 201 1 1152 1153 1151
2618 2 2 201 1 2035 2037 2036
2619 2 2 201 1 2367 2368 2366
2620 2 2 201 1 873 2287 102
2621 2 2 201 1 815 2301 119
2622 2 2 201 1 125 2327 906
2623 2 2 201 1 399 884 398
2624 2 2 201 1 2107 2108 761
2625 2 2 201 1 890 2242 2241
2626 2 2 201 1 1101 1412 1099
2627 2 2 201 1 92 789 91
2628 2 2 201 1 329 788 328
2629 2 2 201 1 338 812 337
2630 2 2 201 1 1068 1070 1069
2631 2 2 201 1 1146 1148 1144
2632 2 2 201 1 1266 1267 1265
2633 2 2 201 1 1985 1986 1422
2634 2 2 201 1 2110 2112 2111
2635 2 2 201 1 2378 2379 2377
2636 2 2 201 1 334 814 333
2637 2 2 201 1 1114 1478 1116
2638 2 2 201 1 1166 1454 1168
2639 2 2 201 1 1175 2462 1173
2640 2 2 201 1 1210 1212 1211
2641 2 2 201 1 1228 1229 1227
2642 2 2 201 1 1242 1244 1243
2643 2 2 201 1 2400 2401 81
2644 2 2 201 1 1440 2098 1076
2645 2 2 201 1 1197 2258 1492
2646 2 2 201 1 1214 2398 1216
2647 2 2 201 1 61 782 60
2648 2 2 201 1 108 829 107
2649 2 2 201 1 1159 2458 1533
2650 2 2 201 1 1363 1365 1364
2651 2 2 201 1 2358 2360 2359
2652 2 2 201 1 2378 2380 2379
2653 2 2 201 1 866 1890 282
2654 2 2 201 1 323 2081 891
2655 2 2 201 1 404 860 403
2656 2 2 201 1 1224 1226 1225
2657 2 2 201 1 1578 1591 1577
2658 2 2 201 1 2007 2392 2004
2659 2 2 201 1 2099 2100 2098
2660 2 2 201 1 2149 2460 2146
2661 2 2 201 1 2346 2348 2347
2662 2 2 201 1 355 2440 2403
2663 2 2 201 1 779 2362 360
2664 2 2 201 1 895 2292 2291
2665 2 2 201 1 1125 1394 1123
2666 2 2 201 1 1134 1135 1133
2667 2 2 201 1 1163 1429 1161
2668 2 2 201 1 1226 1228 1227
2669 2 2 201 1 1981 1982 1460
2670 2 2 201 1 1494 1826 1825
2671 2 2 201 1 1711 2485 1710
2672 2 2 201 1 2068 2072 2071
2673 2 2 201 1 101 2289 100
2674 2 2 201 1 123 835 122
2675 2 2 201 1 350 833 349
2676 2 2 201 1 901 2375 2374
2677 2 2 201 1 1066 1068 1067
2678 2 2 201 1 1074 1075 1073
2679 2 2 201 1 1158 1159 1157
2680 2 2 201 1 1959 1961 1958
2681 2 2 201 1 874 2455 144
2682 2 2 201 1 901 2416 2375
2683 2 2 201 1 1130 1131 1129
2684 2 2 201 1 1172 1435 1174
2685 2 2 201 1 1963 1965 1964
2686 2 2 201 1 2118 2167 2166
2687 2 2 201 1 903 2294 113
2688 2 2 201 1 890 2243 2242
2689 2 2 201 1 1075 1444 1073
2690 2 2 201 1 1146 2459 1150
2691 2 2 201 1 1157 2461 1155
2692 2 2 201 1 1984 1987 1985
2693 2 2 201 1 2482 2495 2020
2694 2 2 201 1 2119 2121 2120
2695 2 2 201 1 833 2354 349
2696 2 2 201 1 1097 1407 1095
2697 2 2 201 1 1143 1573 1145
2698 2 2 201 1 1223 1455 1221
2699 2 2 201 1 1291 1390 1293
2700 2 2 201 1 1829 2364 1826
2701 2 2 201 1 2106 2117 2107
2702 2 2 201 1 128 2369 127
2703 2 2 201 1 383 2473 382
2704 2 2 201 1 813 2335 2334
2705 2 2 201 1 829 2356 107
2706 2 2 201 1 431 2353 430
2707 2 2 201 1 1957 2489 1092
2708 2 2 201 1 1158 1418 1160
2709 2 2 201 1 1173 1521 1171
2710 2 2 201 1 1238 1239 1237
2711 2 2 201 1 201 1976 861
2712 2 2 201 1 1155 1536 1153
2713 2 2 201 1 1162 1449 1164
2714 2 2 201 1 1770 2505 1262
2715 2 2 201 1 148 2448 147
2716 2 2 201 1 906 2325 2324
2717 2 2 201 1 1532 2490 1082
2718 2 2 201 1 1161 2458 1159
2719 2 2 201 1 1278 1511 1277
2720 2 2 201 1 153 2389 152
2721 2 2 201 1 764 2345 2344
2722 2 2 201 1 892 2272 2271
2723 2 2 201 1 1514 1872 1062
2724 2 2 201 1 1092 1094 1093
2725 2 2 201 1 1152 1438 1154
2726 2 2 201 1 1264 1265 1263
2727 2 2 201 1 1291 1292 1290
2728 2 2 201 1 1355 1356 1354
2729 2 2 201 1 2167 2168 2166
2730 2 2 201 1 809 2423 2042
2731 2 2 201 1 892 2271 2270
2732 2 2 201 1 1106 1107 1105
2733 2 2 201 1 1123 2418 1121
2734 2 2 201 1 1394 2418 1123
2735 2 2 201 1 1137 1142 1135
2736 2 2 201 1 1171 2372 1169
2737 2 2 201 1 1271 1534 1273
2738 2 2 201 1 793 2153 111
2739 2 2 201 1 144 2455 143
2740 2 2 201 1 1114 1115 1113
2741 2 2 201 1 1453 1959 1958
2742 2 2 201 1 1981 1983 1982
2743 2 2 201 1 2084 2085 2082
2744 2 2 201 1 25 910 24
2745 2 2 201 1 110 2153 905
2746 2 2 201 1 391 872 390
2747 2 2 201 1 1090 1091 1089
2748 2 2 201 1 1100 1101 1099
2749 2 2 201 1 1759 1897 1761
2750 2 2 201 1 2247 2248 2246
2751 2 2 201 1 100 2289 785
2752 2 2 201 1 1086 1087 1085
2753 2 2 201 1 1112 1113 1111
2754 2 2 201 1 2248 2250 2246
2755 2 2 201 1 39 836 38
2756 2 2 201 1 43 803 42
2757 2 2 201 1 111 2153 110
2758 2 2 201 1 808 2083 2082
2759 2 2 201 1 2260 2261 903
2760 2 2 201 1 1082 2490 1084
2761 2 2 201 1 1108 1109 1107
2762 2 2 201 1 1138 1572 1140
2763 2 2 201 1 1200 1202 1201
2764 2 2 201 1 1204 1205 1203
2765 2 2 201 1 1282 1835 1520
2766 2 2 201 1 1453 2491 1959
2767 2 2 201 1 2362 2363 2293
2768 2 2 201 1 23 838 22
2769 2 2 201 1 41 913 40
2770 2 2 201 1 1090 1957 1092
2771 2 2 201 1 2120 2122 1391
2772 2 2 201 1 2218 2221 2219
2773 2 2 201 1 884 2236 398
2774 2 2 201 1 2308 2310 889
2775 2 2 201 1 1080 1532 1082
2776 2 2 201 1 1985 1988 1986
2777 2 2 201 1 2119 2438 2121
2778 2 2 201 1 17 839 16
2779 2 2 201 1 338 2241 812
2780 2 2 201 1 1892 1893 1891
2781 2 2 201 1 2335 2337 2336
2782 2 2 201 1 35 796 34
2783 2 2 201 1 47 804 46
2784 2 2 201 1 113 2294 112
2785 2 2 201 1 122 2365 121
2786 2 2 201 1 2359 2360 809
2787 2 2 201 1 1076 1077 1075
2788 2 2 201 1 1094 1540 1096
2789 2 2 201 1 1110 1111 1109
2790 2 2 201 1 1250 1251 1249
2791 2 2 201 1 2238 2239 2237
2792 2 2 201 1 2426 2427 2243
2793 2 2 201 1 73 876 72
2794 2 2 201 1 893 2389 153
2795 2 2 201 1 1084 1085 1083
2796 2 2 201 1 1098 1099 1097
2797 2 2 201 1 1235 1383 1233
2798 2 2 201 1 1482 2202 2201
2799 2 2 201 1 2329 2331 2330
2800 2 2 201 1 112 2294 793
2801 2 2 201 1 147 2448 764
2802 2 2 201 1 802 2228 161
2803 2 2 201 1 1098 1100 1099
2804 2 2 201 1 1130 1569 1132
2805 2 2 201 1 1188 1189 1187
2806 2 2 201 1 1246 1247 1245
2807 2 2 201 1 1702 2524 1416
2808 2 2 201 1 1713 1714 1712
2809 2 2 201 1 2029 2032 2028
2810 2 2 201 1 20 840 19
2811 2 2 201 1 27 841 26
2812 2 2 201 1 808 2081 324
2813 2 2 201 1 2267 2268 888
2814 2 2 201 1 2153 2154 905
2815 2 2 201 1 1057 1980 1460
2816 2 2 201 1 1121 2418 1397
2817 2 2 201 1 1214 1215 1213
2818 2 2 201 1 1230 1231 1229
2819 2 2 201 1 1873 1905 1432
2820 2 2 201 1 815 2303 2302
2821 2 2 201 1 892 2274 2272
2822 2 2 201 1 1141 2446 1385
2823 2 2 201 1 1186 1187 1185
2824 2 2 201 1 1486 2258 1199
2825 2 2 201 1 2076 2078 2077
2826 2 2 201 1 120 2311 815
2827 2 2 201 1 860 2069 2067
2828 2 2 201 1 890 2426 2243
2829 2 2 201 1 1096 2483 1098
2830 2 2 201 1 1151 2457 1149
2831 2 2 201 1 1208 1209 1207
2832 2 2 201 1 1212 1213 1211
2833 2 2 201 1 14 799 13
2834 2 2 201 1 112 793 111
2835 2 2 201 1 129 2333 128
2836 2 2 201 1 1053 2501 1451
2837 2 2 201 1 1054 1056 1055
2838 2 2 201 1 1561 2446 1148
2839 2 2 201 1 1184 1185 1183
2840 2 2 201 1 1301 1720 1303
2841 2 2 201 1 2223 2224 2220
2842 2 2 201 1 2342 2343 2340
2843 2 2 201 1 206 2474 732
2844 2 2 201 1 1088 1453 1090
2845 2 2 201 1 1104 1105 1103
2846 2 2 201 1 1182 1183 1181
2847 2 2 201 1 1210 1211 1209
2848 2 2 201 1 149 2449 148
2849 2 2 201 1 784 2285 2284
2850 2 2 201 1 885 2434 2296
2851 2 2 201 1 1064 1066 1065
2852 2 2 201 1 1122 1123 1121
2853 2 2 201 1 1206 1207 1205
2854 2 2 201 1 1295 1296 1294
2855 2 2 201 1 2276 2277 2275
2856 2 2 201 1 51 790 50
2857 2 2 201 1 98 2265 888
2858 2 2 201 1 130 2384 813
2859 2 2 201 1 764 2346 2345
2860 2 2 201 1 895 2293 2292
2861 2 2 201 1 1116 1117 1115
2862 2 2 201 1 1134 1570 1136
2863 2 2 201 1 1180 1181 1179
2864 2 2 201 1 1266 1268 1267
2865 2 2 201 1 1777 2388 1406
2866 2 2 201 1 1712 2257 1559
2867 2 2 201 1 329 2410 788
2868 2 2 201 1 378 2460 377
2869 2 2 201 1 761 2473 383
2870 2 2 201 1 418 845 417
2871 2 2 201 1 2155 2463 905
2872 2 2 201 1 1096 1097 1095
2873 2 2 201 1 1124 1125 1123
2874 2 2 201 1 1198 1199 1197
2875 2 2 201 1 1220 1221 1219
2876 2 2 201 1 1275 1276 1274
2877 2 2 201 1 1287 1288 1286
2878 2 2 201 1 1969 1970 1968
2879 2 2 201 1 2346 2347 2345
2880 2 2 201 1 155 2421 154
2881 2 2 201 1 255 729 254
2882 2 2 201 1 285 734 284
2883 2 2 201 1 288 736 287
2884 2 2 201 1 305 739 304
2885 2 2 201 1 315 740 314
2886 2 2 201 1 336 2447 904
2887 2 2 201 1 357 2291 780
2888 2 2 201 1 394 776 393
2889 2 2 201 1 2186 2299 880
2890 2 2 201 1 1066 1067 1065
2891 2 2 201 1 1074 1076 1075
2892 2 2 201 1 1074 1440 1076
2893 2 2 201 1 1519 2471 1222
2894 2 2 201 1 1254 1255 1253
2895 2 2 201 1 2398 2399 2030
2896 2 2 201 1 2274 2275 2272
2897 2 2 201 1 259 827 258
2898 2 2 201 1 262 787 261
2899 2 2 201 1 265 731 264
2900 2 2 201 1 291 735 290
2901 2 2 201 1 1060 1514 1062
2902 2 2 201 1 1080 1081 1079
2903 2 2 201 1 1102 1103 1101
2904 2 2 201 1 1106 2393 1548
2905 2 2 201 1 1120 1121 1119
2906 2 2 201 1 1200 1201 1199
2907 2 2 201 1 1216 1217 1215
2908 2 2 201 1 1226 1227 1225
2909 2 2 201 1 1442 1578 1577
2910 2 2 201 1 1793 2494 1794
2911 2 2 201 1 118 2301 889
2912 2 2 201 1 283 2492 866
2913 2 2 201 1 339 2241 338
2914 2 2 201 1 355 2403 354
2915 2 2 201 1 406 741 405
2916 2 2 201 1 408 859 407
2917 2 2 201 1 1436 2439 1065
2918 2 2 201 1 1075 2370 1444
2919 2 2 201 1 1078 2498 1080
2920 2 2 201 1 1094 1095 1093
2921 2 2 201 1 1140 1141 1139
2922 2 2 201 1 1234 1236 1235
2923 2 2 201 1 1240 1242 1241
2924 2 2 201 1 1252 1253 1251
2925 2 2 201 1 1252 1522 1254
2926 2 2 201 1 1319 1320 1318
2927 2 2 201 1 1382 2482 2016
2928 2 2 201 1 176 783 175
2929 2 2 201 1 179 737 178
2930 2 2 201 1 183 738 182
2931 2 2 201 1 186 798 185
2932 2 2 201 1 196 786 195
2933 2 2 201 1 199 733 198
2934 2 2 201 1 206 732 205
2935 2 2 201 1 213 824 212
2936 2 2 201 1 230 728 229
2937 2 2 201 1 364 765 363
2938 2 2 201 1 372 763 371
2939 2 2 201 1 376 762 375
2940 2 2 201 1 384 761 383
2941 2 2 201 1 389 758 388
2942 2 2 201 1 401 757 400
2943 2 2 201 1 1218 1219 1217
2944 2 2 201 1 1262 1263 1261
2945 2 2 201 1 1295 1297 1296
2946 2 2 201 1 1505 2080 2079
2947 2 2 201 1 2346 2349 2348
2948 2 2 201 1 123 2323 835
2949 2 2 201 1 268 834 267
2950 2 2 201 1 411 754 410
2951 2 2 201 1 413 855 412
2952 2 2 201 1 421 752 420
2953 2 2 201 1 423 899 422
2954 2 2 201 1 425 748 424
2955 2 2 201 1 428 850 427
2956 2 2 201 1 430 746 429
2957 2 2 201 1 460 742 459
2958 2 2 201 1 2323 2367 835
2959 2 2 201 1 1061 1457 1059
2960 2 2 201 1 1143 1144 1141
2961 2 2 201 1 1164 1165 1163
2962 2 2 201 1 1178 1179 1177
2963 2 2 201 1 1194 2200 1487
2964 2 2 201 1 2017 2034 2014
2965 2 2 201 1 2044 2288 2287
2966 2 2 201 1 342 2270 810
2967 2 2 201 1 356 2440 355
2968 2 2 201 1 436 851 435
2969 2 2 201 1 438 751 437
2970 2 2 201 1 441 750 440
2971 2 2 201 1 443 848 442
2972 2 2 201 1 446 749 445
2973 2 2 201 1 451 745 450
2974 2 2 201 1 457 744 456
2975 2 2 201 1 463 747 462
2976 2 2 201 1 465 856 464
2977 2 2 201 1 467 743 466
2978 2 2 201 1 773 2183 2182
2979 2 2 201 1 868 2118 2117
2980 2 2 201 1 1137 2425 1142
2981 2 2 201 1 1224 1225 1223
2982 2 2 201 1 1234 1235 1233
2983 2 2 201 1 1825 1830 1288
2984 2 2 201 1 127 768 126
2985 2 2 201 1 135 766 134
2986 2 2 201 1 139 767 138
2987 2 2 201 1 147 764 146
2988 2 2 201 1 150 854 149
2989 2 2 201 1 152 759 151
2990 2 2 201 1 159 760 158
2991 2 2 201 1 381 772 380
2992 2 2 201 1 2044 2287 873
2993 2 2 201 1 1083 2412 1984
2994 2 2 201 1 1091 1425 1089
2995 2 2 201 1 1166 1167 1165
2996 2 2 201 1 1194 1195 1193
2997 2 2 201 1 1240 1241 1239
2998 2 2 201 1 2185 2187 2186
2999 2 2 201 1 2303 2305 2304
3000 2 2 201 1 108 2463 829
3001 2 2 201 1 766 2339 2338
3002 2 2 201 1 1085 2412 1083
3003 2 2 201 1 1146 1149 1148
3004 2 2 201 1 1236 1238 1237
3005 2 2 201 1 1258 2515 1526
3006 2 2 201 1 90 2063 877
3007 2 2 201 1 282 1890 281
3008 2 2 201 1 762 2244 375
3009 2 2 201 1 1192 1193 1191
3010 2 2 201 1 1329 1331 1330
3011 2 2 201 1 2111 2473 2108
3012 2 2 201 1 2245 2484 2249
3013 2 2 201 1 2248 2251 2250
3014 2 2 201 1 79 2205 78
3015 2 2 201 1 93 2442 92
3016 2 2 201 1 879 2338 2234
3017 2 2 201 1 1072 1074 1073
3018 2 2 201 1 1092 2489 1094
3019 2 2 201 1 1242 1243 1241
3020 2 2 201 1 758 2230 388
3021 2 2 201 1 1058 1059 1057
3022 2 2 201 1 1155 2461 1536
3023 2 2 201 1 1193 2443 1498
3024 2 2 201 1 1263 2414 2413
3025 2 2 201 1 1315 2387 1317
3026 2 2 201 1 1357 1359 1358
3027 2 2 201 1 2404 2440 2409
3028 2 2 201 1 154 2421 893
3029 2 2 201 1 1068 1069 1067
3030 2 2 201 1 1076 2098 1078
3031 2 2 201 1 1118 1120 1119
3032 2 2 201 1 1122 1124 1123
3033 2 2 201 1 1150 1151 1149
3034 2 2 201 1 1149 2457 1442
3035 2 2 201 1 1162 1163 1161
3036 2 2 201 1 1174 1175 1173
3037 2 2 201 1 2376 2397 2224
3038 2 2 201 1 2338 2339 2234
3039 2 2 201 1 284 2492 283
3040 2 2 201 1 1160 1161 1159
3041 2 2 201 1 2370 2371 1444
3042 2 2 201 1 37 849 36
3043 2 2 201 1 64 875 63
3044 2 2 201 1 898 2419 67
3045 2 2 201 1 78 883 77
3046 2 2 201 1 1145 1146 1144
3047 2 2 201 1 1170 1171 1169
3048 2 2 201 1 1172 1173 1171
3049 2 2 201 1 2016 2019 2018
3050 2 2 201 1 127 2369 768
3051 2 2 201 1 286 1972 285
3052 2 2 201 1 906 2327 2325
3053 2 2 201 1 1076 1078 1077
3054 2 2 201 1 1088 1089 1087
3055 2 2 201 1 1301 1302 1300
3056 2 2 201 1 1313 1314 1312
3057 2 2 201 1 1531 1734 1733
3058 2 2 201 1 2083 2086 2084
3059 2 2 201 1 2278 2279 2277
3060 2 2 201 1 208 862 207
3061 2 2 201 1 359 2362 895
3062 2 2 201 1 377 2460 2451
3063 2 2 201 1 879 2234 2232
3064 2 2 201 1 1064 1065 1063
3065 2 2 201 1 1574 2459 1145
3066 2 2 201 1 1227 1452 1225
3067 2 2 201 1 1696 1699 1697
3068 2 2 201 1 2069 2070 2067
3069 2 2 201 1 2148 2149 2146
3070 2 2 201 1 2327 2328 2325
3071 2 2 201 1 30 797 29
3072 2 2 201 1 334 2206 814
3073 2 2 201 1 1397 2430 1119
3074 2 2 201 1 1138 2382 1572
3075 2 2 201 1 1154 1155 1153
3076 2 2 201 1 1383 2493 1233
3077 2 2 201 1 1240 1880 1242
3078 2 2 201 1 1511 2519 1587
3079 2 2 201 1 2346 2448 2349
3080 2 2 201 1 858 2460 378
3081 2 2 201 1 2298 2354 833
3082 2 2 201 1 1092 1093 1091
3083 2 2 201 1 1102 1104 1103
3084 2 2 201 1 1250 1252 1251
3085 2 2 201 1 1303 1304 1302
3086 2 2 201 1 201 861 200
3087 2 2 201 1 1087 1413 1085
3088 2 2 201 1 1126 1127 1125
3089 2 2 201 1 1126 2433 1128
3090 2 2 201 1 45 907 44
3091 2 2 201 1 766 2342 2340
3092 2 2 201 1 1080 1082 1081
3093 2 2 201 1 1084 1535 1086
3094 2 2 201 1 1136 1137 1135
3095 2 2 201 1 1156 1157 1155
3096 2 2 201 1 1173 2462 1521
3097 2 2 201 1 1202 1203 1201
3098 2 2 201 1 1202 1499 1204
3099 2 2 201 1 1236 1237 1235
3100 2 2 201 1 2067 2068 2066
3101 2 2 201 1 2409 2440 780
3102 2 2 201 1 2360 2423 809
3103 2 2 201 1 2421 2422 893
3104 2 2 201 1 1054 1421 1056
3105 2 2 201 1 1323 1324 1322
3106 2 2 201 1 1060 1061 1059
3107 2 2 201 1 1062 1063 1061
3108 2 2 201 1 1078 1079 1077
3109 2 2 201 1 1117 2430 1389
3110 2 2 201 1 1128 1129 1127
3111 2 2 201 1 1194 1487 1196
3112 2 2 201 1 2251 2253 2252
3113 2 2 201 1 2395 2479 2396
3114 2 2 201 1 828 2400 82
3115 2 2 201 1 882 2353 431
3116 2 2 201 1 1078 1080 1079
3117 2 2 201 1 1169 2372 1525
3118 2 2 201 1 2251 2252 2250
3119 2 2 201 1 764 2344 146
3120 2 2 201 1 384 2106 761
3121 2 2 201 1 2108 2473 761
3122 2 2 201 1 1082 1084 1083
3123 2 2 201 1 2036 2493 1383
3124 2 2 201 1 1451 2511 2010
3125 2 2 201 1 763 2450 371
3126 2 2 201 1 1301 2386 1720
3127 2 2 201 1 2120 2123 2122
3128 2 2 201 1 2365 2366 2306
3129 2 2 201 1 85 901 84
3130 2 2 201 1 741 2415 405
3131 2 2 201 1 1224 1523 1226
3132 2 2 201 1 1382 2016 2015
3133 2 2 201 1 2118 2166 2165
3134 2 2 201 1 2403 2404 2285
3135 2 2 201 1 68 898 67
3136 2 2 201 1 1246 1537 1248
3137 2 2 201 1 1500 2005 2004
3138 2 2 201 1 2148 2150 2149
3139 2 2 201 1 2262 2294 903
3140 2 2 201 1 1088 1090 1089
3141 2 2 201 1 1212 1475 1214
3142 2 2 201 1 1219 1459 1217
3143 2 2 201 1 1222 1223 1221
3144 2 2 201 1 2043 2045 2044
3145 2 2 201 1 2065 2442 2048
3146 2 2 201 1 852 1824 447
3147 2 2 201 1 1096 1098 1097
3148 2 2 201 1 1132 1133 1131
3149 2 2 201 1 1211 2119 1209
3150 2 2 201 1 1972 1973 734
3151 2 2 201 1 1070 1072 1071
3152 2 2 201 1 1086 1088 1087
3153 2 2 201 1 1491 2433 1126
3154 2 2 201 1 1186 1188 1187
3155 2 2 201 1 1232 1233 1231
3156 2 2 201 1 2122 2454 1391
3157 2 2 201 1 1500 2006 2005
3158 2 2 201 1 1577 1588 1561
3159 2 2 201 1 1826 1828 1825
3160 2 2 201 1 2234 2235 2232
3161 2 2 201 1 1190 2394 1482
3162 2 2 201 1 1494 1827 1826
3163 2 2 201 1 734 2492 284
3164 2 2 201 1 810 2427 2426
3165 2 2 201 1 1540 2483 1096
3166 2 2 201 1 1285 1388 1287
3167 2 2 201 1 2290 2456 785
3168 2 2 201 1 1413 2412 1085
3169 2 2 201 1 1216 1516 1218
3170 2 2 201 1 1861 1865 1859
3171 2 2 201 1 2006 2008 2005
3172 2 2 201 1 2265 2456 2266
3173 2 2 201 1 70 792 69
3174 2 2 201 1 75 791 74
3175 2 2 201 1 2206 2209 814
3176 2 2 201 1 2301 2307 889
3177 2 2 201 1 1548 2424 1108
3178 2 2 201 1 1505 2079 1876
3179 2 2 201 1 80 811 79
3180 2 2 201 1 160 2227 159
3181 2 2 201 1 386 868 385
3182 2 2 201 1 1442 1561 1148
3183 2 2 201 1 404 2415 860
3184 2 2 201 1 735 1963 1962
3185 2 2 201 1 2355 2457 1151
3186 2 2 201 1 87 794 86
3187 2 2 201 1 1114 1116 1115
3188 2 2 201 1 1116 1118 1117
3189 2 2 201 1 1206 1507 1208
3190 2 2 201 1 2147 2152 2148
3191 2 2 201 1 2265 2266 888
3192 2 2 201 1 1166 1168 1167
3193 2 2 201 1 1207 2454 1205
3194 2 2 201 1 2110 2111 2108
3195 2 2 201 1 1106 1108 1107
3196 2 2 201 1 1201 1486 1199
3197 2 2 201 1 1337 1339 1338
3198 2 2 201 1 1482 2394 2202
3199 2 2 201 1 773 2182 2181
3200 2 2 201 1 1162 1164 1163
3201 2 2 201 1 1180 1182 1181
3202 2 2 201 1 1198 1495 1200
3203 2 2 201 1 1244 1246 1245
3204 2 2 201 1 1248 1249 1247
3205 2 2 201 1 1873 1906 1905
3206 2 2 201 1 2224 2377 2376
3207 2 2 201 1 1138 1140 1139
3208 2 2 201 1 1178 1180 1179
3209 2 2 201 1 1182 1184 1183
3210 2 2 201 1 1186 1476 1188
3211 2 2 201 1 1350 1426 1348
3212 2 2 201 1 1118 1119 1117
3213 2 2 201 1 1244 1245 1243
3214 2 2 201 1 730 2050 218
3215 2 2 201 1 367 2397 2376
3216 2 2 201 1 1552 2429 1112
3217 2 2 201 1 1140 1143 1141
3218 2 2 201 1 1148 2446 1144
3219 2 2 201 1 1246 1248 1247
3220 2 2 201 1 1305 1307 1306
3221 2 2 201 1 1526 1772 1771
3222 2 2 201 1 2358 2359 2356
3223 2 2 201 1 1104 1106 1105
3224 2 2 201 1 1546 2393 1104
3225 2 2 201 1 1112 1114 1113
3226 2 2 201 1 1168 1170 1169
3227 2 2 201 1 1315 1316 1314
3228 2 2 201 1 1058 1060 1059
3229 2 2 201 1 1110 1112 1111
3230 2 2 201 1 1242 1512 1244
3231 2 2 201 1 2251 2254 2253
3232 2 2 201 1 729 2075 254
3233 2 2 201 1 879 2232 2231
3234 2 2 201 1 1108 1110 1109
3235 2 2 201 1 1134 2390 1570
3236 2 2 201 1 1299 1300 1298
3237 2 2 201 1 2183 2184 2182
3238 2 2 201 1 1160 1162 1161
3239 2 2 201 1 1184 1186 1185
3240 2 2 201 1 1273 1275 1274
3241 2 2 201 1 2245 2249 2247
3242 2 2 201 1 1143 1145 1144
3243 2 2 201 1 1205 1479 1203
3244 2 2 201 1 1252 1254 1253
3245 2 2 201 1 1297 1298 1296
3246 2 2 201 1 1960 2489 1957
3247 2 2 201 1 2244 2484 2245
3248 2 2 201 1 813 2384 2335
3249 2 2 201 1 1057 1460 1055
3250 2 2 201 1 1190 1191 1189
3251 2 2 201 1 1482 2200 1192
3252 2 2 201 1 1215 1466 1213
3253 2 2 201 1 1757 1769 1768
3254 2 2 201 1 219 730 218
3255 2 2 201 1 227 727 226
3256 2 2 201 1 285 1972 734
3257 2 2 201 1 2451 2452 762
3258 2 2 201 1 1067 1436 1065
3259 2 2 201 1 1453 1957 1090
3260 2 2 201 1 1145 2459 1146
3261 2 2 201 1 866 1891 1890
3262 2 2 201 1 1152 1154 1153
3263 2 2 201 1 1429 2458 1161
3264 2 2 201 1 1172 1174 1173
3265 2 2 201 1 1476 2394 1188
3266 2 2 201 1 2011 2480 2009
3267 2 2 201 1 2042 2423 2043
3268 2 2 201 1 1533 2461 1157
3269 2 2 201 1 1367 1369 1368
3270 2 2 201 1 1440 2497 2099
3271 2 2 201 1 2145 2151 2147
3272 2 2 201 1 792 2465 69
3273 2 2 201 1 377 2451 376
3274 2 2 201 1 1158 1160 1159
3275 2 2 201 1 1174 1176 1175
3276 2 2 201 1 1209 1391 1207
3277 2 2 201 1 1262 1264 1263
3278 2 2 201 1 1355 1357 1356
3279 2 2 201 1 820 2260 115
3280 2 2 201 1 351 2295 350
3281 2 2 201 1 434 2240 755
3282 2 2 201 1 884 2238 2237
3283 2 2 201 1 879 2231 132
3284 2 2 201 1 777 2421 155
3285 2 2 201 1 1081 1422 1079
3286 2 2 201 1 1514 1875 1874
3287 2 2 201 1 2219 2222 2220
3288 2 2 201 1 1154 1156 1155
3289 2 2 201 1 1170 1172 1171
3290 2 2 201 1 1222 1224 1223
3291 2 2 201 1 2292 2408 2291
3292 2 2 201 1 2048 2442 896
3293 2 2 201 1 1072 1073 1071
3294 2 2 201 1 1828 1830 1825
3295 2 2 201 1 892 2270 343
3296 2 2 201 1 756 2445 2444
3297 2 2 201 1 885 2296 2295
3298 2 2 201 1 1146 1150 1149
3299 2 2 201 1 2016 2020 2019
3300 2 2 201 1 2448 2449 2349
3301 2 2 201 1 1466 2438 1213
3302 2 2 201 1 1500 2004 1232
3303 2 2 201 1 1308 1488 1306
3304 2 2 201 1 1876 2079 1877
3305 2 2 201 1 2303 2304 2302
3306 2 2 201 1 906 2323 124
3307 2 2 201 1 735 1962 290
3308 2 2 201 1 325 2467 808
3309 2 2 201 1 337 2447 336
3310 2 2 201 1 1188 1190 1189
3311 2 2 201 1 1190 1482 1192
3312 2 2 201 1 2107 2109 2108
3313 2 2 201 1 132 2231 131
3314 2 2 201 1 1134 1136 1135
3315 2 2 201 1 1248 1250 1249
3316 2 2 201 1 1522 2503 1254
3317 2 2 201 1 160 2228 2227
3318 2 2 201 1 895 2362 2293
3319 2 2 201 1 2121 2198 2120
3320 2 2 201 1 354 2403 784
3321 2 2 201 1 263 1894 262
3322 2 2 201 1 908 2467 326
3323 2 2 201 1 387 2441 386
3324 2 2 201 1 1071 1446 1069
3325 2 2 201 1 1130 1132 1131
3326 2 2 201 1 1414 2462 1175
3327 2 2 201 1 1260 1261 1259
3328 2 2 201 1 784 2403 2285
3329 2 2 201 1 1442 2457 1578
3330 2 2 201 1 1505 2499 2080
3331 2 2 201 1 2073 2210 757
3332 2 2 201 1 2285 2286 2284
3333 2 2 201 1 95 2046 94
3334 2 2 201 1 194 863 193
3335 2 2 201 1 224 864 223
3336 2 2 201 1 1199 2258 1197
3337 2 2 201 1 1222 2471 1224
3338 2 2 201 1 1882 2199 1512
3339 2 2 201 1 785 2265 99
3340 2 2 201 1 895 2291 358
3341 2 2 201 1 371 2450 370
3342 2 2 201 1 1119 2430 1117
3343 2 2 201 1 1189 1506 1187
3344 2 2 201 1 1195 2443 1193
3345 2 2 201 1 1194 1196 1195
3346 2 2 201 1 1293 1294 1292
3347 2 2 201 1 121 2311 120
3348 2 2 201 1 784 2284 2283
3349 2 2 201 1 1307 1308 1306
3350 2 2 201 1 1790 1794 1420
3351 2 2 201 1 2111 2477 2473
3352 2 2 201 1 1098 2483 1544
3353 2 2 201 1 1193 1498 1191
3354 2 2 201 1 1359 1361 1360
3355 2 2 201 1 2005 2007 2004
3356 2 2 201 1 96 821 95
3357 2 2 201 1 100 785 99
3358 2 2 201 1 105 809 104
3359 2 2 201 1 216 2101 844
3360 2 2 201 1 1281 1282 1280
3361 2 2 201 1 896 2442 93
3362 2 2 201 1 386 2441 868
3363 2 2 201 1 815 2311 2303
3364 2 2 201 1 1070 1071 1069
3365 2 2 201 1 2030 2031 2029
3366 2 2 201 1 2284 2434 2283
3367 2 2 201 1 84 2373 83
3368 2 2 201 1 1321 1322 1320
3369 2 2 201 1 2335 2336 2334
3370 2 2 201 1 130 813 129
3371 2 2 201 1 156 777 155
3372 2 2 201 1 358 2291 357
3373 2 2 201 1 303 867 302
3374 2 2 201 1 2269 2405 821
3375 2 2 201 1 1056 1058 1057
3376 2 2 201 1 1291 1293 1292
3377 2 2 201 1 2303 2311 2306
3378 2 2 201 1 283 866 282
3379 2 2 201 1 808 2467 2083
3380 2 2 201 1 1059 1980 1057
3381 2 2 201 1 1220 1222 1221
3382 2 2 201 1 2223 2225 2224
3383 2 2 201 1 2291 2408 780
3384 2 2 201 1 1498 2437 1191
3385 2 2 201 1 2258 2259 1492
3386 2 2 201 1 181 909 180
3387 2 2 201 1 753 2158 414
3388 2 2 201 1 1080 2498 1532
3389 2 2 201 1 1272 1403 1269
3390 2 2 201 1 2245 2247 2246
3391 2 2 201 1 159 2227 760
3392 2 2 201 1 1102 1546 1104
3393 2 2 201 1 1214 1216 1215
3394 2 2 201 1 1764 1766 1763
3395 2 2 201 1 257 853 256
3396 2 2 201 1 1325 1327 1326
3397 2 2 201 1 161 2228 160
3398 2 2 201 1 253 857 252
3399 2 2 201 1 1479 2478 1203
3400 2 2 201 1 2289 2290 785
3401 2 2 201 1 1064 1432 1066
3402 2 2 201 1 1531 1732 1266
3403 2 2 201 1 2325 2326 2324
3404 2 2 201 1 1281 1450 1283
3405 2 2 201 1 1349 1351 1350
3406 2 2 201 1 1360 1428 1358
3407 2 2 201 1 274 832 273
3408 2 2 201 1 281 830 280
3409 2 2 201 1 294 831 293
3410 2 2 201 1 301 823 300
3411 2 2 201 1 2408 2409 780
3412 2 2 201 1 1317 1318 1316
3413 2 2 201 1 901 2373 84
3414 2 2 201 1 114 903 113
3415 2 2 201 1 2261 2262 903
3416 2 2 201 1 1060 1062 1061
3417 2 2 201 1 2303 2306 2305
3418 2 2 201 1 830 2124 280
3419 2 2 201 1 400 2210 399
3420 2 2 201 1 1391 2454 1207
3421 2 2 201 1 109 2463 108
3422 2 2 201 1 780 2440 356
3423 2 2 201 1 1189 2437 1506
3424 2 2 201 1 2037 2038 2036
3425 2 2 201 1 2222 2223 2220
3426 2 2 201 1 1283 1284 1282
3427 2 2 201 1 1084 2490 1535
3428 2 2 201 1 1192 2200 1194
3429 2 2 201 1 1514 1874 1872
3430 2 2 201 1 210 769 209
3431 2 2 201 1 1244 2199 1246
3432 2 2 201 1 1276 1278 1277
3433 2 2 201 1 1211 2438 2119
3434 2 2 201 1 414 2158 413
3435 2 2 201 1 2219 2220 778
3436 2 2 201 1 1327 1329 1328
3437 2 2 201 1 2016 2018 2015
3438 2 2 201 1 276 886 275
3439 2 2 201 1 296 887 295
3440 2 2 201 1 762 2484 2244
3441 2 2 201 1 1098 1544 1100
3442 2 2 201 1 1224 2471 1523
3443 2 2 201 1 1279 1280 1278
3444 2 2 201 1 1326 1463 1324
3445 2 2 201 1 1349 1350 1348
3446 2 2 201 1 148 2449 2448
3447 2 2 201 1 2473 2477 382
3448 2 2 201 1 2010 2011 2009
3449 2 2 201 1 905 2463 109
3450 2 2 201 1 821 2405 2046
3451 2 2 201 1 203 771 202
3452 2 2 201 1 251 837 250
3453 2 2 201 1 1505 1876 1052
3454 2 2 201 1 2296 2297 2295
3455 2 2 201 1 827 1904 1903
3456 2 2 201 1 1353 1354 1352
3457 2 2 201 1 1860 1861 1859
3458 2 2 201 1 1877 1879 1878
3459 2 2 201 1 2109 2110 2108
3460 2 2 201 1 1206 1208 1207
3461 2 2 201 1 1264 1266 1265
3462 2 2 201 1 173 842 172
3463 2 2 201 1 189 825 188
3464 2 2 201 1 1056 1057 1055
3465 2 2 201 1 1282 1520 1280
3466 2 2 201 1 1351 1353 1352
3467 2 2 201 1 271 800 270
3468 2 2 201 1 278 801 277
3469 2 2 201 1 298 805 297
3470 2 2 201 1 1701 1703 1702
3471 2 2 201 1 1451 2009 1051
3472 2 2 201 1 1255 1858 1253
3473 2 2 201 1 1365 1366 1364
3474 2 2 201 1 1590 1712 1559
3475 2 2 201 1 811 2205 79
3476 2 2 201 1 756 2444 169
3477 2 2 201 1 901 2374 2373
3478 2 2 201 1 835 2365 122
3479 2 2 201 1 1213 2438 1211
3480 2 2 201 1 1268 1269 1267
3481 2 2 201 1 1052 1054 1053
3482 2 2 201 1 2452 2484 762
3483 2 2 201 1 801 2510 2509
3484 2 2 201 1 1053 1451 1051
3485 2 2 201 1 1293 1295 1294
3486 2 2 201 1 2098 2498 1078
3487 2 2 201 1 1218 1220 1219
3488 2 2 201 1 1322 2472 1468
3489 2 2 201 1 169 2444 168
3490 2 2 201 1 1052 1053 1051
3491 2 2 201 1 1309 1310 1308
3492 2 2 201 1 1683 1686 1684
3493 2 2 201 1 67 2419 66
3494 2 2 201 1 1351 1352 1350
3495 2 2 201 1 2272 2273 2271
3496 2 2 201 1 1074 2496 1440
3497 2 2 201 1 2046 2405 2047
3498 2 2 201 1 2102 2104 2103
3499 2 2 201 1 1977 1979 1978
3500 2 2 201 1 2350 2352 2351
3501 2 2 201 1 66 2419 806
3502 2 2 201 1 1276 1277 1274
3503 2 2 201 1 1381 2495 1245
3504 2 2 201 1 1276 1279 1278
3505 2 2 201 1 1359 1360 1358
3506 2 2 201 1 1258 1260 1259
3507 2 2 201 1 2416 2417 2375
3508 2 2 201 1 1231 2493 1447
3509 2 2 201 1 1050 1505 1052
3510 2 2 201 1 297 2488 296
3511 2 2 201 1 1202 1204 1203
3512 2 2 201 1 1341 1343 1342
3513 2 2 201 1 1974 2492 734
3514 2 2 201 1 1052 1876 1054
3515 2 2 201 1 1307 1309 1308
3516 2 2 201 1 1338 1439 1336
3517 2 2 201 1 1899 1901 1900
3518 2 2 201 1 1054 1055 1053
3519 2 2 201 1 2100 2498 2098
3520 2 2 201 1 216 844 215
3521 2 2 201 1 1055 2501 1053
3522 2 2 201 1 1273 1274 1272
3523 2 2 201 1 1321 1501 1323
3524 2 2 201 1 1048 2499 1050
3525 2 2 201 1 1254 1256 1255
3526 2 2 201 1 1341 1342 1340
3527 2 2 201 1 771 1976 202
3528 2 2 201 1 1068 2385 1784
3529 2 2 201 1 1428 1788 1358
3530 2 2 201 1 1051 2009 1049
3531 2 2 201 1 1236 1509 1238
3532 2 2 201 1 1726 1898 1328
3533 2 2 201 1 1316 1779 1314
3534 2 2 201 1 1191 2437 1189
3535 2 2 201 1 280 2124 279
3536 2 2 201 1 751 1992 437
3537 2 2 201 1 1451 2010 2009
3538 2 2 201 1 1305 1306 1304
3539 2 2 201 1 1339 1340 1338
3540 2 2 201 1 1361 1362 1360
3541 2 2 201 1 397 2236 770
3542 2 2 201 1 1201 2478 1486
3543 2 2 201 1 2160 2162 855
3544 2 2 201 1 1319 1321 1320
3545 2 2 201 1 1982 2501 1460
3546 2 2 201 1 1233 2493 1231
3547 2 2 201 1 188 2466 187
3548 2 2 201 1 1203 2478 1201
3549 2 2 201 1 1367 1456 1369
3550 2 2 201 1 1781 1783 1780
3551 2 2 201 1 2106 2107 761
3552 2 2 201 1 1535 2491 1086
3553 2 2 201 1 1347 1348 1346
3554 2 2 201 1 1776 1777 1406
3555 2 2 201 1 2010 2012 2011
3556 2 2 201 1 1311 1312 1310
3557 2 2 201 1 1335 1518 1337
3558 2 2 201 1 253 2075 857
3559 2 2 201 1 1241 2482 1382
3560 2 2 201 1 1690 1691 1433
3561 2 2 201 1 1313 1315 1314
3562 2 2 201 1 1880 2500 1883
3563 2 2 201 1 1531 2505 1734
3564 2 2 201 1 202 1976 201
3565 2 2 201 1 1511 1587 1560
3566 2 2 201 1 2010 2013 2012
3567 2 2 201 1 1794 2494 1352
3568 2 2 201 1 862 2476 2474
3569 2 2 201 1 1687 1688 1684
3570 2 2 201 1 1792 1793 1790
3571 2 2 201 1 398 2236 397
3572 2 2 201 1 2009 2480 1049
3573 2 2 201 1 1331 1333 1332
3574 2 2 201 1 1756 2502 1758
3575 2 2 201 1 1050 2499 1505
3576 2 2 201 1 1759 1761 1760
3577 2 2 201 1 1238 2500 1240
3578 2 2 201 1 757 2210 400
3579 2 2 201 1 1494 2508 1827
3580 2 2 201 1 1434 1762 1342
3581 2 2 201 1 263 2431 1894
3582 2 2 201 1 1072 2496 1074
3583 2 2 201 1 1240 2500 1880
3584 2 2 201 1 2474 2475 732
3585 2 2 201 1 1050 1051 1049
3586 2 2 201 1 2282 2514 1058
3587 2 2 201 1 1309 1775 1311
3588 2 2 201 1 1787 2496 1524
3589 2 2 201 1 41 2188 913
3590 2 2 201 1 1050 1052 1051
3591 2 2 201 1 1768 2386 1395
3592 2 2 201 1 1509 2500 1238
3593 2 2 201 1 1763 1767 1765
3594 2 2 201 1 447 1824 446
3595 2 2 201 1 1262 2505 1264
3596 2 2 201 1 1602 1727 1560
3597 2 2 201 1 1776 1778 1777
3598 2 2 201 1 1700 1701 1416
3599 2 2 201 1 222 2469 795
3600 2 2 201 1 1524 2496 1072
3601 2 2 201 1 199 2156 733
3602 2 2 201 1 1512 2199 1244
3603 2 2 201 1 1327 1328 1326
3604 2 2 201 1 1048 1050 1049
3605 2 2 201 1 200 2156 199
3606 2 2 201 1 1243 2482 1241
3607 2 2 201 1 851 2240 435
3608 2 2 201 1 1434 1763 1762
3609 2 2 201 1 1344 2526 1434
3610 2 2 201 1 186 1977 798
3611 2 2 201 1 1304 1474 1302
3612 2 2 201 1 1497 2499 1048
3613 2 2 201 1 1706 2528 2527
3614 2 2 201 1 1048 1049 1047
3615 2 2 201 1 35 1907 796
3616 2 2 201 1 1526 2515 1772
3617 2 2 201 1 1058 2514 1060
3618 2 2 201 1 42 2188 41
3619 2 2 201 1 1766 1767 1763
3620 2 2 201 1 1046 1497 1048
3621 2 2 201 1 1365 1367 1366
3622 2 2 201 1 1322 1468 1320
3623 2 2 201 1 1049 2480 1047
3624 2 2 201 1 1460 2501 1055
3625 2 2 201 1 1355 2522 1695
3626 2 2 201 1 1434 1764 1763
3627 2 2 201 1 254 2075 253
3628 2 2 201 1 1335 2468 1518
3629 2 2 201 1 289 1966 288
3630 2 2 201 1 849 1907 36
3631 2 2 201 1 1245 2495 1243
3632 2 2 201 1 1331 1513 1333
3633 2 2 201 1 1243 2495 2482
3634 2 2 201 1 1264 2505 1531
3635 2 2 201 1 1420 1794 1354
3636 2 2 201 1 1426 2027 1348
3637 2 2 201 1 1361 1363 1362
3638 2 2 201 1 1779 2507 1314
3639 2 2 201 1 1047 2480 1471
3640 2 2 201 1 435 2240 434
3641 2 2 201 1 276 2509 886
3642 2 2 201 1 1900 2472 1463
3643 2 2 201 1 187 1977 186
3644 2 2 201 1 1890 2512 830
3645 2 2 201 1 1445 1726 1330
3646 2 2 201 1 1256 2515 1258
3647 2 2 201 1 1046 1048 1047
3648 2 2 201 1 1047 1471 1045
3649 2 2 201 1 805 2488 297
3650 2 2 201 1 801 2509 277
3651 2 2 201 1 1355 1695 1357
3652 2 2 201 1 2501 2511 1451
3653 2 2 201 1 2474 2476 2475
3654 2 2 201 1 1701 1702 1416
3655 2 2 201 1 1468 2506 1320
3656 2 2 201 1 1317 2387 1496
3657 2 2 201 1 269 2076 268
3658 2 2 201 1 1060 2514 1514
3659 2 2 201 1 1348 2027 1346
3660 2 2 201 1 2156 2518 2157
3661 2 2 201 1 1878 2513 2282
3662 2 2 201 1 1319 2516 1321
3663 2 2 201 1 1514 2514 1875
3664 2 2 201 1 861 2518 2156
3665 2 2 201 1 2503 2515 1256
3666 2 2 201 1 2105 2520 1489
3667 2 2 201 1 1982 2511 2501
3668 2 2 201 1 1046 1047 1045
3669 2 2 201 1 1331 2529 1513
3670 2 2 201 1 827 1903 258
3671 2 2 201 1 731 2432 2431
3672 2 2 201 1 1496 2516 1319
3673 2 2 201 1 825 2466 188
3674 2 2 201 1 1042 1489 1044
3675 2 2 201 1 1336 1725 1334
3676 2 2 201 1 1358 1788 1356
3677 2 2 201 1 277 2509 276
3678 2 2 201 1 800 2487 270
3679 2 2 201 1 1463 2472 1324
3680 2 2 201 1 1761 1897 1708
3681 2 2 201 1 258 1903 257
3682 2 2 201 1 264 2431 263
3683 2 2 201 1 731 2431 264
3684 2 2 201 1 1042 2102 1489
3685 2 2 201 1 1706 2527 1707
3686 2 2 201 1 1513 2468 1333
3687 2 2 201 1 1489 2520 1044
3688 2 2 201 1 857 2164 252
3689 2 2 201 1 2076 2077 834
3690 2 2 201 1 1765 2504 1762
3691 2 2 201 1 1334 1725 1682
3692 2 2 201 1 1044 1046 1045
3693 2 2 201 1 2132 2136 900
3694 2 2 201 1 252 2164 251
3695 2 2 201 1 1324 2472 1322
3696 2 2 201 1 1416 2524 1327
3697 2 2 201 1 1434 2526 1764
3698 2 2 201 1 1341 2528 1343
3699 2 2 201 1 270 2487 269
3700 2 2 201 1 1329 2529 1331
3701 2 2 201 1 1044 2520 1046
3702 2 2 201 1 36 1907 35
3703 2 2 201 1 268 2076 834
3704 2 2 201 1 1040 2102 1042
3705 2 2 201 1 1333 2468 1335
3706 2 2 201 1 1044 1045 1043
3707 2 2 201 1 1891 2512 1890
3708 2 2 201 1 2102 2103 1489
3709 2 2 201 1 1520 2519 1280
3710 2 2 201 1 2527 2528 1691
3711 2 2 201 1 1280 2519 1278
3712 2 2 201 1 2103 2105 1489
3713 2 2 201 1 443 1795 848
3714 2 2 201 1 1343 2528 1706
3715 2 2 201 1 1294 2508 1292
3716 2 2 201 1 1433 2528 1341
3717 2 2 201 1 1043 1480 1041
3718 2 2 201 1 1042 1044 1043
3719 2 2 201 1 1046 2520 1497
3720 2 2 201 1 1312 2507 1483
3721 2 2 201 1 2050 2101 217
3722 2 2 201 1 1292 2508 1494
3723 2 2 201 1 451 1836 745
3724 2 2 201 1 1437 1897 1347
3725 2 2 201 1 452 1836 451
3726 2 2 201 1 2510 2521 2509
3727 2 2 201 1 1314 2507 1312
3728 2 2 201 1 2509 2521 886
3729 2 2 201 1 1708 1897 1437
3730 2 2 201 1 2027 2526 1346
3731 2 2 201 1 217 2101 216
3732 2 2 201 1 1320 2506 1318
3733 2 2 201 1 1346 2526 1344
3734 2 2 201 1 1318 2506 1458
3735 2 2 201 1 2102 2531 2104
3736 2 2 201 1 1042 1043 1041
3737 2 2 201 1 2517 2522 1443
3738 2 2 201 1 752 2532 420
3739 2 2 201 1 1038 2531 1040
3740 2 2 201 1 444 1795 443
3741 2 2 201 1 1039 1465 1037
3742 2 2 201 1 1040 1042 1041
3743 2 2 201 1 1691 2528 1433
3744 2 2 201 1 1695 2522 1698
3745 2 2 201 1 1327 2524 1329
3746 2 2 201 1 1040 1041 1039
3747 2 2 201 1 2519 2530 1587
3748 2 2 201 1 1698 2522 2517
3749 2 2 201 1 1520 2530 2519
3750 2 2 201 1 1404 2531 1038
3751 2 2 201 1 1038 1040 1039
3752 2 2 201 1 1040 2531 2102
3753 2 2 201 1 2524 2529 1329
3754 2 2 201 1 1036 1404 1038
3755 2 2 201 1 1038 1039 1037
3756 2 2 201 1 1036 1038 1037
3757 2 2 201 1 1032 1477 1034
3758 2 2 201 1 1036 1037 1035
3759 2 2 201 1 1034 1036 1035
3760 2 2 201 1 420 2532 419
3761 2 2 201 1 2002 2003 2000
3762 2 2 201 1 1033 1470 1031
3763 2 2 201 1 899 1998 422
3764 2 2 201 1 1034 1035 1033
3765 2 2 201 1 2135 2137 2136
3766 2 2 201 1 2135 2136 2132
3767 2 2 201 1 1032 1034 1033
3768 2 2 201 1 1995 1998 899
3769 2 2 201 1 1032 1033 1031
3770 2 2 201 1 1030 1032 1031
3771 2 2 201 1 1030 1031 1029
3772 2 2 201 1 1028 1030 1029
3773 2 2 201 1 1558 1586 1557
3774 2 2 201 1 1490 1558 1557
3775 2 2 201 1 1026 1398 1028
3776 2 2 201 1 1028 1029 1027
3777 2 2 201 1 1027 1502 1025
3778 2 2 201 1 1026 1028 1027
3779 2 2 201 1 1022 1462 1024
3780 2 2 201 1 1026 1027 1025
3781 2 2 201 1 1024 1026 1025
3782 2 2 201 1 1024 1025 1023
3783 2 2 201 1 1022 1024 1023
3784 2 2 201 1 1023 1508 1021
3785 2 2 201 1 1603 1604 1568
3786 2 2 201 1 1022 1023 1021
3787 2 2 201 1 1567 2537 1646
3788 2 2 201 1 1584 1597 1558
3789 2 2 201 1 1017 1020 1019
3790 2 2 201 1 1020 1022 1021
3791 2 2 201 1 1021 2533 1019
3792 2 2 201 1 1508 2533 1021
3793 2 2 201 1 1019 2533 1490
3794 2 2 201 1 1020 1021 1019
3795 2 2 201 1 1567 1646 1576
3796 2 2 201 1 1019 1490 1018
3797 2 2 201 1 1490 1584 1558
3798 2 2 201 1 1576 1603 1568
3799 2 2 201 1 1490 2533 1584
3800 2 2 201 1 1017 1019 1018
3801 2 2 201 1 1567 1576 1568
3802 2 2 201 1 1017 1018 1015
3803 2 2 201 1 1008 2538 1396
3804 2 2 201 1 1604 2536 2535
3805 2 2 201 1 1604 2535 1568
3806 2 2 201 1 902 2214 48
3807 2 2 201 1 1022 2536 1462
3808 2 2 201 1 2535 2536 1020
3809 2 2 201 1 1016 1017 1015
3810 2 2 201 1 1567 1568 1016
3811 2 2 201 1 1013 1392 1010
3812 2 2 201 1 1014 1567 1016
3813 2 2 201 1 1010 2538 1008
3814 2 2 201 1 1017 2535 1020
3815 2 2 201 1 1014 1016 1015
3816 2 2 201 1 1014 1015 1013
3817 2 2 201 1 1663 1666 1665
3818 2 2 201 1 1568 2535 1016
3819 2 2 201 1 1016 2535 1017
3820 2 2 201 1 1013 2534 1392
3821 2 2 201 1 1018 2534 1015
3822 2 2 201 1 1015 2534 1013
3823 2 2 201 1 1020 2536 1022
3824 2 2 201 1 1012 1014 1013
3825 2 2 201 1 1012 1013 1010
3826 2 2 201 1 1014 2537 1567
3827 2 2 201 1 1009 1565 1012
3828 2 2 201 1 1012 2537 1014
3829 2 2 201 1 1392 2538 1010
3830 2 2 201 1 1008 1396 1005
3831 2 2 201 1 1009 1012 1010
3832 2 2 201 1 1565 2537 1012
3833 2 2 201 1 1009 1010 1008
3834 2 2 201 1 1007 1009 1008
3835 2 2 201 1 1007 1008 1005
3836 2 2 201 1 1004 1556 1007
3837 2 2 201 1 1003 1401 1000
3838 2 2 201 1 1004 1007 1005
3839 2 2 201 1 1004 1005 1003
3840 2 2 201 1 1002 1004 1003
3841 2 2 201 1 1002 1003 1000
3842 2 2 201 1 999 1554 1002
3843 2 2 201 1 998 1402 996
3844 2 2 201 1 999 1002 1000
3845 2 2 201 1 999 1000 998
3846 2 2 201 1 997 999 998
3847 2 2 201 1 997 998 996
3848 2 2 201 1 995 1553 997
3849 2 2 201 1 994 1408 991
3850 2 2 201 1 995 997 996
3851 2 2 201 1 995 996 994
3852 2 2 201 1 993 995 994
3853 2 2 201 1 993 994 991
3854 2 2 201 1 990 1551 993
3855 2 2 201 1 37 1923 849
3856 2 2 201 1 441 2539 750
3857 2 2 201 1 848 2539 442
3858 2 2 201 1 990 993 991
3859 2 2 201 1 990 991 989
3860 2 2 201 1 988 990 989
3861 2 2 201 1 849 1923 1909
3862 2 2 201 1 986 1547 988
3863 2 2 201 1 988 989 987
3864 2 2 201 1 987 992 985
3865 2 2 201 1 1800 1814 1813
3866 2 2 201 1 986 988 987
3867 2 2 201 1 796 1914 34
3868 2 2 201 1 986 987 985
3869 2 2 201 1 442 2539 441
3870 2 2 201 1 983 1415 981
3871 2 2 201 1 1926 1929 28
3872 2 2 201 1 1800 1813 1797
3873 2 2 201 1 984 986 985
3874 2 2 201 1 984 985 983
3875 2 2 201 1 982 1545 984
3876 2 2 201 1 745 1856 450
3877 2 2 201 1 982 984 983
3878 2 2 201 1 1919 1922 1918
3879 2 2 201 1 982 983 981
3880 2 2 201 1 980 982 981
3881 2 2 201 1 978 1543 980
3882 2 2 201 1 980 981 979
3883 2 2 201 1 978 980 979
3884 2 2 201 1 978 979 977
3885 2 2 201 1 977 1001 975
3886 2 2 201 1 976 978 977
3887 2 2 201 1 974 1539 976
3888 2 2 201 1 1839 1856 745
3889 2 2 201 1 976 977 975
3890 2 2 201 1 1928 1929 1926
3891 2 2 201 1 973 1427 971
3892 2 2 201 1 974 976 975
3893 2 2 201 1 974 975 973
3894 2 2 201 1 970 1515 972
3895 2 2 201 1 1931 1933 841
3896 2 2 201 1 972 974 973
3897 2 2 201 1 1836 1855 1838
3898 2 2 201 1 972 973 971
3899 2 2 201 1 452 1855 1836
3900 2 2 201 1 970 972 971
3901 2 2 201 1 970 971 969
3902 2 2 201 1 968 970 969
3903 2 2 201 1 841 1933 26
3904 2 2 201 1 968 969 967
3905 2 2 201 1 964 1510 966
3906 2 2 201 1 967 1006 965
3907 2 2 201 1 966 968 967
3908 2 2 201 1 1510 2540 966
3909 2 2 201 1 966 2540 968
3910 2 2 201 1 966 967 965
3911 2 2 201 1 910 1936 24
3912 2 2 201 1 964 966 965
3913 2 2 201 1 964 965 963
3914 2 2 201 1 1367 2523 1456
3915 2 2 201 1 962 964 963
3916 2 2 201 1 1940 1941 1939
3917 2 2 201 1 962 963 961
3918 2 2 201 1 961 1011 959
3919 2 2 201 1 960 962 961
3920 2 2 201 1 958 1530 960
3921 2 2 201 1 960 961 959
3922 2 2 201 1 958 960 959
3923 2 2 201 1 958 959 957
3924 2 2 201 1 1649 1658 1419
3925 2 2 201 1 956 958 957
3926 2 2 201 1 1946 1947 1945
3927 2 2 201 1 1411 1652 1647
3928 2 2 201 1 956 957 955
3929 2 2 201 1 954 1529 956
3930 2 2 201 1 958 2541 1530
3931 2 2 201 1 1655 1656 1654
3932 2 2 201 1 1456 2523 1655
3933 2 2 201 1 956 2541 958
3934 2 2 201 1 955 1147 953
3935 2 2 201 1 954 956 955
3936 2 2 201 1 1527 1528 1431
3937 2 2 201 1 1529 2541 956
3938 2 2 201 1 950 1493 952
3939 2 2 201 1 954 955 953
3940 2 2 201 1 468 1632 467
3941 2 2 201 1 952 954 953
3942 2 2 201 1 2057 2543 2056
3943 2 2 201 1 954 2542 1529
3944 2 2 201 1 952 953 951
3945 2 2 201 1 1493 2542 952
3946 2 2 201 1 1953 1954 1952
3947 2 2 201 1 952 2542 954
3948 2 2 201 1 950 952 951
3949 2 2 201 1 950 951 949
3950 2 2 201 1 1528 2552 1431
3951 2 2 201 1 949 1386 947
3952 2 2 201 1 1456 1655 1654
3953 2 2 201 1 948 950 949
3954 2 2 201 1 2062 2543 2057
3955 2 2 201 1 948 949 947
3956 2 2 201 1 944 1484 946
3957 2 2 201 1 946 948 947
3958 2 2 201 1 1378 2563 1393
3959 2 2 201 1 1660 2545 1424
3960 2 2 201 1 1424 2545 1362
3961 2 2 201 1 1360 2545 1428
3962 2 2 201 1 1411 1647 1370
3963 2 2 201 1 946 947 945
3964 2 2 201 1 944 946 945
3965 2 2 201 1 944 945 943
3966 2 2 201 1 2021 2576 2023
3967 2 2 201 1 2207 2617 2209
3968 2 2 201 1 943 1387 941
3969 2 2 201 1 1362 2545 1360
3970 2 2 201 1 942 944 943
3971 2 2 201 1 1461 1640 1639
3972 2 2 201 1 942 943 941
3973 2 2 201 1 938 1472 940
3974 2 2 201 1 939 1464 937
3975 2 2 201 1 940 942 941
3976 2 2 201 1 198 2548 197
3977 2 2 201 1 940 941 939
3978 2 2 201 1 2623 2696 2026
3979 2 2 201 1 1724 2635 863
3980 2 2 201 1 1393 2579 1626
3981 2 2 201 1 938 940 939
3982 2 2 201 1 1393 1626 1625
3983 2 2 201 1 1641 1642 1640
3984 2 2 201 1 1834 3017 1832
3985 2 2 201 1 1371 2546 1373
3986 2 2 201 1 938 939 937
3987 2 2 201 1 1461 2546 1641
3988 2 2 201 1 1373 2546 1461
3989 2 2 201 1 733 2548 198
3990 2 2 201 1 936 938 937
3991 2 2 201 1 933 1467 934
3992 2 2 201 1 1379 1541 1400
3993 2 2 201 1 1504 2563 1380
3994 2 2 201 1 927 929 928
3995 2 2 201 1 930 933 932
3996 2 2 201 1 1659 2554 1661
3997 2 2 201 1 1650 2554 1649
3998 2 2 201 1 1461 1641 1640
3999 2 2 201 1 936 937 935
4000 2 2 201 1 303 2551 867
4001 2 2 201 1 739 2551 304
4002 2 2 201 1 1575 1612 1611
4003 2 2 201 1 1629 1644 1643
4004 2 2 201 1 1626 1628 1627
4005 2 2 201 1 934 936 935
4006 2 2 201 1 1640 2547 1639
4007 2 2 201 1 1563 1589 1581
4008 2 2 201 1 2058 2628 1386
4009 2 2 201 1 1629 1643 1627
4010 2 2 201 1 2103 2699 2105
4011 2 2 201 1 1572 2553 1140
4012 2 2 201 1 1143 2553 1573
4013 2 2 201 1 1549 1550 1504
4014 2 2 201 1 1270 2555 2402
4015 2 2 201 1 1860 2555 1862
4016 2 2 201 1 1626 1627 1625
4017 2 2 201 1 737 2558 1740
4018 2 2 201 1 1529 2977 2541
4019 2 2 201 1 934 935 932
4020 2 2 201 1 933 934 932
4021 2 2 201 1 1393 1625 1376
4022 2 2 201 1 948 2556 950
4023 2 2 201 1 927 928 926
4024 2 2 201 1 1628 1629 1627
4025 2 2 201 1 909 2558 180
4026 2 2 201 1 179 2558 737
4027 2 2 201 1 51 2560 790
4028 2 2 201 1 1563 1581 1467
4029 2 2 201 1 1467 2549 934
4030 2 2 201 1 1571 1582 1528
4031 2 2 201 1 304 2551 303
4032 2 2 201 1 1625 2550 1374
4033 2 2 201 1 863 2646 1724
4034 2 2 201 1 929 930 928
4035 2 2 201 1 934 2549 936
4036 2 2 201 1 1387 2559 941
4037 2 2 201 1 939 2559 1464
4038 2 2 201 1 814 2599 2589
4039 2 2 201 1 2207 2629 2617
4040 2 2 201 1 1431 1645 929
4041 2 2 201 1 2609 2679 1871
4042 2 2 201 1 1581 2549 1467
4043 2 2 201 1 2977 2986 2541
4044 2 2 201 1 1541 1592 1542
4045 2 2 201 1 1649 2554 1659
4046 2 2 201 1 929 1645 930
4047 2 2 201 1 930 932 931
4048 2 2 201 1 1639 2567 1377
4049 2 2 201 1 1474 2860 1970
4050 2 2 201 1 930 931 928
4051 2 2 201 1 1523 2566 2479
4052 2 2 201 1 733 2564 2548
4053 2 2 201 1 1380 2563 1378
4054 2 2 201 1 1555 3029 2423
4055 2 2 201 1 1627 2550 1625
4056 2 2 201 1 1140 2553 1143
4057 2 2 201 1 1643 2550 1627
4058 2 2 201 1 2402 2555 1860
4059 2 2 201 1 2438 2568 2121
4060 2 2 201 1 926 1609 924
4061 2 2 201 1 1824 2916 1807
4062 2 2 201 1 1970 2870 1474
4063 2 2 201 1 950 2556 1493
4064 2 2 201 1 1564 2563 1504
4065 2 2 201 1 2260 2569 2261
4066 2 2 201 1 255 2570 729
4067 2 2 201 1 853 2570 256
4068 2 2 201 1 2717 2894 1457
4069 2 2 201 1 180 2558 179
4070 2 2 201 1 52 2560 51
4071 2 2 201 1 941 2559 939
4072 2 2 201 1 1637 2602 1636
4073 2 2 201 1 2419 2571 806
4074 2 2 201 1 881 2572 53
4075 2 2 201 1 2208 2629 2207
4076 2 2 201 1 1486 2573 2258
4077 2 2 201 1 775 2574 311
4078 2 2 201 1 310 2574 894
4079 2 2 201 1 2407 2696 2623
4080 2 2 201 1 2502 2575 1758
4081 2 2 201 1 2020 2576 2021
4082 2 2 201 1 1381 2576 2495
4083 2 2 201 1 1550 1583 1564
4084 2 2 201 1 747 2578 2062
4085 2 2 201 1 317 2577 316
4086 2 2 201 1 2541 2986 1530
4087 2 2 201 1 1636 2602 2578
4088 2 2 201 1 1583 1598 1564
4089 2 2 201 1 1470 2855 2002
4090 2 2 201 1 2157 2564 733
4091 2 2 201 1 1495 2820 2187
4092 2 2 201 1 928 2557 926
4093 2 2 201 1 331 2580 897
4094 2 2 201 1 2413 2679 2609
4095 2 2 201 1 822 2691 2038
4096 2 2 201 1 1636 2581 856
4097 2 2 201 1 1379 2567 1541
4098 2 2 201 1 1452 2603 2094
4099 2 2 201 1 463 2581 747
4100 2 2 201 1 856 2581 464
4101 2 2 201 1 240 816 239
4102 2 2 201 1 477 817 476
4103 2 2 201 1 2986 2993 1530
4104 2 2 201 1 2479 2566 2396
4105 2 2 201 1 2308 2582 2310
4106 2 2 201 1 2002 2865 1470
4107 2 2 201 1 1541 1594 1592
4108 2 2 201 1 2396 2583 2006
4109 2 2 201 1 239 2562 238
4110 2 2 201 1 52 2572 2560
4111 2 2 201 1 2187 2828 1495
4112 2 2 201 1 320 2584 319
4113 2 2 201 1 931 2557 928
4114 2 2 201 1 1477 2637 2129
4115 2 2 201 1 926 2557 1609
4116 2 2 201 1 238 914 237
4117 2 2 201 1 475 915 474
4118 2 2 201 1 1541 2567 1594
4119 2 2 201 1 1604 2585 2536
4120 2 2 201 1 2466 2586 1979
4121 2 2 201 1 1377 2567 1379
4122 2 2 201 1 1466 2568 2438
4123 2 2 201 1 1602 3031 2987
4124 2 2 201 1 241 2565 240
4125 2 2 201 1 1113 3013 2152
4126 2 2 201 1 2209 2605 2599
4127 2 2 201 1 1753 2655 1289
4128 2 2 201 1 1550 1564 1504
4129 2 2 201 1 327 2588 908
4130 2 2 201 1 788 2588 328
4131 2 2 201 1 1660 2587 2545
4132 2 2 201 1 814 2589 333
4133 2 2 201 1 820 2569 2260
4134 2 2 201 1 237 2561 236
4135 2 2 201 1 473 2859 1613
4136 2 2 201 1 2547 2940 2938
4137 2 2 201 1 256 2570 255
4138 2 2 201 1 1799 2590 1800
4139 2 2 201 1 2129 2647 1477
4140 2 2 201 1 1601 2774 1599
4141 2 2 201 1 2420 2571 2419
4142 2 2 201 1 242 919 241
4143 2 2 201 1 479 918 478
4144 2 2 201 1 53 2572 52
4145 2 2 201 1 2964 2980 2008
4146 2 2 201 1 1782 2990 2512
4147 2 2 201 1 1509 2592 2500
4148 2 2 201 1 962 2593 964
4149 2 2 201 1 1026 2594 1398
4150 2 2 201 1 1462 2594 1024
4151 2 2 201 1 1807 2936 1824
4152 2 2 201 1 2258 2573 2259
4153 2 2 201 1 1788 2595 1789
4154 2 2 201 1 2563 2579 1393
4155 2 2 201 1 2459 2597 1150
4156 2 2 201 1 1152 2597 1438
4157 2 2 201 1 311 2574 310
4158 2 2 201 1 1390 2575 2502
4159 2 2 201 1 2495 2576 2020
4160 2 2 201 1 2157 2698 2689
4161 2 2 201 1 1464 2596 937
4162 2 2 201 1 2938 2940 728
4163 2 2 201 1 1574 2837 2459
4164 2 2 201 1 820 2582 2569
4165 2 2 201 1 2194 2660 1553
4166 2 2 201 1 2589 2599 2123
4167 2 2 201 1 2413 2609 1270
4168 2 2 201 1 826 2577 317
4169 2 2 201 1 2157 2689 2564
4170 2 2 201 1 1486 2629 2573
4171 2 2 201 1 2436 2598 190
4172 2 2 201 1 189 2598 825
4173 2 2 201 1 1389 2992 2150
4174 2 2 201 1 1598 2579 1564
4175 2 2 201 1 1843 2618 1845
4176 2 2 201 1 2138 2600 2140
4177 2 2 201 1 2134 2600 2135
4178 2 2 201 1 2540 3022 3016
4179 2 2 201 1 2062 2578 2544
4180 2 2 201 1 1450 2601 1283
4181 2 2 201 1 1285 2601 1388
4182 2 2 201 1 1227 2603 1452
4183 2 2 201 1 1447 2603 1229
4184 2 2 201 1 2583 2964 2008
4185 2 2 201 1 332 2580 331
4186 2 2 201 1 1564 2579 2563
4187 2 2 201 1 2304 2604 2302
4188 2 2 201 1 2307 2604 2309
4189 2 2 201 1 2122 2605 2454
4190 2 2 201 1 2417 2872 2864
4191 2 2 201 1 1883 2606 1881
4192 2 2 201 1 1856 2607 1857
4193 2 2 201 1 1841 2607 1839
4194 2 2 201 1 72 2608 71
4195 2 2 201 1 2518 2698 2157
4196 2 2 201 1 2568 2733 2411
4197 2 2 201 1 1471 3005 2161
4198 2 2 201 1 816 2562 239
4199 2 2 201 1 205 2610 204
4200 2 2 201 1 2310 2582 820
4201 2 2 201 1 464 2581 463
4202 2 2 201 1 1840 2611 1841
4203 2 2 201 1 259 2612 827
4204 2 2 201 1 2407 2623 1381
4205 2 2 201 1 1769 2613 1768
4206 2 2 201 1 788 2733 2091
4207 2 2 201 1 238 2562 914
4208 2 2 201 1 2006 2583 2008
4209 2 2 201 1 1595 2883 1615
4210 2 2 201 1 1731 2658 786
4211 2 2 201 1 2420 2714 2706
4212 2 2 201 1 2212 2676 1565
4213 2 2 201 1 794 2872 2417
4214 2 2 201 1 822 2584 320
4215 2 2 201 1 797 2614 1927
4216 2 2 201 1 1919 2614 1922
4217 2 2 201 1 1398 2615 1028
4218 2 2 201 1 2844 2942 1987
4219 2 2 201 1 240 2565 816
4220 2 2 201 1 1985 2616 1988
4221 2 2 201 1 774 2618 1855
4222 2 2 201 1 1838 2618 1843
4223 2 2 201 1 2518 2707 2698
4224 2 2 201 1 332 2589 2580
4225 2 2 201 1 1438 2619 1154
4226 2 2 201 1 2536 2585 1462
4227 2 2 201 1 825 2586 2466
4228 2 2 201 1 914 2561 237
4229 2 2 201 1 2192 2659 2191
4230 2 2 201 1 2545 2587 1428
4231 2 2 201 1 2677 2681 2104
4232 2 2 201 1 787 2622 261
4233 2 2 201 1 786 2670 1731
4234 2 2 201 1 184 2620 183
4235 2 2 201 1 1721 2624 1724
4236 2 2 201 1 1499 2836 2184
4237 2 2 201 1 1032 2625 1477
4238 2 2 201 1 2420 2706 2571
4239 2 2 201 1 394 2626 776
4240 2 2 201 1 2055 2628 2058
4241 2 2 201 1 2503 2627 2515
4242 2 2 201 1 328 2588 327
4243 2 2 201 1 2573 2629 2208
4244 2 2 201 1 2638 2650 2259
4245 2 2 201 1 919 2565 241
4246 2 2 201 1 1158 2630 1418
4247 2 2 201 1 1485 2888 1965
4248 2 2 201 1 2089 2631 1459
4249 2 2 201 1 2184 2849 1499
4250 2 2 201 1 333 2589 332
4251 2 2 201 1 1832 3024 1834
4252 2 2 201 1 1834 3024 887
4253 2 2 201 1 1459 2631 1217
4254 2 2 201 1 1215 2631 1466
4255 2 2 201 1 2724 2731 2080
4256 2 2 201 1 1803 2590 1799
4257 2 2 201 1 1185 2632 1183
4258 2 2 201 1 1965 2901 1485
4259 2 2 201 1 834 2991 2692
4260 2 2 201 1 192 2635 818
4261 2 2 201 1 863 2635 193
4262 2 2 201 1 2587 2595 1428
4263 2 2 201 1 1118 3003 2045
4264 2 2 201 1 2131 2637 2133
4265 2 2 201 1 2129 2637 2128
4266 2 2 201 1 2715 2725 1705
4267 2 2 201 1 1665 3030 1667
4268 2 2 201 1 1667 3030 746
4269 2 2 201 1 2447 2638 2208
4270 2 2 201 1 770 2639 396
4271 2 2 201 1 2657 2691 822
4272 2 2 201 1 1793 2641 2494
4273 2 2 201 1 2368 2642 2366
4274 2 2 201 1 2306 2642 2305
4275 2 2 201 1 2783 2789 1601
4276 2 2 201 1 2080 2731 2079
4277 2 2 201 1 2500 2592 1883
4278 2 2 201 1 986 2644 1547
4279 2 2 201 1 1545 2644 984
4280 2 2 201 1 932 2634 931
4281 2 2 201 1 2038 2645 2036
4282 2 2 201 1 2493 2645 1447
4283 2 2 201 1 2573 2638 2259
4284 2 2 201 1 827 2891 1904
4285 2 2 201 1 964 2593 1510
4286 2 2 201 1 2096 2657 891
4287 2 2 201 1 1502 2882 1996
4288 2 2 201 1 1724 2646 1723
4289 2 2 201 1 1729 2646 1731
4290 2 2 201 1 3010 3022 1510
4291 2 2 201 1 2112 2960 1399
4292 2 2 201 1 1510 3022 2540
4293 2 2 201 1 1024 2594 1026
4294 2 2 201 1 1036 2647 1404
4295 2 2 201 1 1477 2647 1034
4296 2 2 201 1 77 2648 76
4297 2 2 201 1 1705 2725 1704
4298 2 2 201 1 1425 2649 1089
4299 2 2 201 1 1087 2649 1413
4300 2 2 201 1 1996 2890 1502
4301 2 2 201 1 2242 2650 2241
4302 2 2 201 1 1428 2595 1788
4303 2 2 201 1 1989 2651 1990
4304 2 2 201 1 937 2596 935
4305 2 2 201 1 174 2653 173
4306 2 2 201 1 1418 2654 1160
4307 2 2 201 1 1162 2654 1449
4308 2 2 201 1 2242 2663 2650
4309 2 2 201 1 1291 2655 1390
4310 2 2 201 1 989 2656 987
4311 2 2 201 1 1150 2597 1152
4312 2 2 201 1 738 2620 1748
4313 2 2 201 1 321 2657 822
4314 2 2 201 1 891 2657 322
4315 2 2 201 1 194 2658 863
4316 2 2 201 1 786 2658 195
4317 2 2 201 1 2610 2743 204
4318 2 2 201 1 2123 2599 2122
4319 2 2 201 1 999 2660 1554
4320 2 2 201 1 1553 2660 997
4321 2 2 201 1 2127 2661 2129
4322 2 2 201 1 1179 2662 1177
4323 2 2 201 1 2115 2847 1103
4324 2 2 201 1 2364 2926 831
4325 2 2 201 1 2443 2672 1498
4326 2 2 201 1 1492 2663 2443
4327 2 2 201 1 919 3006 2565
4328 2 2 201 1 878 2666 1888
4329 2 2 201 1 2526 2665 1764
4330 2 2 201 1 831 2933 2364
4331 2 2 201 1 2444 2666 168
4332 2 2 201 1 167 2666 878
4333 2 2 201 1 2367 2667 2368
4334 2 2 201 1 2326 2667 2324
4335 2 2 201 1 212 2668 211
4336 2 2 201 1 1758 2669 1757
4337 2 2 201 1 2208 2638 2573
4338 2 2 201 1 1776 2670 1778
4339 2 2 201 1 1731 2670 1730
4340 2 2 201 1 2608 2752 71
4341 2 2 201 1 190 2598 189
4342 2 2 201 1 2209 2599 814
4343 2 2 201 1 2052 2671 2051
4344 2 2 201 1 2058 2671 2053
4345 2 2 201 1 1444 2675 1073
4346 2 2 201 1 1071 2675 1446
4347 2 2 201 1 2592 3008 1883
4348 2 2 201 1 1565 2676 2537
4349 2 2 201 1 2571 2699 806
4350 2 2 201 1 2672 2683 1498
4351 2 2 201 1 2593 3010 1510
4352 2 2 201 1 2197 2674 2196
4353 2 2 201 1 2135 2600 2138
4354 2 2 201 1 1166 2678 1454
4355 2 2 201 1 1449 2678 1164
4356 2 2 201 1 1622 2853 1589
4357 2 2 201 1 2548 2680 197
4358 2 2 201 1 1283 2601 1285
4359 2 2 201 1 1864 2609 1871
4360 2 2 201 1 992 2656 1817
4361 2 2 201 1 1597 2919 2264
4362 2 2 201 1 1229 2603 1227
4363 2 2 201 1 2665 2908 1764
4364 2 2 201 1 196 2680 786
4365 2 2 201 1 1778 2680 2548
4366 2 2 201 1 1507 2858 2352
4367 2 2 201 1 2125 2681 2143
4368 2 2 201 1 265 2682 731
4369 2 2 201 1 2216 2674 2215
4370 2 2 201 1 2264 2928 1597
4371 2 2 201 1 2302 2604 2307
4372 2 2 201 1 918 2783 1601
4373 2 2 201 1 2454 2605 1479
4374 2 2 201 1 1881 2606 1884
4375 2 2 201 1 2074 2684 2073
4376 2 2 201 1 2238 2684 2239
4377 2 2 201 1 185 2685 184
4378 2 2 201 1 2352 2866 1507
4379 2 2 201 1 1839 2607 1856
4380 2 2 201 1 876 2608 72
4381 2 2 201 1 2578 2602 2544
4382 2 2 201 1 2325 2686 2326
4383 2 2 201 1 2330 2686 2328
4384 2 2 201 1 1498 2683 2437
4385 2 2 201 1 1279 2687 1281
4386 2 2 201 1 1270 2609 2555
4387 2 2 201 1 215 2688 214
4388 2 2 201 1 1515 3033 1920
4389 2 2 201 1 1777 2689 2388
4390 2 2 201 1 732 2610 205
4391 2 2 201 1 1404 2677 2531
4392 2 2 201 1 825 2669 2586
4393 2 2 201 1 834 2692 267
4394 2 2 201 1 2555 2609 1864
4395 2 2 201 1 1846 2611 1840
4396 2 2 201 1 260 2612 259
4397 2 2 201 1 1067 2694 1436
4398 2 2 201 1 1446 2694 1069
4399 2 2 201 1 2605 2617 1479
4400 2 2 201 1 2663 2672 2443
4401 2 2 201 1 1768 2613 1722
4402 2 2 201 1 1454 2697 1168
4403 2 2 201 1 2683 2693 2437
4404 2 2 201 1 2105 2699 2571
4405 2 2 201 1 2596 2634 935
4406 2 2 201 1 1922 2614 797
4407 2 2 201 1 1833 2948 887
4408 2 2 201 1 2271 2700 2428
4409 2 2 201 1 1028 2615 1030
4410 2 2 201 1 2373 2701 828
4411 2 2 201 1 732 2621 2610
4412 2 2 201 1 1987 2616 1985
4413 2 2 201 1 2072 2702 2074
4414 2 2 201 1 1381 2623 2576
4415 2 2 201 1 2853 2905 1589
4416 2 2 201 1 2191 2659 913
4417 2 2 201 1 1765 2703 2504
4418 2 2 201 1 1172 2704 1435
4419 2 2 201 1 260 2622 2612
4420 2 2 201 1 2564 2689 1777
4421 2 2 201 1 1479 2617 2478
4422 2 2 201 1 1821 2798 1819
4423 2 2 201 1 2105 2706 2520
4424 2 2 201 1 2613 2624 1722
4425 2 2 201 1 1855 2618 1838
4426 2 2 201 1 1154 2619 1156
4427 2 2 201 1 2516 2707 1705
4428 2 2 201 1 2437 2693 1506
4429 2 2 201 1 2586 2669 1758
4430 2 2 201 1 2215 2674 804
4431 2 2 201 1 183 2620 738
4432 2 2 201 1 2070 2894 2717
4433 2 2 201 1 2070 2709 2067
4434 2 2 201 1 1165 2710 1163
4435 2 2 201 1 1483 2998 1893
4436 2 2 201 1 2615 2625 1030
4437 2 2 201 1 1748 2620 1751
4438 2 2 201 1 2561 2636 236
4439 2 2 201 1 1725 2711 1685
4440 2 2 201 1 2475 2621 732
4441 2 2 201 1 2332 2712 2331
4442 2 2 201 1 2336 2712 2334
4443 2 2 201 1 3019 3028 1884
4444 2 2 201 1 242 2633 919
4445 2 2 201 1 1676 2716 1402
4446 2 2 201 1 2272 2713 2273
4447 2 2 201 1 2499 2714 2080
4448 2 2 201 1 861 2715 2518
4449 2 2 201 1 2023 2623 2026
4450 2 2 201 1 2617 2629 2478
4451 2 2 201 1 261 2622 260
4452 2 2 201 1 1722 2624 1721
4453 2 2 201 1 1402 2716 996
4454 2 2 201 1 994 2716 1408
4455 2 2 201 1 1754 2655 1753
4456 2 2 201 1 2783 2943 2789
4457 2 2 201 1 2619 2630 1156
4458 2 2 201 1 2439 2717 1063
4459 2 2 201 1 1061 2717 1457
4460 2 2 201 1 2487 2719 2078
4461 2 2 201 1 243 2633 242
4462 2 2 201 1 221 2720 220
4463 2 2 201 1 1435 2721 1174
4464 2 2 201 1 1925 2659 1924
4465 2 2 201 1 2277 2722 2275
4466 2 2 201 1 1030 2625 1032
4467 2 2 201 1 89 2723 88
4468 2 2 201 1 876 2770 2755
4469 2 2 201 1 898 2724 2420
4470 2 2 201 1 916 2789 8
4471 2 2 201 1 2481 2726 455
4472 2 2 201 1 454 2726 774
4473 2 2 201 1 915 3025 1611
4474 2 2 201 1 395 2626 394
4475 2 2 201 1 1187 2708 1185
4476 2 2 201 1 2059 2628 2055
4477 2 2 201 1 2515 2627 1772
4478 2 2 201 1 1920 3033 2540
4479 2 2 201 1 1466 2705 2568
4480 2 2 201 1 2478 2629 1486
4481 2 2 201 1 236 2636 235
4482 2 2 201 1 1178 2728 1441
4483 2 2 201 1 2571 2706 2105
4484 2 2 201 1 2204 2770 876
4485 2 2 201 1 991 2729 989
4486 2 2 201 1 2576 2623 2023
4487 2 2 201 1 1156 2630 1158
4488 2 2 201 1 1703 2743 2610
4489 2 2 201 1 2410 2733 788
4490 2 2 201 1 2415 2734 2069
4491 2 2 201 1 1666 2953 746
4492 2 2 201 1 1217 2631 1215
4493 2 2 201 1 271 2738 800
4494 2 2 201 1 2469 2739 795
4495 2 2 201 1 2063 2740 877
4496 2 2 201 1 1806 2735 1427
4497 2 2 201 1 2278 2741 2279
4498 2 2 201 1 1183 2632 1410
4499 2 2 201 1 395 2639 2626
4500 2 2 201 1 2233 2742 2337
4501 2 2 201 1 2235 2742 2232
4502 2 2 201 1 2627 2640 1772
4503 2 2 201 1 203 2743 771
4504 2 2 201 1 1879 2752 2608
4505 2 2 201 1 2204 2776 2770
4506 2 2 201 1 793 2821 2383
4507 2 2 201 1 2692 2991 1767
4508 2 2 201 1 2552 2803 1580
4509 2 2 201 1 1427 2735 971
4510 2 2 201 1 193 2635 192
4511 2 2 201 1 832 2746 273
4512 2 2 201 1 935 2634 932
4513 2 2 201 1 1792 2979 1793
4514 2 2 201 1 1702 2747 2524
4515 2 2 201 1 226 2749 225
4516 2 2 201 1 859 2750 407
4517 2 2 201 1 406 2750 741
4518 2 2 201 1 787 2979 2622
4519 2 2 201 1 1441 2751 1180
4520 2 2 201 1 1182 2751 1469
4521 2 2 201 1 70 2752 792
4522 2 2 201 1 1475 2884 2348
4523 2 2 201 1 1618 2885 916
4524 2 2 201 1 2128 2637 2131
4525 2 2 201 1 1849 2748 1147
4526 2 2 201 1 739 3014 1870
4527 2 2 201 1 812 2638 2447
4528 2 2 201 1 1687 2754 1688
4529 2 2 201 1 1899 2754 1901
4530 2 2 201 1 2154 3000 2390
4531 2 2 201 1 1879 2755 1878
4532 2 2 201 1 772 2756 2144
4533 2 2 201 1 2145 2756 2151
4534 2 2 201 1 396 2639 395
4535 2 2 201 1 1772 2640 1773
4536 2 2 201 1 2355 2758 2457
4537 2 2 201 1 2606 3019 1884
4538 2 2 201 1 791 2776 2204
4539 2 2 201 1 2494 2641 1426
4540 2 2 201 1 1147 2748 953
4541 2 2 201 1 2179 3020 776
4542 2 2 201 1 1983 2759 1982
4543 2 2 201 1 2511 2759 2013
4544 2 2 201 1 1588 2843 2380
4545 2 2 201 1 2341 2760 2339
4546 2 2 201 1 2234 2760 2235
4547 2 2 201 1 229 2762 228
4548 2 2 201 1 2366 2642 2306
4549 2 2 201 1 439 2976 1823
4550 2 2 201 1 886 2766 275
4551 2 2 201 1 274 2766 832
4552 2 2 201 1 2380 2854 1588
4553 2 2 201 1 1569 2812 2391
4554 2 2 201 1 1857 2764 852
4555 2 2 201 1 2475 2761 2747
4556 2 2 201 1 408 2769 859
4557 2 2 201 1 984 2644 986
4558 2 2 201 1 2036 2645 2493
4559 2 2 201 1 1513 2771 2468
4560 2 2 201 1 791 2785 2776
4561 2 2 201 1 1186 2772 1476
4562 2 2 201 1 1469 2772 1184
4563 2 2 201 1 1956 2897 1472
4564 2 2 201 1 812 2650 2638
4565 2 2 201 1 1472 2886 1956
4566 2 2 201 1 2641 2652 1426
4567 2 2 201 1 1723 2646 1729
4568 2 2 201 1 1978 2767 798
4569 2 2 201 1 1611 3025 1606
4570 2 2 201 1 2476 2761 2475
4571 2 2 201 1 1744 2664 1742
4572 2 2 201 1 754 2777 410
4573 2 2 201 1 2284 2778 2434
4574 2 2 201 1 1900 2780 2472
4575 2 2 201 1 2096 2691 2657
4576 2 2 201 1 917 2931 1621
4577 2 2 201 1 2340 2782 2341
4578 2 2 201 1 847 2830 1619
4579 2 2 201 1 1034 2647 1036
4580 2 2 201 1 883 2648 77
4581 2 2 201 1 1089 2649 1087
4582 2 2 201 1 1817 2656 1820
4583 2 2 201 1 1250 2784 1252
4584 2 2 201 1 2308 2837 2582
4585 2 2 201 1 2595 2891 1789
4586 2 2 201 1 1727 2994 823
4587 2 2 201 1 1873 2785 1906
4588 2 2 201 1 823 3007 1727
4589 2 2 201 1 2241 2650 812
4590 2 2 201 1 2506 2787 1781
4591 2 2 201 1 1990 2651 2371
4592 2 2 201 1 1133 2788 1131
4593 2 2 201 1 817 2727 476
4594 2 2 201 1 1585 2775 1550
4595 2 2 201 1 2650 2663 2259
4596 2 2 201 1 1426 2652 2027
4597 2 2 201 1 2011 2790 2480
4598 2 2 201 1 475 2727 915
4599 2 2 201 1 173 2653 842
4600 2 2 201 1 1693 2791 1690
4601 2 2 201 1 1160 2654 1162
4602 2 2 201 1 137 2792 869
4603 2 2 201 1 767 2792 138
4604 2 2 201 1 76 2793 75
4605 2 2 201 1 1289 2655 1291
4606 2 2 201 1 876 2755 2608
4607 2 2 201 1 1902 2779 862
4608 2 2 201 1 987 2656 992
4609 2 2 201 1 1906 2795 1905
4610 2 2 201 1 2202 3032 2343
4611 2 2 201 1 2785 2793 1906
4612 2 2 201 1 2044 2796 2288
4613 2 2 201 1 2285 2797 2286
4614 2 2 201 1 2349 2900 2399
4615 2 2 201 1 2380 2895 2854
4616 2 2 201 1 2124 2799 279
4617 2 2 201 1 278 2799 801
4618 2 2 201 1 1127 2800 1125
4619 2 2 201 1 322 2657 321
4620 2 2 201 1 1471 2802 1045
4621 2 2 201 1 1043 2802 1480
4622 2 2 201 1 2432 2908 2665
4623 2 2 201 1 1692 2805 1691
4624 2 2 201 1 2530 3017 1834
4625 2 2 201 1 2652 2665 2027
4626 2 2 201 1 195 2658 194
4627 2 2 201 1 962 3004 2593
4628 2 2 201 1 1819 2765 1818
4629 2 2 201 1 1509 3001 2592
4630 2 2 201 1 2852 3006 919
4631 2 2 201 1 2201 2807 2200
4632 2 2 201 1 1783 2808 1780
4633 2 2 201 1 1701 2737 1703
4634 2 2 201 1 1902 2786 2779
4635 2 2 201 1 1181 2732 1179
4636 2 2 201 1 913 2659 1925
4637 2 2 201 1 2159 2811 2161
4638 2 2 201 1 2322 2811 2321
4639 2 2 201 1 1679 2899 1677
4640 2 2 201 1 997 2660 999
4641 2 2 201 1 2433 2812 1128
4642 2 2 201 1 1130 2812 1569
4643 2 2 201 1 2143 2661 2127
4644 2 2 201 1 1177 2662 1414
4645 2 2 201 1 2114 2831 2112
4646 2 2 201 1 2527 2813 1707
4647 2 2 201 1 1716 3018 867
4648 2 2 201 1 2259 2663 1492
4649 2 2 201 1 1480 2817 1041
4650 2 2 201 1 1039 2817 1465
4651 2 2 201 1 2565 3006 1610
4652 2 2 201 1 1399 2934 2113
4653 2 2 201 1 1782 2819 2507
4654 2 2 201 1 1198 2820 1495
4655 2 2 201 1 1487 2820 1196
4656 2 2 201 1 2294 2821 793
4657 2 2 201 1 2027 2665 2526
4658 2 2 201 1 769 2786 1902
4659 2 2 201 1 477 2757 817
4660 2 2 201 1 12 2853 1622
4661 2 2 201 1 168 2666 167
4662 2 2 201 1 2320 2825 2322
4663 2 2 201 1 2315 2825 2314
4664 2 2 201 1 2324 2667 2367
4665 2 2 201 1 1113 2826 1111
4666 2 2 201 1 1709 2827 1708
4667 2 2 201 1 2184 2828 2182
4668 2 2 201 1 2185 2828 2187
4669 2 2 201 1 363 2829 362
4670 2 2 201 1 2477 2831 772
4671 2 2 201 1 2112 2831 2111
4672 2 2 201 1 1483 2832 1310
4673 2 2 201 1 1308 2832 1488
4674 2 2 201 1 2814 2899 2240
4675 2 2 201 1 1465 2835 1037
4676 2 2 201 1 2631 2705 1466
4677 2 2 201 1 2582 2837 1574
4678 2 2 201 1 824 2668 212
4679 2 2 201 1 1495 2836 1200
4680 2 2 201 1 1202 2836 1499
4681 2 2 201 1 1757 2669 1769
4682 2 2 201 1 1747 2673 1745
4683 2 2 201 1 1730 2670 1776
4684 2 2 201 1 1892 2838 1893
4685 2 2 201 1 1975 2838 1974
4686 2 2 201 1 1877 2745 1879
4687 2 2 201 1 2100 2842 2498
4688 2 2 201 1 2381 2843 765
4689 2 2 201 1 2380 2843 2379
4690 2 2 201 1 2412 2844 1987
4691 2 2 201 1 1033 2846 1470
4692 2 2 201 1 1103 2847 1101
4693 2 2 201 1 2273 2713 2632
4694 2 2 201 1 361 2848 779
4695 2 2 201 1 2352 2849 2351
4696 2 2 201 1 2183 2849 2184
4697 2 2 201 1 2531 2677 2104
4698 2 2 201 1 799 2853 13
4699 2 2 201 1 918 2757 478
4700 2 2 201 1 211 2801 210
4701 2 2 201 1 1488 2850 1306
4702 2 2 201 1 1304 2850 1474
4703 2 2 201 1 2664 2687 1279
4704 2 2 201 1 2661 2677 1404
4705 2 2 201 1 2053 2671 2052
4706 2 2 201 1 2391 2984 2155
4707 2 2 201 1 1588 2854 1561
4708 2 2 201 1 2446 2854 1385
4709 2 2 201 1 2317 2855 2316
4710 2 2 201 1 2002 2855 2003
4711 2 2 201 1 804 2674 2197
4712 2 2 201 1 2186 2856 2300
4713 2 2 201 1 2243 2672 2242
4714 2 2 201 1 2622 2979 1792
4715 2 2 201 1 1698 2857 1696
4716 2 2 201 1 1499 2858 1204
4717 2 2 201 1 1206 2858 1507
4718 2 2 201 1 1073 2675 1071
4719 2 2 201 1 1973 2860 1975
4720 2 2 201 1 1970 2860 1971
4721 2 2 201 1 2537 2676 1646
4722 2 2 201 1 1535 2864 2491
4723 2 2 201 1 1470 2865 1031
4724 2 2 201 1 2170 2867 1093
4725 2 2 201 1 2350 2866 2352
4726 2 2 201 1 2347 2866 2345
4727 2 2 201 1 1091 2867 1425
4728 2 2 201 1 2608 2755 1879
4729 2 2 201 1 2171 2867 2170
4730 2 2 201 1 853 2965 2570
4731 2 2 201 1 1474 2870 1302
4732 2 2 201 1 1027 2873 1502
4733 2 2 201 1 1904 2891 2595
4734 2 2 201 1 2223 2874 2225
4735 2 2 201 1 1507 2875 1208
4736 2 2 201 1 1164 2678 1166
4737 2 2 201 1 1523 2944 2566
4738 2 2 201 1 969 2876 967
4739 2 2 201 1 1699 2877 1697
4740 2 2 201 1 1298 2879 1485
4741 2 2 201 1 1538 2881 2523
4742 2 2 201 1 2243 2683 2672
4743 2 2 201 1 2414 2679 2413
4744 2 2 201 1 1999 2882 2001
4745 2 2 201 1 1996 2882 1995
4746 2 2 201 1 1953 2897 1956
4747 2 2 201 1 1823 2976 1822
4748 2 2 201 1 2242 2672 2663
4749 2 2 201 1 1212 2884 1475
4750 2 2 201 1 1711 2887 2485
4751 2 2 201 1 1950 2897 1949
4752 2 2 201 1 883 2809 2795
4753 2 2 201 1 2621 2747 1702
4754 2 2 201 1 1965 2888 1964
4755 2 2 201 1 1967 2888 1969
4756 2 2 201 1 1405 3015 2151
4757 2 2 201 1 1484 2914 1951
4758 2 2 201 1 938 2886 1472
4759 2 2 201 1 1502 2890 1025
4760 2 2 201 1 1023 2890 1508
4761 2 2 201 1 1951 2925 1484
4762 2 2 201 1 2253 2892 2255
4763 2 2 201 1 948 2932 2556
4764 2 2 201 1 2593 3004 1932
4765 2 2 201 1 2263 2893 1981
4766 2 2 201 1 2592 3001 2229
4767 2 2 201 1 1961 2896 1958
4768 2 2 201 1 854 2911 2031
4769 2 2 201 1 2475 2747 2621
4770 2 2 201 1 197 2680 196
4771 2 2 201 1 2449 2900 2349
4772 2 2 201 1 1294 2901 2508
4773 2 2 201 1 1485 2901 1296
4774 2 2 201 1 2205 2809 883
4775 2 2 201 1 1685 2903 1683
4776 2 2 201 1 951 2902 949
4777 2 2 201 1 1994 2904 1996
4778 2 2 201 1 875 2681 2125
4779 2 2 201 1 1960 2907 2489
4780 2 2 201 1 266 2682 265
4781 2 2 201 1 2051 2818 744
4782 2 2 201 1 759 2911 151
4783 2 2 201 1 150 2911 854
4784 2 2 201 1 1580 3037 1563
4785 2 2 201 1 1657 2910 1641
4786 2 2 201 1 1472 2909 940
4787 2 2 201 1 2427 2683 2243
4788 2 2 201 1 291 2915 735
4789 2 2 201 1 944 2914 1484
4790 2 2 201 1 1946 2925 1951
4791 2 2 201 1 2031 2917 2029
4792 2 2 201 1 2264 2919 426
4793 2 2 201 1 425 2919 748
4794 2 2 201 1 1944 2925 1943
4795 2 2 201 1 1656 2918 1654
4796 2 2 201 1 2222 2921 2226
4797 2 2 201 1 970 3033 1515
4798 2 2 201 1 2540 3033 968
4799 2 2 201 1 479 2783 918
4800 2 2 201 1 1476 3032 2394
4801 2 2 201 1 2530 3031 1587
4802 2 2 201 1 2549 2886 936
4803 2 2 201 1 831 2926 293
4804 2 2 201 1 2043 3029 2045
4805 2 2 201 1 819 3028 164
4806 2 2 201 1 2073 2684 2238
4807 2 2 201 1 1597 2928 1558
4808 2 2 201 1 2148 2929 2150
4809 2 2 201 1 2205 2815 2809
4810 2 2 201 1 2556 2932 1944
4811 2 2 201 1 798 2685 185
4812 2 2 201 1 2566 2944 2422
4813 2 2 201 1 2364 2933 1828
4814 2 2 201 1 1831 2933 1833
4815 2 2 201 1 1405 2934 1109
4816 2 2 201 1 1107 2934 1399
4817 2 2 201 1 1942 2941 1944
4818 2 2 201 1 1248 2935 1250
4819 2 2 201 1 1484 2932 946
4820 2 2 201 1 1663 2937 1666
4821 2 2 201 1 2570 2965 1661
4822 2 2 201 1 474 2859 473
4823 2 2 201 1 2033 2944 2471
4824 2 2 201 1 294 2948 831
4825 2 2 201 1 887 2948 295
4826 2 2 201 1 776 3020 393
4827 2 2 201 1 1582 2803 1528
4828 2 2 201 1 162 3019 802
4829 2 2 201 1 2251 2952 2254
4830 2 2 201 1 867 3018 302
4831 2 2 201 1 301 3018 823
4832 2 2 201 1 428 2953 850
4833 2 2 201 1 746 2953 429
4834 2 2 201 1 1832 3017 1835
4835 2 2 201 1 1520 3017 2530
4836 2 2 201 1 2421 2955 2422
4837 2 2 201 1 2147 3015 2152
4838 2 2 201 1 305 3014 739
4839 2 2 201 1 1389 3013 1115
4840 2 2 201 1 2110 2960 2112
4841 2 2 201 1 1118 2962 1120
4842 2 2 201 1 1930 3010 1932
4843 2 2 201 1 2228 3008 2229
4844 2 2 201 1 1713 3007 1716
4845 2 2 201 1 1727 3007 1590
4846 2 2 201 1 875 2690 2681
4847 2 2 201 1 2160 3005 2163
4848 2 2 201 1 1478 3003 1116
4849 2 2 201 1 156 2964 777
4850 2 2 201 1 2007 3001 2392
4851 2 2 201 1 1530 3004 960
4852 2 2 201 1 2390 3000 1570
4853 2 2 201 1 1891 2998 2512
4854 2 2 201 1 823 2994 300
4855 2 2 201 1 1932 2993 1931
4856 2 2 201 1 440 2976 439
4857 2 2 201 1 760 2980 158
4858 2 2 201 1 830 2990 2124
4859 2 2 201 1 2236 2981 770
4860 2 2 201 1 2168 2983 2172
4861 2 2 201 1 2008 2988 2005
4862 2 2 201 1 2167 2983 2168
4863 2 2 201 1 758 2983 2230
4864 2 2 201 1 298 2987 805
4865 2 2 201 1 829 2984 2357
4866 2 2 201 1 2155 2984 2463
4867 2 2 201 1 266 2692 2682
4868 2 2 201 1 2178 2942 2844
4869 2 2 201 1 2328 2686 2325
4870 2 2 201 1 2427 2693 2683
4871 2 2 201 1 2741 2753 1414
4872 2 2 201 1 1281 2687 1450
4873 2 2 201 1 2371 2999 1444
4874 2 2 201 1 1642 2940 1640
4875 2 2 201 1 811 2815 2205
4876 2 2 201 1 1944 2941 2556
4877 2 2 201 1 844 2688 215
4878 2 2 201 1 2388 2689 2387
4879 2 2 201 1 2464 2690 875
4880 2 2 201 1 1414 2753 2462
4881 2 2 201 1 731 2908 2432
4882 2 2 201 1 2981 2999 2371
4883 2 2 201 1 267 2692 266
4884 2 2 201 1 2428 2693 2427
4885 2 2 201 1 811 2824 2815
4886 2 2 201 1 2422 2955 2566
4887 2 2 201 1 2279 2741 2662
4888 2 2 201 1 1069 2694 1067
4889 2 2 201 1 1992 2695 851
4890 2 2 201 1 2406 2696 2407
4891 2 2 201 1 2753 2763 2462
4892 2 2 201 1 2689 2698 2387
4893 2 2 201 1 2464 2699 2690
4894 2 2 201 1 1168 2697 1170
4895 2 2 201 1 2401 2824 811
4896 2 2 201 1 214 2822 213
4897 2 2 201 1 2632 2713 1410
4898 2 2 201 1 2462 2763 1521
4899 2 2 201 1 1718 2924 1409
4900 2 2 201 1 2387 2698 1496
4901 2 2 201 1 806 2699 2464
4902 2 2 201 1 777 2964 2583
4903 2 2 201 1 2401 2834 2824
4904 2 2 201 1 2273 2700 2271
4905 2 2 201 1 2697 2704 1170
4906 2 2 201 1 2374 2701 2373
4907 2 2 201 1 438 2957 751
4908 2 2 201 1 1506 2708 1187
4909 2 2 201 1 2763 2773 1521
4910 2 2 201 1 2068 2702 2072
4911 2 2 201 1 2698 2707 1496
4912 2 2 201 1 2 2945 234
4913 2 2 201 1 244 2946 3
4914 2 2 201 1 2764 2916 852
4915 2 2 201 1 2504 2703 1439
4916 2 2 201 1 2400 2834 2401
4917 2 2 201 1 2229 3008 2592
4918 2 2 201 1 1932 3010 2593
4919 2 2 201 1 755 2899 1679
4920 2 2 201 1 1170 2704 1172
4921 2 2 201 1 2648 2795 1906
4922 2 2 201 1 2091 2705 2089
4923 2 2 201 1 2520 2706 1497
4924 2 2 201 1 1521 2773 2372
4925 2 2 201 1 2068 2709 2702
4926 2 2 201 1 7 2943 1
4927 2 2 201 1 1496 2707 2516
4928 2 2 201 1 2400 2840 2834
4929 2 2 201 1 2703 2711 1439
4930 2 2 201 1 1751 2767 1752
4931 2 2 201 1 802 3019 2606
4932 2 2 201 1 2773 2781 2372
4933 2 2 201 1 2706 2714 1497
4934 2 2 201 1 2067 2709 2068
4935 2 2 201 1 1163 2710 1429
4936 2 2 201 1 828 2840 2400
4937 2 2 201 1 1717 2730 1719
4938 2 2 201 1 1867 2718 1869
4939 2 2 201 1 2089 2705 2631
4940 2 2 201 1 1439 2711 1725
4941 2 2 201 1 1410 2732 1181
4942 2 2 201 1 2334 2712 2332
4943 2 2 201 1 2372 2781 1525
4944 2 2 201 1 2275 2713 2272
4945 2 2 201 1 1704 2737 1701
4946 2 2 201 1 1497 2714 2499
4947 2 2 201 1 2668 2805 1692
4948 2 2 201 1 1976 2715 861
4949 2 2 201 1 996 2716 994
4950 2 2 201 1 1063 2717 1061
4951 2 2 201 1 2079 2745 1877
4952 2 2 201 1 775 2718 2574
4953 2 2 201 1 1976 2725 2715
4954 2 2 201 1 2551 2730 1717
4955 2 2 201 1 883 2795 2648
4956 2 2 201 1 1167 2794 1165
4957 2 2 201 1 800 2719 2487
4958 2 2 201 1 844 2841 2827
4959 2 2 201 1 795 2720 221
4960 2 2 201 1 2101 2841 844
4961 2 2 201 1 1677 2899 2814
4962 2 2 201 1 1174 2721 1176
4963 2 2 201 1 235 2945 2
4964 2 2 201 1 3 2946 243
4965 2 2 201 1 2279 2722 2277
4966 2 2 201 1 877 2723 89
4967 2 2 201 1 1593 2958 2956
4968 2 2 201 1 2465 2724 898
4969 2 2 201 1 771 2725 1976
4970 2 2 201 1 455 2726 454
4971 2 2 201 1 2101 2851 2841
4972 2 2 201 1 476 2727 475
4973 2 2 201 1 2651 2981 2371
4974 2 2 201 1 2721 2728 1176
4975 2 2 201 1 1610 2861 816
4976 2 2 201 1 770 2981 2651
4977 2 2 201 1 1 2943 480
4978 2 2 201 1 2465 2731 2724
4979 2 2 201 1 1744 2687 2664
4980 2 2 201 1 2574 2718 1867
4981 2 2 201 1 1767 2991 1765
4982 2 2 201 1 2050 2851 2101
4983 2 2 201 1 1978 2744 1754
4984 2 2 201 1 2688 2827 1709
4985 2 2 201 1 971 2735 969
4986 2 2 201 1 2173 2804 2175
4987 2 2 201 1 851 2814 2240
4988 2 2 201 1 1176 2728 1178
4989 2 2 201 1 1408 2729 991
4990 2 2 201 1 2818 2996 744
4991 2 2 201 1 2143 2677 2661
4992 2 2 201 1 1834 2971 2530
4993 2 2 201 1 739 2730 2551
4994 2 2 201 1 792 2731 2465
4995 2 2 201 1 2050 2862 2851
4996 2 2 201 1 2411 2733 2410
4997 2 2 201 1 2607 2764 1857
4998 2 2 201 1 741 2734 2415
4999 2 2 201 1 1809 2735 1806
5000 2 2 201 1 2286 2797 2710
5001 2 2 201 1 1979 2744 1978
5002 2 2 201 1 272 2738 271
5003 2 2 201 1 1621 2931 2775
5004 2 2 201 1 2180 2804 758
5005 2 2 201 1 2470 2739 2469
5006 2 2 201 1 1525 2794 1167
5007 2 2 201 1 1591 2869 1577
5008 2 2 201 1 2662 2741 1414
5009 2 2 201 1 730 2862 2050
5010 2 2 201 1 2064 2740 2063
5011 2 2 201 1 2374 2863 2842
5012 2 2 201 1 2375 2863 2374
5013 2 2 201 1 921 2868 1613
5014 2 2 201 1 1992 2798 2695
5015 2 2 201 1 2281 2741 2278
5016 2 2 201 1 272 2746 2738
5017 2 2 201 1 2701 2842 2100
5018 2 2 201 1 2232 2742 2233
5019 2 2 201 1 204 2743 203
5020 2 2 201 1 2375 2871 2863
5021 2 2 201 1 2562 2861 1615
5022 2 2 201 1 2797 2810 1429
5023 2 2 201 1 220 2878 219
5024 2 2 201 1 953 2748 951
5025 2 2 201 1 1593 2956 1596
5026 2 2 201 1 2488 2971 1834
5027 2 2 201 1 1868 3002 1423
5028 2 2 201 1 273 2746 272
5029 2 2 201 1 2281 2753 2741
5030 2 2 201 1 2175 2804 2180
5031 2 2 201 1 2417 2871 2375
5032 2 2 201 1 1429 2810 2458
5033 2 2 201 1 2524 2747 2529
5034 2 2 201 1 1852 2748 1849
5035 2 2 201 1 2971 3031 2530
5036 2 2 201 1 727 2749 226
5037 2 2 201 1 887 3024 1833
5038 2 2 201 1 407 2750 406
5039 2 2 201 1 88 2898 87
5040 2 2 201 1 1180 2751 1182
5041 2 2 201 1 71 2752 70
5042 2 2 201 1 2810 2816 2458
5043 2 2 201 1 2298 2753 2281
5044 2 2 201 1 824 2805 2668
5045 2 2 201 1 916 2885 2774
5046 2 2 201 1 2747 2761 2529
5047 2 2 201 1 1579 2861 1610
5048 2 2 201 1 2671 2818 2051
5049 2 2 201 1 478 2757 477
5050 2 2 201 1 1688 2754 1899
5051 2 2 201 1 2458 2816 1533
5052 2 2 201 1 1878 2755 2513
5053 2 2 201 1 2144 2756 2145
5054 2 2 201 1 2298 2763 2753
5055 2 2 201 1 2457 2758 1578
5056 2 2 201 1 2720 2877 1699
5057 2 2 201 1 2045 3029 2962
5058 2 2 201 1 2575 2744 1979
5059 2 2 201 1 1982 2759 2511
5060 2 2 201 1 2540 3016 1920
5061 2 2 201 1 2719 2903 1685
5062 2 2 201 1 2816 2823 1533
5063 2 2 201 1 2723 2896 1961
5064 2 2 201 1 2339 2760 2234
5065 2 2 201 1 2069 2894 2070
5066 2 2 201 1 2782 3032 1476
5067 2 2 201 1 2529 2761 1513
5068 2 2 201 1 728 2762 229
5069 2 2 201 1 2297 2763 2298
5070 2 2 201 1 2758 2768 1578
5071 2 2 201 1 1818 2765 1823
5072 2 2 201 1 2755 2770 2513
5073 2 2 201 1 1808 2764 1810
5074 2 2 201 1 1533 2823 2461
5075 2 2 201 1 2679 2924 1719
5076 2 2 201 1 2414 2924 2679
5077 2 2 201 1 275 2766 274
5078 2 2 201 1 2734 2893 2263
5079 2 2 201 1 2297 2773 2763
5080 2 2 201 1 2830 3037 1580
5081 2 2 201 1 2739 2887 1711
5082 2 2 201 1 1615 2861 1579
5083 2 2 201 1 1578 2768 1591
5084 2 2 201 1 2740 2907 1960
5085 2 2 201 1 2823 2833 2461
5086 2 2 201 1 409 2769 408
5087 2 2 201 1 2513 2770 1875
5088 2 2 201 1 2468 2771 1694
5089 2 2 201 1 1184 2772 1186
5090 2 2 201 1 2296 2773 2297
5091 2 2 201 1 1599 2774 1582
5092 2 2 201 1 1611 2859 915
5093 2 2 201 1 2461 2833 1536
5094 2 2 201 1 2749 2918 1656
5095 2 2 201 1 409 2777 2769
5096 2 2 201 1 2770 2776 1875
5097 2 2 201 1 862 2779 2476
5098 2 2 201 1 1810 2764 2607
5099 2 2 201 1 746 3030 1666
5100 2 2 201 1 2649 2806 1413
5101 2 2 201 1 2481 2996 1850
5102 2 2 201 1 2929 3013 1389
5103 2 2 201 1 2296 2781 2773
5104 2 2 201 1 779 2848 2768
5105 2 2 201 1 1592 2958 1593
5106 2 2 201 1 2163 3005 2790
5107 2 2 201 1 2833 2839 1536
5108 2 2 201 1 1550 2775 1583
5109 2 2 201 1 480 2783 479
5110 2 2 201 1 1875 2776 1874
5111 2 2 201 1 410 2777 409
5112 2 2 201 1 2286 2778 2284
5113 2 2 201 1 2796 3003 1478
5114 2 2 201 1 2472 2780 1468
5115 2 2 201 1 2434 2781 2296
5116 2 2 201 1 2343 2782 2340
5117 2 2 201 1 1536 2839 2355
5118 2 2 201 1 2229 3023 2227
5119 2 2 201 1 2762 2940 1642
5120 2 2 201 1 2776 2785 1874
5121 2 2 201 1 774 2880 2618
5122 2 2 201 1 2152 3015 2826
5123 2 2 201 1 2780 2787 1468
5124 2 2 201 1 2779 2786 1694
5125 2 2 201 1 2696 3002 1869
5126 2 2 201 1 2406 3002 2696
5127 2 2 201 1 2685 2767 1751
5128 2 2 201 1 1252 2784 1522
5129 2 2 201 1 2124 2990 2808
5130 2 2 201 1 2700 2708 1506
5131 2 2 201 1 2512 2998 2819
5132 2 2 201 1 1142 2920 1135
5133 2 2 201 1 1874 2785 1873
5134 2 2 201 1 1508 2968 2533
5135 2 2 201 1 1694 2786 1693
5136 2 2 201 1 225 2922 224
5137 2 2 201 1 1613 2859 1611
5138 2 2 201 1 1468 2787 2506
5139 2 2 201 1 1131 2788 1384
5140 2 2 201 1 2226 2921 2788
5141 2 2 201 1 865 2950 1624
5142 2 2 201 1 8 2789 7
5143 2 2 201 1 791 2793 2785
5144 2 2 201 1 1384 2951 1129
5145 2 2 201 1 2480 2790 1471
5146 2 2 201 1 2254 2952 2800
5147 2 2 201 1 210 2801 769
5148 2 2 201 1 844 2827 2688
5149 2 2 201 1 2273 2708 2700
5150 2 2 201 1 1690 2791 1692
5151 2 2 201 1 2065 2923 2064
5152 2 2 201 1 2300 2856 2807
5153 2 2 201 1 138 2792 137
5154 2 2 201 1 75 2793 791
5155 2 2 201 1 1678 2972 1676
5156 2 2 201 1 2064 2923 2907
5157 2 2 201 1 852 2916 1824
5158 2 2 201 1 2065 2930 2923
5159 2 2 201 1 1905 2795 1786
5160 2 2 201 1 2045 2796 2044
5161 2 2 201 1 2404 2797 2285
5162 2 2 201 1 1589 3037 1622
5163 2 2 201 1 751 2957 2765
5164 2 2 201 1 751 2798 1992
5165 2 2 201 1 279 2799 278
5166 2 2 201 1 2048 2930 2065
5167 2 2 201 1 1125 2800 1394
5168 2 2 201 1 1045 2802 1043
5169 2 2 201 1 213 2822 824
5170 2 2 201 1 2176 2806 2174
5171 2 2 201 1 1528 2803 2552
5172 2 2 201 1 2795 2809 1786
5173 2 2 201 1 2048 2939 2930
5174 2 2 201 1 2404 2810 2797
5175 2 2 201 1 2172 2804 2173
5176 2 2 201 1 1691 2805 2527
5177 2 2 201 1 228 2947 227
5178 2 2 201 1 4 3034 471
5179 2 2 201 1 2047 2939 2048
5180 2 2 201 1 2200 2807 1487
5181 2 2 201 1 1780 2808 1782
5182 2 2 201 1 2547 2938 1594
5183 2 2 201 1 1786 2809 1785
5184 2 2 201 1 2422 2975 893
5185 2 2 201 1 2409 2810 2404
5186 2 2 201 1 2321 2811 2159
5187 2 2 201 1 2047 2954 2939
5188 2 2 201 1 2806 2844 1413
5189 2 2 201 1 1128 2812 1130
5190 2 2 201 1 2722 2732 1410
5191 2 2 201 1 2809 2815 1785
5192 2 2 201 1 1707 2813 1709
5193 2 2 201 1 2409 2816 2810
5194 2 2 201 1 1385 2895 2425
5195 2 2 201 1 2405 2954 2047
5196 2 2 201 1 1577 2869 1588
5197 2 2 201 1 1677 2814 1678
5198 2 2 201 1 1622 2830 847
5199 2 2 201 1 2405 2963 2954
5200 2 2 201 1 2895 2906 2425
5201 2 2 201 1 1785 2815 1787
5202 2 2 201 1 2408 2816 2409
5203 2 2 201 1 2725 2737 1704
5204 2 2 201 1 1041 2817 1039
5205 2 2 201 1 219 2878 730
5206 2 2 201 1 1851 2818 1853
5207 2 2 201 1 2374 2842 2701
5208 2 2 201 1 1808 2916 2764
5209 2 2 201 1 2507 2819 1483
5210 2 2 201 1 1196 2820 1198
5211 2 2 201 1 2269 2963 2405
5212 2 2 201 1 2425 2906 1142
5213 2 2 201 1 2408 2823 2816
5214 2 2 201 1 2815 2824 1787
5215 2 2 201 1 2262 2821 2294
5216 2 2 201 1 1869 3002 1868
5217 2 2 201 1 2269 2970 2963
5218 2 2 201 1 1823 2957 439
5219 2 2 201 1 2292 2823 2408
5220 2 2 201 1 1787 2824 2497
5221 2 2 201 1 2314 2825 2320
5222 2 2 201 1 1111 2826 1405
5223 2 2 201 1 1708 2827 1761
5224 2 2 201 1 2267 2970 2269
5225 2 2 201 1 2182 2828 2185
5226 2 2 201 1 765 2829 363
5227 2 2 201 1 1901 2997 1900
5228 2 2 201 1 2292 2833 2823
5229 2 2 201 1 2731 2745 2079
5230 2 2 201 1 2824 2834 2497
5231 2 2 201 1 2931 2949 1583
5232 2 2 201 1 1955 2905 799
5233 2 2 201 1 1135 2920 1133
5234 2 2 201 1 744 2996 2481
5235 2 2 201 1 2267 2982 2970
5236 2 2 201 1 224 2922 864
5237 2 2 201 1 234 2945 920
5238 2 2 201 1 2111 2831 2477
5239 2 2 201 1 1310 2832 1308
5240 2 2 201 1 749 2936 1811
5241 2 2 201 1 1620 2946 244
5242 2 2 201 1 2293 2833 2292
5243 2 2 201 1 2497 2834 2099
5244 2 2 201 1 2203 2845 2201
5245 2 2 201 1 1956 2913 1955
5246 2 2 201 1 1853 2818 2671
5247 2 2 201 1 87 2898 794
5248 2 2 201 1 2827 2841 1761
5249 2 2 201 1 227 2947 727
5250 2 2 201 1 2266 2982 2267
5251 2 2 201 1 1037 2835 1035
5252 2 2 201 1 1719 2924 1718
5253 2 2 201 1 2293 2839 2833
5254 2 2 201 1 1200 2836 1202
5255 2 2 201 1 2834 2840 2099
5256 2 2 201 1 2266 2989 2982
5257 2 2 201 1 2710 2797 1429
5258 2 2 201 1 801 2912 2510
5259 2 2 201 1 2309 2837 2308
5260 2 2 201 1 2835 2846 1035
5261 2 2 201 1 1974 2838 1892
5262 2 2 201 1 2279 2732 2722
5263 2 2 201 1 1955 2913 2905
5264 2 2 201 1 2363 2839 2293
5265 2 2 201 1 2099 2840 2100
5266 2 2 201 1 2456 2989 2266
5267 2 2 201 1 1761 2841 1760
5268 2 2 201 1 2348 3036 1475
5269 2 2 201 1 2174 2806 2649
5270 2 2 201 1 2498 2842 1532
5271 2 2 201 1 2379 2843 2381
5272 2 2 201 1 1413 2844 2412
5273 2 2 201 1 2300 2845 767
5274 2 2 201 1 1035 2846 1033
5275 2 2 201 1 1101 2847 1412
5276 2 2 201 1 1644 3026 2164
5277 2 2 201 1 2164 3038 1644
5278 2 2 201 1 771 2737 2725
5279 2 2 201 1 2456 2995 2989
5280 2 2 201 1 2949 2961 1598
5281 2 2 201 1 362 2848 361
5282 2 2 201 1 2351 2849 2183
5283 2 2 201 1 2841 2851 1760
5284 2 2 201 1 2012 3011 2011
5285 2 2 201 1 1824 2936 749
5286 2 2 201 1 2290 2995 2456
5287 2 2 201 1 1833 3024 1832
5288 2 2 201 1 1306 2850 1304
5289 2 2 201 1 1760 2851 2517
5290 2 2 201 1 2842 2863 1532
5291 2 2 201 1 13 2853 12
5292 2 2 201 1 1561 2854 2446
5293 2 2 201 1 2290 3009 2995
5294 2 2 201 1 1666 3030 1665
5295 2 2 201 1 2003 2855 2317
5296 2 2 201 1 798 2767 2685
5297 2 2 201 1 2187 2856 2186
5298 2 2 201 1 1696 2857 1699
5299 2 2 201 1 1129 2951 1127
5300 2 2 201 1 2851 2862 2517
5301 2 2 201 1 1204 2858 1206
5302 2 2 201 1 2288 3009 2290
5303 2 2 201 1 1971 2860 1973
5304 2 2 201 1 893 2975 2389
5305 2 2 201 1 2517 2862 1698
5306 2 2 201 1 1532 2863 2490
5307 2 2 201 1 1678 2814 2695
5308 2 2 201 1 2695 2814 851
5309 2 2 201 1 1596 2883 1595
5310 2 2 201 1 2491 2864 1959
5311 2 2 201 1 1031 2865 1029
5312 2 2 201 1 2863 2871 2490
5313 2 2 201 1 2345 2866 2350
5314 2 2 201 1 1093 2867 1091
5315 2 2 201 1 2864 2872 1959
5316 2 2 201 1 792 2745 2731
5317 2 2 201 1 2865 2873 1029
5318 2 2 201 1 2727 3025 915
5319 2 2 201 1 1302 2870 1300
5320 2 2 201 1 2490 2871 1535
5321 2 2 201 1 920 2956 1616
5322 2 2 201 1 1959 2872 1961
5323 2 2 201 1 2240 2899 755
5324 2 2 201 1 1029 2873 1027
5325 2 2 201 1 914 2883 2561
5326 2 2 201 1 2870 2879 1300
5327 2 2 201 1 2952 2969 1394
5328 2 2 201 1 915 2859 474
5329 2 2 201 1 2226 2874 2223
5330 2 2 201 1 1208 2875 1210
5331 2 2 201 1 1394 2969 2418
5332 2 2 201 1 1584 2973 1597
5333 2 2 201 1 2533 2968 1584
5334 2 2 201 1 1619 2885 1618
5335 2 2 201 1 1851 2996 2818
5336 2 2 201 1 967 2876 1006
5337 2 2 201 1 1697 2877 1711
5338 2 2 201 1 1300 2879 1298
5339 2 2 201 1 2508 2966 1827
5340 2 2 201 1 2969 2978 2418
5341 2 2 201 1 2875 2884 1210
5342 2 2 201 1 2523 2881 1655
5343 2 2 201 1 2561 2883 1596
5344 2 2 201 1 1995 2882 1999
5345 2 2 201 1 795 2877 2720
5346 2 2 201 1 2966 2974 1827
5347 2 2 201 1 2418 2978 1397
5348 2 2 201 1 846 2949 1617
5349 2 2 201 1 2881 2889 1655
5350 2 2 201 1 1210 2884 1212
5351 2 2 201 1 800 2903 2719
5352 2 2 201 1 1827 2974 1829
5353 2 2 201 1 936 2886 938
5354 2 2 201 1 2978 2985 1397
5355 2 2 201 1 2485 2887 1538
5356 2 2 201 1 2778 2794 1525
5357 2 2 201 1 1964 2888 1967
5358 2 2 201 1 1655 2889 1656
5359 2 2 201 1 1583 2949 1598
5360 2 2 201 1 877 2896 2723
5361 2 2 201 1 1025 2890 1023
5362 2 2 201 1 1397 2985 2430
5363 2 2 201 1 2956 2958 1616
5364 2 2 201 1 846 2961 2949
5365 2 2 201 1 1789 2891 1791
5366 2 2 201 1 2254 2892 2253
5367 2 2 201 1 1981 2893 1983
5368 2 2 201 1 1457 2894 2263
5369 2 2 201 1 3016 3022 1927
5370 2 2 201 1 1949 2897 1953
5371 2 2 201 1 816 2861 2562
5372 2 2 201 1 2378 2895 2380
5373 2 2 201 1 1958 2896 1960
5374 2 2 201 1 2399 3036 2349
5375 2 2 201 1 2985 2992 2430
5376 2 2 201 1 2968 2973 1584
5377 2 2 201 1 854 2900 2449
5378 2 2 201 1 1296 2901 1294
5379 2 2 201 1 1617 2949 2931
5380 2 2 201 1 2378 2906 2895
5381 2 2 201 1 2430 2992 1389
5382 2 2 201 1 949 2902 1386
5383 2 2 201 1 1683 2903 1686
5384 2 2 201 1 1997 2904 1994
5385 2 2 201 1 2225 2906 2378
5386 2 2 201 1 2489 2907 1540
5387 2 2 201 1 1764 2908 1766
5388 2 2 201 1 1617 2931 917
5389 2 2 201 1 940 2909 942
5390 2 2 201 1 2716 2972 1408
5391 2 2 201 1 1641 2910 1642
5392 2 2 201 1 1651 3038 857
5393 2 2 201 1 1589 2905 1581
5394 2 2 201 1 151 2911 150
5395 2 2 201 1 2909 2914 942
5396 2 2 201 1 1781 2912 1783
5397 2 2 201 1 1920 3016 2614
5398 2 2 201 1 2907 2923 1540
5399 2 2 201 1 2905 2913 1581
5400 2 2 201 1 1644 3038 1651
5401 2 2 201 1 942 2914 944
5402 2 2 201 1 1616 2958 865
5403 2 2 201 1 1807 2916 1808
5404 2 2 201 1 292 2915 291
5405 2 2 201 1 1598 2961 1630
5406 2 2 201 1 2029 2917 2032
5407 2 2 201 1 1654 2918 1657
5408 2 2 201 1 426 2919 425
5409 2 2 201 1 1623 2961 846
5410 2 2 201 1 1624 2938 728
5411 2 2 201 1 292 2926 2915
5412 2 2 201 1 1610 3006 1585
5413 2 2 201 1 1581 2913 2549
5414 2 2 201 1 2255 2921 2222
5415 2 2 201 1 1540 2923 2483
5416 2 2 201 1 2917 2927 2032
5417 2 2 201 1 1409 2924 2414
5418 2 2 201 1 1943 2925 1946
5419 2 2 201 1 2829 2869 1591
5420 2 2 201 1 293 2926 292
5421 2 2 201 1 741 2893 2734
5422 2 2 201 1 2923 2930 2483
5423 2 2 201 1 2179 2942 2178
5424 2 2 201 1 2032 2927 2033
5425 2 2 201 1 2961 3012 1630
5426 2 2 201 1 1558 2928 1586
5427 2 2 201 1 2152 2929 2148
5428 2 2 201 1 2483 2930 1544
5429 2 2 201 1 2928 2937 1586
5430 2 2 201 1 2470 2887 2739
5431 2 2 201 1 946 2932 948
5432 2 2 201 1 1828 2933 1831
5433 2 2 201 1 2930 2939 1544
5434 2 2 201 1 1987 2942 2616
5435 2 2 201 1 1109 2934 1107
5436 2 2 201 1 1537 2935 1248
5437 2 2 201 1 439 2957 438
5438 2 2 201 1 1586 2937 1663
5439 2 2 201 1 1544 2939 2435
5440 2 2 201 1 1606 3025 1607
5441 2 2 201 1 2227 3023 760
5442 2 2 201 1 1940 2941 1942
5443 2 2 201 1 2471 2944 1523
5444 2 2 201 1 1623 3012 2961
5445 2 2 201 1 2939 2954 2435
5446 2 2 201 1 295 2948 294
5447 2 2 201 1 2064 2907 2740
5448 2 2 201 1 1940 2959 2941
5449 2 2 201 1 2248 2952 2251
5450 2 2 201 1 429 2953 428
5451 2 2 201 1 2435 2954 1546
5452 2 2 201 1 777 2955 2421
5453 2 2 201 1 2736 2972 1678
5454 2 2 201 1 1938 2959 1940
5455 2 2 201 1 1640 2940 2547
5456 2 2 201 1 2115 2960 2110
5457 2 2 201 1 2954 2963 1546
5458 2 2 201 1 1820 3027 1821
5459 2 2 201 1 3012 3021 1628
5460 2 2 201 1 2248 2969 2952
5461 2 2 201 1 1120 2962 1555
5462 2 2 201 1 1630 3012 1628
5463 2 2 201 1 1938 2967 2959
5464 2 2 201 1 2476 2779 2771
5465 2 2 201 1 1546 2963 2393
5466 2 2 201 1 157 2964 156
5467 2 2 201 1 2525 2965 853
5468 2 2 201 1 1963 2966 1965
5469 2 2 201 1 1937 2967 1938
5470 2 2 201 1 2963 2970 2393
5471 2 2 201 1 2247 2969 2248
5472 2 2 201 1 1963 2974 2966
5473 2 2 201 1 3021 3026 1629
5474 2 2 201 1 1937 2977 2967
5475 2 2 201 1 157 2980 2964
5476 2 2 201 1 2393 2970 1548
5477 2 2 201 1 2247 2978 2969
5478 2 2 201 1 1594 2950 1592
5479 2 2 201 1 805 2971 2488
5480 2 2 201 1 748 2973 1997
5481 2 2 201 1 735 2974 1963
5482 2 2 201 1 2970 2982 1548
5483 2 2 201 1 750 2976 440
5484 2 2 201 1 1935 2977 1937
5485 2 2 201 1 2249 2978 2247
5486 2 2 201 1 2771 2779 1694
5487 2 2 201 1 1895 2979 787
5488 2 2 201 1 158 2980 157
5489 2 2 201 1 2237 2981 2236
5490 2 2 201 1 1548 2982 2424
5491 2 2 201 1 1935 2986 2977
5492 2 2 201 1 2249 2985 2978
5493 2 2 201 1 2230 2983 2167
5494 2 2 201 1 2463 2984 829
5495 2 2 201 1 2982 2989 2424
5496 2 2 201 1 2453 2985 2249
5497 2 2 201 1 1934 2986 1935
5498 2 2 201 1 837 3021 1631
5499 2 2 201 1 299 2987 298
5500 2 2 201 1 1631 3012 1623
5501 2 2 201 1 2005 2988 2007
5502 2 2 201 1 2424 2989 1552
5503 2 2 201 1 2453 2992 2985
5504 2 2 201 1 2237 2999 2981
5505 2 2 201 1 1934 2993 2986
5506 2 2 201 1 2512 2990 830
5507 2 2 201 1 2077 2991 834
5508 2 2 201 1 299 2994 2987
5509 2 2 201 1 1631 3021 3012
5510 2 2 201 1 1537 3035 2935
5511 2 2 201 1 2989 2995 1552
5512 2 2 201 1 2150 2992 2453
5513 2 2 201 1 1628 3021 1629
5514 2 2 201 1 1931 2993 1934
5515 2 2 201 1 2618 2880 1845
5516 2 2 201 1 837 3026 3021
5517 2 2 201 1 300 2994 299
5518 2 2 201 1 1850 2996 1851
5519 2 2 201 1 1552 2995 2429
5520 2 2 201 1 2521 2997 886
5521 2 2 201 1 1893 2998 1891
5522 2 2 201 1 857 3038 2164
5523 2 2 201 1 2239 2999 2237
5524 2 2 201 1 2995 3009 2429
5525 2 2 201 1 1570 3000 2383
5526 2 2 201 1 2392 3001 1509
5527 2 2 201 1 1423 3002 2406
5528 2 2 201 1 2614 3016 1927
5529 2 2 201 1 1116 3003 1118
5530 2 2 201 1 960 3004 962
5531 2 2 201 1 2161 3005 2160
5532 2 2 201 1 1629 3026 1644
5533 2 2 201 1 1590 3007 1713
5534 2 2 201 1 802 3008 2228
5535 2 2 201 1 1928 3010 1930
5536 2 2 201 1 2429 3009 1478
5537 2 2 201 1 2163 3011 754
5538 2 2 201 1 1408 3027 2729
5539 2 2 201 1 2349 3036 2348
5540 2 2 201 1 1115 3013 1113
5541 2 2 201 1 306 3014 305
5542 2 2 201 1 2151 3015 2147
5543 2 2 201 1 1928 3022 3010
5544 2 2 201 1 1835 3017 1520
5545 2 2 201 1 302 3018 301
5546 2 2 201 1 163 3019 162
5547 2 2 201 1 2736 3027 1408
5548 2 2 201 1 393 3020 392
5549 2 2 201 1 1997 2973 2968
5550 2 2 201 1 1927 3022 1928
5551 2 2 201 1 163 3028 3019
5552 2 2 201 1 727 2918 2749
5553 2 2 201 1 2164 3026 837
5554 2 2 201 1 1563 3037 1589
5555 2 2 201 1 164 3028 163
5556 2 2 201 1 2423 3029 2043
5557 2 2 201 1 1587 3031 1602
5558 2 2 201 1 2394 3032 2202
5559 2 2 201 1 968 3033 970
5560 2 2 201 1 1475 3036 2399
5561 2 2 201 1 2633 2946 1620
5562 2 2 201 1 920 2945 2636
5563 2 2 201 1 2286 2794 2778
5564 2 2 201 1 472 3034 4
5565 2 2 201 1 769 2801 2791
5566 2 2 201 1 2768 2848 1591
5567 2 2 201 1 728 2940 2762
5568 2 2 201 1 2791 2801 1692
5569 2 2 201 1 2774 2885 1582
5570 2 2 201 1 2874 2920 1142
5571 2 2 201 1 824 2822 2813
5572 2 2 201 1 2904 2968 1508
5573 2 2 201 1 243 2946 2633
5574 2 2 201 1 1607 3025 2727
5575 2 2 201 1 2636 2945 235
5576 2 2 201 1 2892 2951 1384
5577 2 2 201 1 2813 2822 1709
5578 2 2 201 1 2788 2921 1384
5579 2 2 201 1 2775 2931 1583
5580 2 2 201 1 2343 3032 2782
5581 2 2 201 1 730 2878 2857
5582 2 2 201 1 2807 2856 1487
5583 2 2 201 1 2790 3005 1471
5584 2 2 201 1 2800 2952 1394
5585 2 2 201 1 2045 3003 2796
5586 2 2 201 1 794 2898 2872
5587 2 2 201 1 864 2922 2889
5588 2 2 201 1 1408 2972 2736
5589 2 2 201 1 2789 2943 7
5590 2 2 201 1 727 2947 2910
5591 2 2 201 1 765 2869 2829
5592 2 2 201 1 2808 2990 1782
5593 2 2 201 1 1676 2972 2716
5594 2 2 201 1 1821 3027 2736
5595 2 2 201 1 2857 2878 1699
5596 2 2 201 1 480 2943 2783
5597 2 2 201 1 2765 2957 1823
5598 2 2 201 1 2819 2998 1483
5599 2 2 201 1 2389 2975 2927
5600 2 2 201 1 2938 2950 1594
5601 2 2 201 1 1624 2950 2938
5602 2 2 201 1 2826 3015 1405
5603 2 2 201 1 2872 2898 1961
5604 2 2 201 1 2729 3027 1820
5605 2 2 201 1 1622 3037 2830
5606 2 2 201 1 2226 2920 2874
5607 2 2 201 1 805 3031 2971
5608 2 2 201 1 2889 2922 1656
5609 2 2 201 1 2962 3029 1555
5610 2 2 201 1 1585 3006 2852
5611 2 2 201 1 2152 3013 2929
5612 2 2 201 1 2254 2951 2892
5613 2 2 201 1 2910 2947 1642
5614 2 2 201 1 1997 2968 2904
5615 2 2 201 1 760 3023 2988
5616 2 2 201 1 2927 2975 2033
5617 2 2 201 1 2868 3034 472
5618 2 2 201 1 2988 3023 2007
5619 2 2 201 2 4476 4477 3726
5620 2 2 201 2 3723 4460 4459
5621 2 2 201 2 4475 4476 3726
5622 2 2 201 2 4064 4847 4062
5623 2 2 201 2 4459 4465 3723
5624 2 2 201 2 4033 4036 3048
5625 2 2 201 2 3110 3964 3962
5626 2 2 201 2 3851 4847 4064
5627 2 2 201 2 3144 4448 3946
5628 2 2 201 2 3946 4448 3948
5629 2 2 201 2 313 4118 314
5630 2 2 201 2 3295 4403 3293
5631 2 2 201 2 4548 4686 3783
5632 2 2 201 2 3168 4022 4020
5633 2 2 201 2 4549 4686 4548
5634 2 2 201 2 635 4472 634
5635 2 2 201 2 3776 4927 4005
5636 2 2 201 2 3069 4117 4116
5637 2 2 201 2 4064 4103 3851
5638 2 2 201 2 4690 4724 3794
5639 2 2 201 2 4005 4927 4004
5640 2 2 201 2 3143 4381 4380
5641 2 2 201 2 4448 4886 3948
5642 2 2 201 2 4689 4724 4690
5643 2 2 201 2 3948 4886 3950
5644 2 2 201 2 4171 4172 3104
5645 2 2 201 2 4415 5189 4418
5646 2 2 201 2 4400 4402 3306
5647 2 2 201 2 4380 5049 3143
5648 2 2 201 2 4420 4422 3874
5649 2 2 201 2 4568 4695 3753
5650 2 2 201 2 3291 4404 3289
5651 2 2 201 2 4214 4595 4215
5652 2 2 201 2 4103 4104 3851
5653 2 2 201 2 3874 4424 4420
5654 2 2 201 2 4466 4468 3733
5655 2 2 201 2 4172 4174 3104
5656 2 2 201 2 3267 4160 3265
5657 2 2 201 2 556 4596 555
5658 2 2 201 2 4215 4595 3096
5659 2 2 201 2 4104 5019 4988
5660 2 2 201 2 3962 3963 3110
5661 2 2 201 2 3829 4125 3555
5662 2 2 201 2 4446 4462 4461
5663 2 2 201 2 4775 4950 4936
5664 2 2 201 2 4936 4950 3980
5665 2 2 201 2 3100 4945 4931
5666 2 2 201 2 4931 4945 4387
5667 2 2 201 2 3096 4217 4215
5668 2 2 201 2 3770 4006 4004
5669 2 2 201 2 4123 4125 3829
5670 2 2 201 2 4020 4021 3168
5671 2 2 201 2 3293 4403 3306
5672 2 2 201 2 3555 4125 3557
5673 2 2 201 2 4423 4522 3875
5674 2 2 201 2 4418 5189 4676
5675 2 2 201 2 4901 4910 4059
5676 2 2 201 2 4059 4910 4060
5677 2 2 201 2 3748 4997 4240
5678 2 2 201 2 4240 5006 3748
5679 2 2 201 2 4901 5190 3145
5680 2 2 201 2 3729 4465 4463
5681 2 2 201 2 3082 4970 4701
5682 2 2 201 2 3875 4523 4423
5683 2 2 201 2 3306 4403 4400
5684 2 2 201 2 3720 4453 4452
5685 2 2 201 2 4567 4695 4568
5686 2 2 201 2 4452 4867 3720
5687 2 2 201 2 4485 4987 4978
5688 2 2 201 2 4978 4987 3742
5689 2 2 201 2 4988 5019 4037
5690 2 2 201 2 4116 4120 3069
5691 2 2 201 2 4461 4464 4446
5692 2 2 201 2 4463 4465 4459
5693 2 2 201 2 4421 4424 3872
5694 2 2 201 2 4145 4803 3860
5695 2 2 201 2 692 4174 691
5696 2 2 201 2 4472 4473 4471
5697 2 2 201 2 4518 4519 3876
5698 2 2 201 2 4480 4946 4475
5699 2 2 201 2 4422 4523 3874
5700 2 2 201 2 5116 5204 3736
5701 2 2 201 2 4031 4032 3857
5702 2 2 201 2 3876 4521 4518
5703 2 2 201 2 3173 4472 4471
5704 2 2 201 2 4920 5130 3178
5705 2 2 201 2 4225 4227 3584
5706 2 2 201 2 4917 5040 4949
5707 2 2 201 2 4034 4965 4030
5708 2 2 201 2 4519 4745 3876
5709 2 2 201 2 4060 4910 3136
5710 2 2 201 2 3875 4522 4521
5711 2 2 201 2 3136 4921 4060
5712 2 2 201 2 4157 4160 3267
5713 2 2 201 2 3857 4032 3294
5714 2 2 201 2 3096 4218 4217
5715 2 2 201 2 3857 4033 4031
5716 2 2 201 2 5068 5079 3788
5717 2 2 201 2 4690 5079 5068
5718 2 2 201 2 4520 4745 4519
5719 2 2 201 2 4036 5224 3048
5720 2 2 201 2 3173 4471 4470
5721 2 2 201 2 4059 5190 4901
5722 2 2 201 2 5046 5056 3779
5723 2 2 201 2 4492 5056 5046
5724 2 2 201 2 3082 4701 4700
5725 2 2 201 2 4404 5116 3736
5726 2 2 201 2 3184 4120 4119
5727 2 2 201 2 3294 4032 3296
5728 2 2 201 2 4700 4702 3082
5729 2 2 201 2 4227 4228 3584
5730 2 2 201 2 4420 4424 4421
5731 2 2 201 2 4944 4959 3732
5732 2 2 201 2 4264 5024 3095
5733 2 2 201 2 3095 5030 4264
5734 2 2 201 2 4708 4959 4944
5735 2 2 201 2 4423 4523 4422
5736 2 2 201 2 4024 5049 4380
5737 2 2 201 2 4521 4522 4518
5738 2 2 201 2 3877 4745 4520
5739 2 2 201 2 4473 4946 4471
5740 2 2 201 2 4520 4858 3877
5741 2 2 201 2 4858 4880 3877
5742 2 2 201 2 314 4118 3069
5743 2 2 201 2 4701 4970 4145
5744 2 2 201 2 303 4140 304
5745 2 2 201 2 4969 5194 3140
5746 2 2 201 2 3720 4865 4453
5747 2 2 201 2 4725 5096 4627
5748 2 2 201 2 4627 5103 4725
5749 2 2 201 2 4516 4880 4858
5750 2 2 201 2 4904 4913 3879
5751 2 2 201 2 4711 4913 4904
5752 2 2 201 2 4390 4920 3100
5753 2 2 201 2 4041 4043 3838
5754 2 2 201 2 3100 4931 4390
5755 2 2 201 2 4869 5074 3888
5756 2 2 201 2 3104 4875 4171
5757 2 2 201 2 634 4472 3173
5758 2 2 201 2 3111 4472 635
5759 2 2 201 2 3733 5147 4466
5760 2 2 201 2 4775 4936 4831
5761 2 2 201 2 315 4120 316
5762 2 2 201 2 4390 5130 4920
5763 2 2 201 2 3838 4043 3300
5764 2 2 201 2 313 4122 4118
5765 2 2 201 2 4117 4939 4136
5766 2 2 201 2 4119 4121 3184
5767 2 2 201 2 4702 4971 4919
5768 2 2 201 2 3135 5127 5064
5769 2 2 201 2 4865 5293 4453
5770 2 2 201 2 4034 4041 3838
5771 2 2 201 2 4201 5042 4508
5772 2 2 201 2 3792 5137 4930
5773 2 2 201 2 4508 5051 4201
5774 2 2 201 2 3899 5077 3223
5775 2 2 201 2 3550 4948 3548
5776 2 2 201 2 3223 5098 3899
5777 2 2 201 2 4831 5284 4775
5778 2 2 201 2 3784 5067 4542
5779 2 2 201 2 3878 4893 3879
5780 2 2 201 2 4542 5078 3784
5781 2 2 201 2 3878 4880 4516
5782 2 2 201 2 4045 4975 4042
5783 2 2 201 2 4893 4904 3879
5784 2 2 201 2 4516 4893 3878
5785 2 2 201 2 3275 4933 3273
5786 2 2 201 2 3838 4965 4034
5787 2 2 201 2 3829 4939 4123
5788 2 2 201 2 4050 4051 3198
5789 2 2 201 2 3905 5311 4956
5790 2 2 201 2 3747 4167 4154
5791 2 2 201 2 3982 5194 4969
5792 2 2 201 2 3289 4404 3736
5793 2 2 201 2 3306 4404 3291
5794 2 2 201 2 4914 5117 5063
5795 2 2 201 2 4139 4968 4207
5796 2 2 201 2 3300 4043 3302
5797 2 2 201 2 3888 5044 4869
5798 2 2 201 2 4214 4596 4595
5799 2 2 201 2 555 4596 3192
5800 2 2 201 2 4595 4596 556
5801 2 2 201 2 4479 5238 3178
5802 2 2 201 2 4889 4916 4560
5803 2 2 201 2 5064 5127 4462
5804 2 2 201 2 3265 4160 3692
5805 2 2 201 2 3756 4695 4567
5806 2 2 201 2 4383 5354 4435
5807 2 2 201 2 3982 4969 3222
5808 2 2 201 2 3766 5086 4354
5809 2 2 201 2 4354 5094 3766
5810 2 2 201 2 3222 4979 3982
5811 2 2 201 2 3069 4118 4117
5812 2 2 201 2 4380 4952 4024
5813 2 2 201 2 4762 4963 4386
5814 2 2 201 2 4402 4404 3306
5815 2 2 201 2 4435 5305 4383
5816 2 2 201 2 4949 5040 4698
5817 2 2 201 2 5002 5182 4806
5818 2 2 201 2 3068 4139 4138
5819 2 2 201 2 5069 5080 4198
5820 2 2 201 2 4395 4902 3724
5821 2 2 201 2 4956 5311 3229
5822 2 2 201 2 4198 5080 4199
5823 2 2 201 2 3805 5123 4622
5824 2 2 201 2 4476 4479 4477
5825 2 2 201 2 559 4218 558
5826 2 2 201 2 4622 5134 3805
5827 2 2 201 2 3546 4228 3544
5828 2 2 201 2 4917 4949 4229
5829 2 2 201 2 5015 5192 3181
5830 2 2 201 2 3269 4157 3267
5831 2 2 201 2 3066 3996 299
5832 2 2 201 2 4004 4927 3770
5833 2 2 201 2 5020 5193 4609
5834 2 2 201 2 3273 4159 3271
5835 2 2 201 2 4001 4002 4000
5836 2 2 201 2 3271 4159 3448
5837 2 2 201 2 4386 5307 4762
5838 2 2 201 2 4002 4006 4000
5839 2 2 201 2 4475 4946 4473
5840 2 2 201 2 5050 5239 3039
5841 2 2 201 2 5031 5203 3138
5842 2 2 201 2 3724 5353 4395
5843 2 2 201 2 4362 4992 4824
5844 2 2 201 2 3849 4897 4295
5845 2 2 201 2 3994 3996 3066
5846 2 2 201 2 4037 5019 4038
5847 2 2 201 2 4487 5239 5050
5848 2 2 201 2 4045 4047 3842
5849 2 2 201 2 4567 4916 3756
5850 2 2 201 2 3860 4701 4145
5851 2 2 201 2 3273 4933 4159
5852 2 2 201 2 3810 5140 4547
5853 2 2 201 2 4547 5152 3810
5854 2 2 201 2 4720 4974 4719
5855 2 2 201 2 4635 5007 4998
5856 2 2 201 2 4219 4905 4222
5857 2 2 201 2 3732 4930 4712
5858 2 2 201 2 3448 4159 4155
5859 2 2 201 2 4468 4469 3733
5860 2 2 201 2 4636 5007 4635
5861 2 2 201 2 4974 4983 4719
5862 2 2 201 2 4171 4875 4173
5863 2 2 201 2 4712 4944 3732
5864 2 2 201 2 4141 4803 4145
5865 2 2 201 2 691 4174 3165
5866 2 2 201 2 3104 4174 692
5867 2 2 201 2 3774 5107 4358
5868 2 2 201 2 4358 5112 3774
5869 2 2 201 2 4485 4978 3752
5870 2 2 201 2 5059 5235 3191
5871 2 2 201 2 5019 5125 4038
5872 2 2 201 2 3761 5148 4998
5873 2 2 201 2 3577 4230 3552
5874 2 2 201 2 4004 4006 4002
5875 2 2 201 2 5034 5208 260
5876 2 2 201 2 4155 4156 3448
5877 2 2 201 2 3703 4464 3417
5878 2 2 201 2 3985 5235 5059
5879 2 2 201 2 3842 4975 4045
5880 2 2 201 2 3284 4104 3286
5881 2 2 201 2 3198 4052 4050
5882 2 2 201 2 4252 5192 5015
5883 2 2 201 2 4930 5137 4712
5884 2 2 201 2 3290 4035 3292
5885 2 2 201 2 4250 5182 5002
5886 2 2 201 2 3849 4295 3318
5887 2 2 201 2 5021 5174 263
5888 2 2 201 2 4109 5203 5031
5889 2 2 201 2 4542 5054 4543
5890 2 2 201 2 3747 4168 4167
5891 2 2 201 2 4542 5067 5054
5892 2 2 201 2 558 4218 3096
5893 2 2 201 2 4240 4997 3755
5894 2 2 201 2 4107 5193 5020
5895 2 2 201 2 4138 4144 3068
5896 2 2 201 2 4118 4939 4117
5897 2 2 201 2 3851 4104 3284
5898 2 2 201 2 4230 4948 3550
5899 2 2 201 2 3584 4228 3546
5900 2 2 201 2 5029 5183 4684
5901 2 2 201 2 4035 4036 4033
5902 2 2 201 2 5005 5144 266
5903 2 2 201 2 295 4001 296
5904 2 2 201 2 3782 5171 4096
5905 2 2 201 2 4862 4989 4052
5906 2 2 201 2 4164 5210 5001
5907 2 2 201 2 3188 4144 4141
5908 2 2 201 2 4096 5191 3782
5909 2 2 201 2 5110 5121 4789
5910 2 2 201 2 4789 5121 4505
5911 2 2 201 2 3752 5306 4485
5912 2 2 201 2 4919 4971 4124
5913 2 2 201 2 3295 5360 4403
5914 2 2 201 2 4052 4989 4050
5915 2 2 201 2 4985 5111 3075
5916 2 2 201 2 5069 5209 3124
5917 2 2 201 2 4165 4785 4163
5918 2 2 201 2 3279 4168 3277
5919 2 2 201 2 4006 4868 3999
5920 2 2 201 2 637 5238 5073
5921 2 2 201 2 4143 4362 3843
5922 2 2 201 2 4405 5168 4178
5923 2 2 201 2 3803 5133 4346
5924 2 2 201 2 303 4142 4140
5925 2 2 201 2 304 4140 3068
5926 2 2 201 2 4346 5141 3803
5927 2 2 201 2 4971 4977 4124
5928 2 2 201 2 4166 4173 3162
5929 2 2 201 2 4124 4977 4125
5930 2 2 201 2 4178 5116 4405
5931 2 2 201 2 4047 4049 3842
5932 2 2 201 2 3971 5208 5034
5933 2 2 201 2 3826 5201 4092
5934 2 2 201 2 3069 4120 315
5935 2 2 201 2 316 4120 3184
5936 2 2 201 2 4092 5216 3826
5937 2 2 201 2 3552 4230 3550
5938 2 2 201 2 3178 5130 4479
5939 2 2 201 2 5155 5166 4130
5940 2 2 201 2 4707 4974 4720
5941 2 2 201 2 4130 5166 4131
5942 2 2 201 2 4252 5015 3095
5943 2 2 201 2 5073 5238 4478
5944 2 2 201 2 3755 5317 4240
5945 2 2 201 2 3095 5024 4252
5946 2 2 201 2 4221 4230 3577
5947 2 2 201 2 3726 4480 4475
5948 2 2 201 2 3753 4696 4568
5949 2 2 201 2 4198 5209 5069
5950 2 2 201 2 4358 5100 4357
5951 2 2 201 2 4140 4968 4139
5952 2 2 201 2 4847 5359 4062
5953 2 2 201 2 4358 5107 5100
5954 2 2 201 2 3807 5151 4329
5955 2 2 201 2 253 5070 3957
5956 2 2 201 2 4329 5162 3807
5957 2 2 201 2 3905 4956 4873
5958 2 2 201 2 4191 4192 3169
5959 2 2 201 2 4190 4191 3169
5960 2 2 201 2 3775 5153 5038
5961 2 2 201 2 299 3996 300
5962 2 2 201 2 3399 4480 3397
5963 2 2 201 2 4048 4051 4050
5964 2 2 201 2 3849 4862 4054
5965 2 2 201 2 5037 5164 3153
5966 2 2 201 2 3048 4039 4033
5967 2 2 201 2 4143 4992 4362
5968 2 2 201 2 4033 4039 4031
5969 2 2 201 2 5188 5198 4012
5970 2 2 201 2 4615 5225 4765
5971 2 2 201 2 4765 5252 4615
5972 2 2 201 2 4012 5198 4126
5973 2 2 201 2 3796 5233 4086
5974 2 2 201 2 4086 5243 3796
5975 2 2 201 2 4113 5174 5021
5976 2 2 201 2 4222 4905 3156
5977 2 2 201 2 3760 5183 5029
5978 2 2 201 2 4054 4862 4052
5979 2 2 201 2 3855 5234 5220
5980 2 2 201 2 3448 4157 3269
5981 2 2 201 2 3082 4702 309
5982 2 2 201 2 309 4702 310
5983 2 2 201 2 4998 5148 4635
5984 2 2 201 2 4500 5261 3204
5985 2 2 201 2 3204 5272 4500
5986 2 2 201 2 3814 5170 4332
5987 2 2 201 2 4346 5122 4347
5988 2 2 201 2 4332 5186 3814
5989 2 2 201 2 3957 5275 253
5990 2 2 201 2 704 4192 703
5991 2 2 201 2 4478 5238 4479
5992 2 2 201 2 4346 5133 5122
5993 2 2 201 2 3756 4916 4889
5994 2 2 201 2 3867 4049 4048
5995 2 2 201 2 5220 5234 4802
5996 2 2 201 2 4508 5042 4108
5997 2 2 201 2 4119 4120 4116
5998 2 2 201 2 4206 4800 4204
5999 2 2 201 2 5063 5117 4005
6000 2 2 201 2 3224 5074 4869
6001 2 2 201 2 4888 5000 4588
6002 2 2 201 2 3417 4464 3415
6003 2 2 201 2 4563 4564 3085
6004 2 2 201 2 4720 5358 4707
6005 2 2 201 2 4562 4563 3085
6006 2 2 201 2 3066 3997 3994
6007 2 2 201 2 4054 4897 3849
6008 2 2 201 2 4190 4592 4186
6009 2 2 201 2 305 4144 306
6010 2 2 201 2 3780 4800 4206
6011 2 2 201 2 4130 5143 3176
6012 2 2 201 2 4700 4971 4702
6013 2 2 201 2 3176 5155 4130
6014 2 2 201 2 4479 5177 4477
6015 2 2 201 2 4103 5019 4104
6016 2 2 201 2 4526 5041 4263
6017 2 2 201 2 3802 5262 4080
6018 2 2 201 2 4080 5274 3802
6019 2 2 201 2 3975 5144 5005
6020 2 2 201 2 3844 5142 5053
6021 2 2 201 2 4141 4145 3188
6022 2 2 201 2 5001 5212 4164
6023 2 2 201 2 3744 5007 4636
6024 2 2 201 2 4030 4965 4032
6025 2 2 201 2 4229 4903 4228
6026 2 2 201 2 4165 5037 4785
6027 2 2 201 2 4751 5085 3790
6028 2 2 201 2 3817 5195 4336
6029 2 2 201 2 5110 5205 4318
6030 2 2 201 2 3737 4946 4480
6031 2 2 201 2 3693 4559 4558
6032 2 2 201 2 4336 5207 3817
6033 2 2 201 2 4167 4173 4166
6034 2 2 201 2 4636 5014 3744
6035 2 2 201 2 4218 4905 4219
6036 2 2 201 2 3848 5215 5199
6037 2 2 201 2 4172 4175 4174
6038 2 2 201 2 4724 5088 4725
6039 2 2 201 2 3892 5145 5072
6040 2 2 201 2 3693 4558 4556
6041 2 2 201 2 5088 5096 4725
6042 2 2 201 2 570 4564 569
6043 2 2 201 2 4562 4757 4557
6044 2 2 201 2 250 5081 3938
6045 2 2 201 2 3065 4001 295
6046 2 2 201 2 4365 4768 4561
6047 2 2 201 2 3472 5089 5010
6048 2 2 201 2 3318 4295 3320
6049 2 2 201 2 3052 5244 3958
6050 2 2 201 2 3831 4035 3290
6051 2 2 201 2 3292 4035 3857
6052 2 2 201 2 4165 5164 5037
6053 2 2 201 2 4560 4916 4563
6054 2 2 201 2 3155 4854 4246
6055 2 2 201 2 4577 5016 5010
6056 2 2 201 2 4141 4144 4138
6057 2 2 201 2 4125 4977 3557
6058 2 2 201 2 3394 5184 5181
6059 2 2 201 2 5175 5179 4825
6060 2 2 201 2 4576 5016 4577
6061 2 2 201 2 4136 4939 3829
6062 2 2 201 2 3219 4000 3998
6063 2 2 201 2 3156 4224 4222
6064 2 2 201 2 5136 5217 3062
6065 2 2 201 2 3230 5077 3899
6066 2 2 201 2 4323 5111 4985
6067 2 2 201 2 3584 4948 4225
6068 2 2 201 2 4561 4739 4365
6069 2 2 201 2 4246 4854 4247
6070 2 2 201 2 3127 4879 3920
6071 2 2 201 2 3821 5218 4340
6072 2 2 201 2 3809 5295 4074
6073 2 2 201 2 4074 5308 3809
6074 2 2 201 2 4340 5226 3821
6075 2 2 201 2 3964 3965 3962
6076 2 2 201 2 5199 5215 4804
6077 2 2 201 2 3320 4295 4293
6078 2 2 201 2 3843 4968 4143
6079 2 2 201 2 3747 4933 3275
6080 2 2 201 2 3872 4425 4421
6081 2 2 201 2 4000 4006 3999
6082 2 2 201 2 3889 5129 5057
6083 2 2 201 2 3277 4168 3747
6084 2 2 201 2 3743 4168 3279
6085 2 2 201 2 4022 4023 4020
6086 2 2 201 2 3486 5028 4958
6087 2 2 201 2 3958 5269 3052
6088 2 2 201 2 4012 5173 3137
6089 2 2 201 2 4789 5205 5110
6090 2 2 201 2 4156 4157 3448
6091 2 2 201 2 3548 4948 3584
6092 2 2 201 2 296 4001 3219
6093 2 2 201 2 3225 4874 3910
6094 2 2 201 2 3137 5188 4012
6095 2 2 201 2 3430 4424 3432
6096 2 2 201 2 5038 5153 4667
6097 2 2 201 2 4048 4049 4047
6098 2 2 201 2 3998 4007 3219
6099 2 2 201 2 4543 5054 3754
6100 2 2 201 2 4108 5318 4508
6101 2 2 201 2 4293 4296 3320
6102 2 2 201 2 4855 5197 5161
6103 2 2 201 2 3827 5052 4993
6104 2 2 201 2 4510 5232 4833
6105 2 2 201 2 3068 4140 4139
6106 2 2 201 2 4510 5242 5232
6107 2 2 201 2 4228 4903 3544
6108 2 2 201 2 559 4905 4218
6109 2 2 201 2 4629 5026 4692
6110 2 2 201 2 4134 5217 5136
6111 2 2 201 2 5146 5156 4114
6112 2 2 201 2 4122 4939 4118
6113 2 2 201 2 4871 5263 5013
6114 2 2 201 2 3770 4868 4006
6115 2 2 201 2 3055 5179 5175
6116 2 2 201 2 3308 4049 3310
6117 2 2 201 2 5181 5184 4682
6118 2 2 201 2 4611 5338 4234
6119 2 2 201 2 4220 4728 4216
6120 2 2 201 2 4364 4572 4367
6121 2 2 201 2 3790 5288 4751
6122 2 2 201 2 4292 4887 4870
6123 2 2 201 2 3066 4007 3997
6124 2 2 201 2 3142 5266 4766
6125 2 2 201 2 4220 4221 3577
6126 2 2 201 2 3816 5331 4068
6127 2 2 201 2 4032 4965 3296
6128 2 2 201 2 5157 5185 3122
6129 2 2 201 2 4068 5342 3816
6130 2 2 201 2 4042 4975 4043
6131 2 2 201 2 3142 5282 5266
6132 2 2 201 2 4547 5163 5152
6133 2 2 201 2 4292 4296 4293
6134 2 2 201 2 4123 4939 4122
6135 2 2 201 2 4556 4569 3693
6136 2 2 201 2 4548 5163 4547
6137 2 2 201 2 4870 4887 3771
6138 2 2 201 2 4555 4561 3769
6139 2 2 201 2 3737 4480 3399
6140 2 2 201 2 3397 4480 3726
6141 2 2 201 2 3997 4007 3998
6142 2 2 201 2 3492 5008 4926
6143 2 2 201 2 4292 4870 4296
6144 2 2 201 2 4288 4909 4899
6145 2 2 201 2 633 4481 632
6146 2 2 201 2 4207 4968 3843
6147 2 2 201 2 4173 4875 3162
6148 2 2 201 2 4263 5330 4526
6149 2 2 201 2 3723 4461 4460
6150 2 2 201 2 4367 4572 4571
6151 2 2 201 2 4467 5271 3102
6152 2 2 201 2 4320 5091 4200
6153 2 2 201 2 4154 4933 3747
6154 2 2 201 2 5138 5158 610
6155 2 2 201 2 4698 5200 4949
6156 2 2 201 2 3175 5256 4193
6157 2 2 201 2 3102 5128 4467
6158 2 2 201 2 3175 5265 5256
6159 2 2 201 2 4899 4909 3707
6160 2 2 201 2 4229 4949 4903
6161 2 2 201 2 5126 5131 3976
6162 2 2 201 2 4429 5251 3416
6163 2 2 201 2 3938 5302 250
6164 2 2 201 2 3779 5038 4667
6165 2 2 201 2 4038 5224 4036
6166 2 2 201 2 3673 4865 3671
6167 2 2 201 2 3695 4188 4187
6168 2 2 201 2 3865 4860 3914
6169 2 2 201 2 3411 4465 3409
6170 2 2 201 2 703 4192 3129
6171 2 2 201 2 3169 4192 704
6172 2 2 201 2 3169 4592 4190
6173 2 2 201 2 4016 5211 3123
6174 2 2 201 2 4561 4768 3769
6175 2 2 201 2 4667 5046 3779
6176 2 2 201 2 4281 4940 4929
6177 2 2 201 2 4218 4219 4217
6178 2 2 201 2 3056 5156 5146
6179 2 2 201 2 3123 5219 4016
6180 2 2 201 2 4234 5349 4611
6181 2 2 201 2 3866 3916 3906
6182 2 2 201 2 4616 4900 3797
6183 2 2 201 2 3769 4569 4555
6184 2 2 201 2 5161 5197 4101
6185 2 2 201 2 3865 3914 3912
6186 2 2 201 2 4227 4229 4228
6187 2 2 201 2 4172 4908 4175
6188 2 2 201 2 4929 4940 3785
6189 2 2 201 2 3110 4859 3964
6190 2 2 201 2 4869 5044 3126
6191 2 2 201 2 3168 4025 4022
6192 2 2 201 2 3695 4187 4185
6193 2 2 201 2 4277 4966 4954
6194 2 2 201 2 3068 4144 305
6195 2 2 201 2 306 4144 3188
6196 2 2 201 2 3765 5150 5113
6197 2 2 201 2 4227 4973 4229
6198 2 2 201 2 3434 4523 3436
6199 2 2 201 2 4675 4947 4895
6200 2 2 201 2 5053 5142 4661
6201 2 2 201 2 3784 5078 4354
6202 2 2 201 2 5072 5145 3179
6203 2 2 201 2 4954 4966 3793
6204 2 2 201 2 3857 4035 4033
6205 2 2 201 2 4206 4938 4925
6206 2 2 201 2 4354 5086 3784
6207 2 2 201 2 5057 5129 3922
6208 2 2 201 2 3156 4231 4224
6209 2 2 201 2 4300 4986 4976
6210 2 2 201 2 3085 4757 4562
6211 2 2 201 2 4187 4190 4186
6212 2 2 201 2 3057 5131 5126
6213 2 2 201 2 4185 4861 3695
6214 2 2 201 2 3107 5246 3898
6215 2 2 201 2 4925 4938 3712
6216 2 2 201 2 4048 4050 3867
6217 2 2 201 2 3952 4865 3673
6218 2 2 201 2 4976 4986 3719
6219 2 2 201 2 3771 4887 4288
6220 2 2 201 2 3085 4564 570
6221 2 2 201 2 569 4564 3206
6222 2 2 201 2 4229 4973 4917
6223 2 2 201 2 3899 5118 3230
6224 2 2 201 2 4184 4861 4185
6225 2 2 201 2 4306 5011 5003
6226 2 2 201 2 3722 5000 4888
6227 2 2 201 2 4288 4899 3771
6228 2 2 201 2 4038 5125 443
6229 2 2 201 2 4558 4562 4557
6230 2 2 201 2 4555 4569 4556
6231 2 2 201 2 4652 4864 3706
6232 2 2 201 2 3895 5185 5157
6233 2 2 201 2 4365 4739 4572
6234 2 2 201 2 5104 5108 4727
6235 2 2 201 2 5003 5011 3727
6236 2 2 201 2 3675 3952 3673
6237 2 2 201 2 4319 5101 3787
6238 2 2 201 2 3788 5056 4492
6239 2 2 201 2 3911 4884 3912
6240 2 2 201 2 4313 5035 5027
6241 2 2 201 2 4882 4891 3777
6242 2 2 201 2 4653 4864 4652
6243 2 2 201 2 4492 5068 3788
6244 2 2 201 2 4463 4466 3729
6245 2 2 201 2 3872 4424 3430
6246 2 2 201 2 3432 4424 3874
6247 2 2 201 2 3416 5286 4429
6248 2 2 201 2 4852 4891 4882
6249 2 2 201 2 3912 4884 3865
6250 2 2 201 2 5027 5035 3734
6251 2 2 201 2 4043 4975 3302
6252 2 2 201 2 4686 5176 4417
6253 2 2 201 2 3059 5092 5084
6254 2 2 201 2 4443 5241 3699
6255 2 2 201 2 4824 4992 3995
6256 2 2 201 2 4468 4470 4469
6257 2 2 201 2 4446 5064 4462
6258 2 2 201 2 4365 4572 4364
6259 2 2 201 2 3777 4861 4184
6260 2 2 201 2 5176 5189 4417
6261 2 2 201 2 4470 4481 3173
6262 2 2 201 2 3530 4559 3528
6263 2 2 201 2 3528 4559 3693
6264 2 2 201 2 443 5224 4038
6265 2 2 201 2 4281 4918 4282
6266 2 2 201 2 3111 4473 4472
6267 2 2 201 2 3766 5094 4357
6268 2 2 201 2 3842 4049 3308
6269 2 2 201 2 3310 4049 3867
6270 2 2 201 2 3041 5087 5082
6271 2 2 201 2 3116 5348 4780
6272 2 2 201 2 4269 5025 5017
6273 2 2 201 2 3577 4728 4220
6274 2 2 201 2 4217 4220 4216
6275 2 2 201 2 4184 4882 3777
6276 2 2 201 2 3743 4170 4169
6277 2 2 201 2 4357 5100 3766
6278 2 2 201 2 3116 5354 5348
6279 2 2 201 2 3897 5158 5138
6280 2 2 201 2 4175 4908 4177
6281 2 2 201 2 4281 4929 4918
6282 2 2 201 2 3125 5258 3900
6283 2 2 201 2 3754 5326 4543
6284 2 2 201 2 5084 5092 3989
6285 2 2 201 2 4417 5189 4415
6286 2 2 201 2 3963 5265 3175
6287 2 2 201 2 5017 5025 3731
6288 2 2 201 2 5101 5205 3773
6289 2 2 201 2 3175 5281 3963
6290 2 2 201 2 4444 5120 3421
6291 2 2 201 2 5010 5089 4577
6292 2 2 201 2 3173 4481 633
6293 2 2 201 2 632 4481 3102
6294 2 2 201 2 3198 4053 4052
6295 2 2 201 2 5303 5312 3901
6296 2 2 201 2 4435 5354 3116
6297 2 2 201 2 3995 4994 3996
6298 2 2 201 2 4596 4597 3192
6299 2 2 201 2 3947 3949 3716
6300 2 2 201 2 3906 3917 3866
6301 2 2 201 2 3743 4169 4168
6302 2 2 201 2 3723 4465 3411
6303 2 2 201 2 3409 4465 3729
6304 2 2 201 2 3438 4521 3440
6305 2 2 201 2 3707 4909 4282
6306 2 2 201 2 4696 4697 4568
6307 2 2 201 2 3716 3952 3675
6308 2 2 201 2 4962 4984 4591
6309 2 2 201 2 3200 5065 5060
6310 2 2 201 2 4896 4906 3781
6311 2 2 201 2 4665 4924 4907
6312 2 2 201 2 4863 4885 4367
6313 2 2 201 2 4160 4161 3692
6314 2 2 201 2 3526 4569 3524
6315 2 2 201 2 4282 4918 3707
6316 2 2 201 2 3205 5312 5303
6317 2 2 201 2 4992 4994 3995
6318 2 2 201 2 3874 4523 3434
6319 2 2 201 2 3436 4523 3875
6320 2 2 201 2 3794 5079 4690
6321 2 2 201 2 4571 4863 4367
6322 2 2 201 2 4852 4896 3781
6323 2 2 201 2 4692 5355 4629
6324 2 2 201 2 5082 5087 4256
6325 2 2 201 2 3929 4894 3933
6326 2 2 201 2 3910 5154 3225
6327 2 2 201 2 3671 4865 3720
6328 2 2 201 2 3113 4885 4863
6329 2 2 201 2 4702 4919 310
6330 2 2 201 2 4800 4914 4204
6331 2 2 201 2 3916 5044 3906
6332 2 2 201 2 312 4122 313
6333 2 2 201 2 3157 4122 312
6334 2 2 201 2 3898 5301 3107
6335 2 2 201 2 4315 5048 5045
6336 2 2 201 2 4958 5028 4607
6337 2 2 201 2 4178 5204 5116
6338 2 2 201 2 4174 4175 3165
6339 2 2 201 2 4134 5136 3176
6340 2 2 201 2 3949 3952 3716
6341 2 2 201 2 3812 3909 3882
6342 2 2 201 2 4981 4995 3063
6343 2 2 201 2 3703 5335 4464
6344 2 2 201 2 3176 5143 4134
6345 2 2 201 2 3679 4876 3677
6346 2 2 201 2 3903 3910 3909
6347 2 2 201 2 3307 3917 3828
6348 2 2 201 2 3781 4891 4852
6349 2 2 201 2 5118 5345 4872
6350 2 2 201 2 3421 5325 4444
6351 2 2 201 2 4270 5039 5032
6352 2 2 201 2 4200 5327 4320
6353 2 2 201 2 3232 3233 3160
6354 2 2 201 2 4021 5282 3142
6355 2 2 201 2 4993 5052 4658
6356 2 2 201 2 3914 4906 4896
6357 2 2 201 2 3142 5289 4021
6358 2 2 201 2 3701 4935 4922
6359 2 2 201 2 5013 5263 3916
6360 2 2 201 2 3228 5323 4879
6361 2 2 201 2 4802 5228 5220
6362 2 2 201 2 3710 3909 3812
6363 2 2 201 2 3141 5327 5080
6364 2 2 201 2 3907 3911 713
6365 2 2 201 2 5113 5150 4625
6366 2 2 201 2 4850 5222 3796
6367 2 2 201 2 3232 3908 3233
6368 2 2 201 2 714 3907 713
6369 2 2 201 2 3229 3918 245
6370 2 2 201 2 3964 3966 3965
6371 2 2 201 2 3053 5228 4802
6372 2 2 201 2 715 3232 3160
6373 2 2 201 2 3079 5172 5114
6374 2 2 201 2 4559 4560 4558
6375 2 2 201 2 5222 5233 3796
6376 2 2 201 2 4022 4024 4023
6377 2 2 201 2 3909 3910 3882
6378 2 2 201 2 4156 4158 4157
6379 2 2 201 2 4981 4990 4245
6380 2 2 201 2 4121 4937 3184
6381 2 2 201 2 4640 5108 5104
6382 2 2 201 2 4603 5022 5012
6383 2 2 201 2 3915 3916 3866
6384 2 2 201 2 4169 4173 4167
6385 2 2 201 2 4926 5008 4601
6386 2 2 201 2 4895 4947 3120
6387 2 2 201 2 3908 3915 3233
6388 2 2 201 2 302 4142 303
6389 2 2 201 2 3067 4142 302
6390 2 2 201 2 4689 5088 4724
6391 2 2 201 2 3774 5112 4347
6392 2 2 201 2 3235 3915 3866
6393 2 2 201 2 4408 5324 4409
6394 2 2 201 2 4206 4925 3780
6395 2 2 201 2 4245 4990 4246
6396 2 2 201 2 3231 3908 3232
6397 2 2 201 2 3828 3917 3906
6398 2 2 201 2 3875 4521 3438
6399 2 2 201 2 3440 4521 3876
6400 2 2 201 2 4408 5333 5324
6401 2 2 201 2 4347 5122 3774
6402 2 2 201 2 3933 4894 3896
6403 2 2 201 2 4461 4462 4460
6404 2 2 201 2 712 3911 3128
6405 2 2 201 2 297 4007 298
6406 2 2 201 2 3693 4569 3526
6407 2 2 201 2 3524 4569 3769
6408 2 2 201 2 4879 5323 3920
6409 2 2 201 2 3159 3919 493
6410 2 2 201 2 3065 4002 4001
6411 2 2 201 2 4860 4906 3914
6412 2 2 201 2 3992 3997 3993
6413 2 2 201 2 3994 3997 3992
6414 2 2 201 2 3226 3922 3921
6415 2 2 201 2 431 4053 3198
6416 2 2 201 2 430 4053 431
6417 2 2 201 2 3157 4123 4122
6418 2 2 201 2 3239 3917 3307
6419 2 2 201 2 3708 3953 3681
6420 2 2 201 2 4396 5333 4408
6421 2 2 201 2 4219 4220 4217
6422 2 2 201 2 4651 4932 4922
6423 2 2 201 2 3219 4001 4000
6424 2 2 201 2 3828 3888 3881
6425 2 2 201 2 3231 3232 716
6426 2 2 201 2 4104 4988 3286
6427 2 2 201 2 5012 5022 3721
6428 2 2 201 2 4396 5346 5333
6429 2 2 201 2 4871 5013 3227
6430 2 2 201 2 717 3231 716
6431 2 2 201 2 3911 3912 3128
6432 2 2 201 2 470 3230 471
6433 2 2 201 2 244 3229 245
6434 2 2 201 2 3862 3920 3889
6435 2 2 201 2 3307 3828 3800
6436 2 2 201 2 5045 5048 4272
6437 2 2 201 2 3953 4876 3679
6438 2 2 201 2 3828 3881 3800
6439 2 2 201 2 3226 3921 491
6440 2 2 201 2 3710 3812 3691
6441 2 2 201 2 3699 5300 4443
6442 2 2 201 2 713 3911 712
6443 2 2 201 2 3907 4884 3911
6444 2 2 201 2 3902 3903 3859
6445 2 2 201 2 3257 4188 3255
6446 2 2 201 2 3255 4188 3695
6447 2 2 201 2 4463 4467 4466
6448 2 2 201 2 4224 4231 4226
6449 2 2 201 2 3690 3691 3689
6450 2 2 201 2 4470 4471 4469
6451 2 2 201 2 4652 4932 4651
6452 2 2 201 2 3716 4876 3947
6453 2 2 201 2 3812 3882 3862
6454 2 2 201 2 3831 4036 4035
6455 2 2 201 2 3111 4474 4473
6456 2 2 201 2 3859 3909 3710
6457 2 2 201 2 4170 4171 4169
6458 2 2 201 2 3903 3909 3859
6459 2 2 201 2 4857 4883 3935
6460 2 2 201 2 3233 3915 3235
6461 2 2 201 2 3942 3943 3941
6462 2 2 201 2 3067 4143 4142
6463 2 2 201 2 3690 3710 3691
6464 2 2 201 2 5032 5039 4028
6465 2 2 201 2 494 3923 3159
6466 2 2 201 2 4394 5346 4396
6467 2 2 201 2 246 3918 3205
6468 2 2 201 2 4563 4565 4564
6469 2 2 201 2 4168 4169 4167
6470 2 2 201 2 492 3919 3226
6471 2 2 201 2 561 4231 3156
6472 2 2 201 2 562 4231 561
6473 2 2 201 2 4142 4968 4140
6474 2 2 201 2 4696 4698 4697
6475 2 2 201 2 3219 4007 297
6476 2 2 201 2 298 4007 3066
6477 2 2 201 2 3160 3907 714
6478 2 2 201 2 5060 5065 4733
6479 2 2 201 2 4394 5353 5346
6480 2 2 201 2 5001 5210 4191
6481 2 2 201 2 3530 4889 4559
6482 2 2 201 2 3677 4876 3716
6483 2 2 201 2 3902 3905 3903
6484 2 2 201 2 4161 4162 3692
6485 2 2 201 2 5242 5314 3891
6486 2 2 201 2 3882 3920 3862
6487 2 2 201 2 3681 3953 3679
6488 2 2 201 2 3997 3998 3993
6489 2 2 201 2 4053 4054 4052
6490 2 2 201 2 491 3921 490
6491 2 2 201 2 492 3226 491
6492 2 2 201 2 3688 3690 3689
6493 2 2 201 2 3688 3689 3687
6494 2 2 201 2 4450 5178 4452
6495 2 2 201 2 5080 5327 4199
6496 2 2 201 2 3235 3866 3237
6497 2 2 201 2 3139 5180 3932
6498 2 2 201 2 3812 3862 3813
6499 2 2 201 2 3930 3940 3939
6500 2 2 201 2 3941 3953 3708
6501 2 2 201 2 4319 5205 5101
6502 2 2 201 2 715 3160 714
6503 2 2 201 2 4175 4176 3165
6504 2 2 201 2 3866 3917 3237
6505 2 2 201 2 5129 5323 3228
6506 2 2 201 2 4131 5166 3137
6507 2 2 201 2 245 3918 246
6508 2 2 201 2 3940 3942 3941
6509 2 2 201 2 3143 5337 4381
6510 2 2 201 2 494 3159 493
6511 2 2 201 2 3785 4940 4277
6512 2 2 201 2 3233 3234 3160
6513 2 2 201 2 3307 3800 3799
6514 2 2 201 2 4188 4189 4187
6515 2 2 201 2 3137 5173 4131
6516 2 2 201 2 4469 4967 3733
6517 2 2 201 2 4450 5190 5178
6518 2 2 201 2 4213 5083 4597
6519 2 2 201 2 3904 4883 4857
6520 2 2 201 2 4560 4562 4558
6521 2 2 201 2 3900 5314 3125
6522 2 2 201 2 4158 4160 4157
6523 2 2 201 2 4866 4868 3592
6524 2 2 201 2 716 3232 715
6525 2 2 201 2 3932 3940 3930
6526 2 2 201 2 3928 3939 3685
6527 2 2 201 2 3233 3235 3234
6528 2 2 201 2 3239 3307 3241
6529 2 2 201 2 4907 4924 4649
6530 2 2 201 2 4395 5353 4394
6531 2 2 201 2 3881 3884 3883
6532 2 2 201 2 4851 4896 4852
6533 2 2 201 2 3828 3906 3888
6534 2 2 201 2 3862 3889 3863
6535 2 2 201 2 493 3919 492
6536 2 2 201 2 468 3223 469
6537 2 2 201 2 246 3205 247
6538 2 2 201 2 3237 3917 3239
6539 2 2 201 2 3812 3813 3691
6540 2 2 201 2 3065 4003 4002
6541 2 2 201 2 4564 4565 3206
6542 2 2 201 2 5249 5262 3802
6543 2 2 201 2 4277 4954 3785
6544 2 2 201 2 4098 4101 4100
6545 2 2 201 2 4143 4968 4142
6546 2 2 201 2 3930 3939 3928
6547 2 2 201 2 3858 3859 3710
6548 2 2 201 2 3157 4124 4123
6549 2 2 201 2 248 3927 3081
6550 2 2 201 2 3689 3697 3687
6551 2 2 201 2 3711 5329 3965
6552 2 2 201 2 3205 3927 247
6553 2 2 201 2 495 3923 494
6554 2 2 201 2 4467 4468 4466
6555 2 2 201 2 4881 5249 3802
6556 2 2 201 2 4098 4100 4099
6557 2 2 201 2 3831 4037 4036
6558 2 2 201 2 4474 4475 4473
6559 2 2 201 2 3139 3934 496
6560 2 2 201 2 4099 4100 3079
6561 2 2 201 2 4171 4173 4169
6562 2 2 201 2 4170 4172 4171
6563 2 2 201 2 3912 3914 3913
6564 2 2 201 2 3686 3935 3688
6565 2 2 201 2 4219 4221 4220
6566 2 2 201 2 3686 3687 3685
6567 2 2 201 2 3942 3945 3943
6568 2 2 201 2 3912 3913 3128
6569 2 2 201 2 3943 3944 3941
6570 2 2 201 2 495 3934 3923
6571 2 2 201 2 3686 3688 3687
6572 2 2 201 2 3958 4853 3954
6573 2 2 201 2 3145 5190 4450
6574 2 2 201 2 4161 4163 4162
6575 2 2 201 2 3998 3999 3993
6576 2 2 201 2 4175 4177 4176
6577 2 2 201 2 3929 3933 3931
6578 2 2 201 2 466 4099 3079
6579 2 2 201 2 3789 3935 3686
6580 2 2 201 2 4189 4190 4187
6581 2 2 201 2 4560 4563 4562
6582 2 2 201 2 3684 3685 3683
6583 2 2 201 2 4095 4098 4097
6584 2 2 201 2 3937 4853 3958
6585 2 2 201 2 4095 4097 3051
6586 2 2 201 2 3685 3939 3683
6587 2 2 201 2 3684 3686 3685
6588 2 2 201 2 4094 4096 4095
6589 2 2 201 2 3901 3902 3859
6590 2 2 201 2 4003 4004 4002
6591 2 2 201 2 4565 4566 3206
6592 2 2 201 2 3221 4856 4851
6593 2 2 201 2 465 4099 466
6594 2 2 201 2 4094 4095 3051
6595 2 2 201 2 4124 4125 4123
6596 2 2 201 2 3321 4296 3324
6597 2 2 201 2 3320 4296 3321
6598 2 2 201 2 4851 4856 3913
6599 2 2 201 2 3682 3683 3681
6600 2 2 201 2 3683 3939 3708
6601 2 2 201 2 3881 3883 3800
6602 2 2 201 2 3307 3799 3241
6603 2 2 201 2 4037 4038 4036
6604 2 2 201 2 4474 4476 4475
6605 2 2 201 2 4219 4222 4221
6606 2 2 201 2 3682 3684 3683
6607 2 2 201 2 247 3927 248
6608 2 2 201 2 3944 3953 3941
6609 2 2 201 2 4163 4164 4162
6610 2 2 201 2 3687 3928 3685
6611 2 2 201 2 3939 3940 3708
6612 2 2 201 2 3998 4000 3999
6613 2 2 201 2 4161 4165 4163
6614 2 2 201 2 4091 4094 4093
6615 2 2 201 2 4851 4852 4181
6616 2 2 201 2 3943 3946 3944
6617 2 2 201 2 4177 4178 4176
6618 2 2 201 2 3051 4097 464
6619 2 2 201 2 464 4097 465
6620 2 2 201 2 4090 4092 4091
6621 2 2 201 2 4093 4094 3051
6622 2 2 201 2 3954 4853 3682
6623 2 2 201 2 496 3934 495
6624 2 2 201 2 4089 4090 3161
6625 2 2 201 2 4088 4090 4089
6626 2 2 201 2 4182 4184 4183
6627 2 2 201 2 4090 4091 3161
6628 2 2 201 2 4592 4849 4186
6629 2 2 201 2 3680 3954 3682
6630 2 2 201 2 4189 4191 4190
6631 2 2 201 2 461 4089 3161
6632 2 2 201 2 4181 4182 4180
6633 2 2 201 2 4003 4005 4004
6634 2 2 201 2 4565 4567 4566
6635 2 2 201 2 3683 3708 3681
6636 2 2 201 2 3680 3682 3681
6637 2 2 201 2 3955 3958 3954
6638 2 2 201 2 3680 3681 3679
6639 2 2 201 2 463 4093 3051
6640 2 2 201 2 3221 4181 4180
6641 2 2 201 2 3778 3954 3680
6642 2 2 201 2 549 4025 548
6643 2 2 201 2 4474 4478 4476
6644 2 2 201 2 4306 4996 4309
6645 2 2 201 2 4222 4223 4221
6646 2 2 201 2 4183 4849 3103
6647 2 2 201 2 4084 4086 4085
6648 2 2 201 2 460 4089 461
6649 2 2 201 2 4180 4182 3103
6650 2 2 201 2 4186 4849 4183
6651 2 2 201 2 462 4093 463
6652 2 2 201 2 4182 4183 3103
6653 2 2 201 2 4084 4085 3050
6654 2 2 201 2 4083 4084 3050
6655 2 2 201 2 3999 4868 4866
6656 2 2 201 2 4082 4084 4083
6657 2 2 201 2 3684 3789 3686
6658 2 2 201 2 459 4087 460
6659 2 2 201 2 4085 4088 4087
6660 2 2 201 2 548 4025 3168
6661 2 2 201 2 3143 4025 549
6662 2 2 201 2 458 4083 3050
6663 2 2 201 2 4567 4568 4566
6664 2 2 201 2 4184 4185 4183
6665 2 2 201 2 3778 3955 3954
6666 2 2 201 2 4097 4099 465
6667 2 2 201 2 4087 4089 460
6668 2 2 201 2 4478 4479 4476
6669 2 2 201 2 4078 4080 4079
6670 2 2 201 2 4085 4087 3050
6671 2 2 201 2 4223 4230 4221
6672 2 2 201 2 4222 4224 4223
6673 2 2 201 2 457 4083 458
6674 2 2 201 2 4077 4078 3049
6675 2 2 201 2 4078 4079 3049
6676 2 2 201 2 4076 4078 4077
6677 2 2 201 2 456 4081 457
6678 2 2 201 2 4079 4082 4081
6679 2 2 201 2 705 4592 3169
6680 2 2 201 2 706 4592 705
6681 2 2 201 2 455 4077 3049
6682 2 2 201 2 706 4849 4592
6683 2 2 201 2 454 4077 455
6684 2 2 201 2 4081 4083 457
6685 2 2 201 2 4079 4081 3049
6686 2 2 201 2 3050 4087 459
6687 2 2 201 2 4072 4074 4073
6688 2 2 201 2 4071 4072 3099
6689 2 2 201 2 4072 4073 3099
6690 2 2 201 2 4224 4225 4223
6691 2 2 201 2 4070 4072 4071
6692 2 2 201 2 3855 4817 3676
6693 2 2 201 2 453 4075 454
6694 2 2 201 2 4155 4159 4153
6695 2 2 201 2 4073 4076 4075
6696 2 2 201 2 4150 4155 4153
6697 2 2 201 2 452 4071 3099
6698 2 2 201 2 3676 4817 3678
6699 2 2 201 2 4152 4155 4150
6700 2 2 201 2 501 4448 500
6701 2 2 201 2 500 4448 3144
6702 2 2 201 2 4075 4077 454
6703 2 2 201 2 4152 4156 4155
6704 2 2 201 2 3129 4785 702
6705 2 2 201 2 702 4785 701
6706 2 2 201 2 4149 4152 4150
6707 2 2 201 2 4150 4153 4151
6708 2 2 201 2 4073 4075 3099
6709 2 2 201 2 451 4071 452
6710 2 2 201 2 4066 4068 4067
6711 2 2 201 2 4066 4067 3078
6712 2 2 201 2 4063 4066 4065
6713 2 2 201 2 4149 4150 3134
6714 2 2 201 2 4150 4151 3134
6715 2 2 201 2 4065 4066 3078
6716 2 2 201 2 3153 4179 699
6717 2 2 201 2 3049 4081 456
6718 2 2 201 2 4151 4848 3134
6719 2 2 201 2 4224 4226 4225
6720 2 2 201 2 450 4069 451
6721 2 2 201 2 4067 4070 4069
6722 2 2 201 2 3162 4848 4166
6723 2 2 201 2 449 4065 3078
6724 2 2 201 2 4166 4848 4151
6725 2 2 201 2 699 4179 698
6726 2 2 201 2 3099 4075 453
6727 2 2 201 2 4067 4069 3078
6728 2 2 201 2 448 4065 449
6729 2 2 201 2 4062 4063 4061
6730 2 2 201 2 4069 4071 451
6731 2 2 201 2 3163 4062 4061
6732 2 2 201 2 4153 4154 4151
6733 2 2 201 2 4452 4453 4451
6734 2 2 201 2 4226 4227 4225
6735 2 2 201 2 3077 4103 4102
6736 2 2 201 2 4453 4454 4451
6737 2 2 201 2 3115 4455 4454
6738 2 2 201 2 504 4455 503
6739 2 2 201 2 447 4061 448
6740 2 2 201 2 3163 4061 447
6741 2 2 201 2 3077 4102 445
6742 2 2 201 2 4061 4065 448
6743 2 2 201 2 4449 4455 504
6744 2 2 201 2 503 4455 3115
6745 2 2 201 2 3163 4064 4062
6746 2 2 201 2 3078 4069 450
6747 2 2 201 2 445 4102 446
6748 2 2 201 2 3133 4411 688
6749 2 2 201 2 4405 4411 3133
6750 2 2 201 2 688 4411 687
6751 2 2 201 2 687 4845 686
6752 2 2 201 2 3046 4048 4047
6753 2 2 201 2 434 4046 435
6754 2 2 201 2 4063 4065 4061
6755 2 2 201 2 3046 4047 4046
6756 2 2 201 2 435 4046 4044
6757 2 2 201 2 432 4051 433
6758 2 2 201 2 4411 4845 687
6759 2 2 201 2 3046 4046 434
6760 2 2 201 2 4401 4402 4400
6761 2 2 201 2 4400 4403 4398
6762 2 2 201 2 435 4044 436
6763 2 2 201 2 4030 4032 4031
6764 2 2 201 2 4399 4400 4398
6765 2 2 201 2 4030 4031 3167
6766 2 2 201 2 3198 4051 432
6767 2 2 201 2 433 4051 3046
6768 2 2 201 2 4397 4398 4395
6769 2 2 201 2 441 4039 3048
6770 2 2 201 2 3047 4041 4040
6771 2 2 201 2 4397 4412 3105
6772 2 2 201 2 3047 4042 4041
6773 2 2 201 2 3214 4413 4410
6774 2 2 201 2 4102 4103 4064
6775 2 2 201 2 3047 4040 437
6776 2 2 201 2 4029 4030 3167
6777 2 2 201 2 436 4044 3047
6778 2 2 201 2 4393 4395 4394
6779 2 2 201 2 4029 4034 4030
6780 2 2 201 2 4393 4394 4392
6781 2 2 201 2 3046 4051 4048
6782 2 2 201 2 4042 4043 4041
6783 2 2 201 2 681 4413 680
6784 2 2 201 2 4406 4407 3131
6785 2 2 201 2 440 4039 441
6786 2 2 201 2 437 4040 438
6787 2 2 201 2 4401 4405 4402
6788 2 2 201 2 3105 4399 4397
6789 2 2 201 2 3105 4412 685
6790 2 2 201 2 4391 4406 3131
6791 2 2 201 2 4406 4408 4407
6792 2 2 201 2 4408 4409 4407
6793 2 2 201 2 4397 4399 4398
6794 2 2 201 2 680 4413 3214
6795 2 2 201 2 685 4412 684
6796 2 2 201 2 3194 4393 4392
6797 2 2 201 2 4394 4396 4392
6798 2 2 201 2 3131 4413 681
6799 2 2 201 2 439 4029 3167
6800 2 2 201 2 438 4029 439
6801 2 2 201 2 3194 4412 4393
6802 2 2 201 2 3194 4392 4391
6803 2 2 201 2 4393 4412 4397
6804 2 2 201 2 4044 4045 4042
6805 2 2 201 2 3959 3961 3704
6806 2 2 201 2 4410 4413 4407
6807 2 2 201 2 3961 4841 3704
6808 2 2 201 2 684 4412 3194
6809 2 2 201 2 3959 4840 3868
6810 2 2 201 2 4393 4397 4395
6811 2 2 201 2 3704 4840 3959
6812 2 2 201 2 3047 4044 4042
6813 2 2 201 2 4399 4401 4400
6814 2 2 201 2 4392 4406 4391
6815 2 2 201 2 4040 4041 4034
6816 2 2 201 2 4407 4413 3131
6817 2 2 201 2 3960 3961 3959
6818 2 2 201 2 4396 4408 4406
6819 2 2 201 2 3893 3959 3868
6820 2 2 201 2 3868 4840 3322
6821 2 2 201 2 4293 4295 4294
6822 2 2 201 2 427 4297 428
6823 2 2 201 2 3960 3962 3961
6824 2 2 201 2 3045 4297 4294
6825 2 2 201 2 4292 4293 4291
6826 2 2 201 2 428 4297 3045
6827 2 2 201 2 3177 4297 427
6828 2 2 201 2 4290 4292 4291
6829 2 2 201 2 3107 4342 4341
6830 2 2 201 2 4293 4294 4291
6831 2 2 201 2 4290 4291 3177
6832 2 2 201 2 3806 3868 3322
6833 2 2 201 2 4287 4290 4289
6834 2 2 201 2 3893 3960 3959
6835 2 2 201 2 4286 4288 4287
6836 2 2 201 2 4339 4340 4338
6837 2 2 201 2 4283 4286 4285
6838 2 2 201 2 3164 4339 4338
6839 2 2 201 2 4341 4342 4339
6840 2 2 201 2 4286 4287 3076
6841 2 2 201 2 4285 4286 3076
6842 2 2 201 2 4287 4289 3076
6843 2 2 201 2 3107 4341 672
6844 2 2 201 2 3175 4193 675
6845 2 2 201 2 675 4193 674
6846 2 2 201 2 672 4341 671
6847 2 2 201 2 424 4285 3076
6848 2 2 201 2 423 4285 424
6849 2 2 201 2 4289 4290 3177
6850 2 2 201 2 422 4284 423
6851 2 2 201 2 3164 4338 4337
6852 2 2 201 2 4335 4336 4334
6853 2 2 201 2 3076 4289 425
6854 2 2 201 2 4284 4285 423
6855 2 2 201 2 4281 4282 4280
6856 2 2 201 2 3130 4335 4334
6857 2 2 201 2 3164 4337 670
6858 2 2 201 2 4279 4281 4280
6859 2 2 201 2 670 4337 669
6860 2 2 201 2 425 4289 426
6861 2 2 201 2 4279 4280 3044
6862 2 2 201 2 3044 4284 422
6863 2 2 201 2 4337 4338 4335
6864 2 2 201 2 4331 4332 4330
6865 2 2 201 2 426 4289 3177
6866 2 2 201 2 4276 4279 4278
6867 2 2 201 2 3215 4331 4330
6868 2 2 201 2 4275 4277 4276
6869 2 2 201 2 3130 4334 4333
6870 2 2 201 2 4278 4279 3044
6871 2 2 201 2 3042 4312 4311
6872 2 2 201 2 412 4310 413
6873 2 2 201 2 4326 4330 4327
6874 2 2 201 2 3130 4333 668
6875 2 2 201 2 409 4815 410
6876 2 2 201 2 3042 4311 4310
6877 2 2 201 2 4275 4276 3171
6878 2 2 201 2 413 4310 4307
6879 2 2 201 2 4333 4334 4331
6880 2 2 201 2 3164 4341 4339
6881 2 2 201 2 410 4815 4314
6882 2 2 201 2 4274 4298 4275
6883 2 2 201 2 421 4278 3044
6884 2 2 201 2 3042 4310 412
6885 2 2 201 2 4359 4360 4348
6886 2 2 201 2 413 4307 414
6887 2 2 201 2 4327 4329 4328
6888 2 2 201 2 4328 4344 4343
6889 2 2 201 2 410 4314 411
6890 2 2 201 2 4282 4283 4280
6891 2 2 201 2 4326 4327 3080
6892 2 2 201 2 668 4333 667
6893 2 2 201 2 3215 4330 4326
6894 2 2 201 2 4343 4344 3166
6895 2 2 201 2 3043 4304 4303
6896 2 2 201 2 3043 4305 4304
6897 2 2 201 2 3187 4815 409
6898 2 2 201 2 4299 4300 4298
6899 2 2 201 2 3043 4303 415
6900 2 2 201 2 4312 4313 4311
6901 2 2 201 2 411 4314 3042
6902 2 2 201 2 4327 4328 3080
6903 2 2 201 2 663 4343 3166
6904 2 2 201 2 4274 4275 3171
6905 2 2 201 2 420 4278 421
6906 2 2 201 2 3668 3983 3670
6907 2 2 201 2 3154 4298 4274
6908 2 2 201 2 414 4307 3043
6909 2 2 201 2 415 4303 416
6910 2 2 201 2 3042 4314 4312
6911 2 2 201 2 3972 3976 3973
6912 2 2 201 2 4360 4829 4348
6913 2 2 201 2 4344 4346 4345
6914 2 2 201 2 3670 3983 3853
6915 2 2 201 2 4304 4309 4302
6916 2 2 201 2 3652 3972 3751
6917 2 2 201 2 3970 3984 3983
6918 2 2 201 2 3581 4324 3579
6919 2 2 201 2 4305 4306 4304
6920 2 2 201 2 4110 4325 4114
6921 2 2 201 2 3632 4832 3634
6922 2 2 201 2 3967 3983 3668
6923 2 2 201 2 4017 4019 3709
6924 2 2 201 2 4114 4325 3974
6925 2 2 201 2 4306 4309 4304
6926 2 2 201 2 664 4343 663
6927 2 2 201 2 3154 4299 4298
6928 2 2 201 2 3619 4788 3617
6929 2 2 201 2 4344 4345 3166
6930 2 2 201 2 4345 4829 3166
6931 2 2 201 2 4011 4014 4013
6932 2 2 201 2 3972 3973 3751
6933 2 2 201 2 3978 3979 3750
6934 2 2 201 2 3130 4337 4335
6935 2 2 201 2 4058 4820 4055
6936 2 2 201 2 4356 4359 4358
6937 2 2 201 2 661 4360 660
6938 2 2 201 2 661 4829 4360
6939 2 2 201 2 3653 3978 3750
6940 2 2 201 2 416 4301 417
6941 2 2 201 2 3643 4834 3641
6942 2 2 201 2 3650 3972 3652
6943 2 2 201 2 3634 4832 3824
6944 2 2 201 2 4019 4324 3709
6945 2 2 201 2 416 4303 4301
6946 2 2 201 2 4200 4790 4202
6947 2 2 201 2 4266 4270 4267
6948 2 2 201 2 4346 4347 4345
6949 2 2 201 2 3665 4792 3730
6950 2 2 201 2 3638 3986 3741
6951 2 2 201 2 3709 4324 3581
6952 2 2 201 2 4356 4358 4357
6953 2 2 201 2 4348 4829 4345
6954 2 2 201 2 708 4180 3103
6955 2 2 201 2 4105 4106 3767
6956 2 2 201 2 3666 3967 3668
6957 2 2 201 2 4200 4202 4197
6958 2 2 201 2 3579 4324 3714
6959 2 2 201 2 3981 4503 4502
6960 2 2 201 2 3617 4788 4504
6961 2 2 201 2 3667 4792 3665
6962 2 2 201 2 3986 3987 3741
6963 2 2 201 2 276 4369 3218
6964 2 2 201 2 3191 4194 257
6965 2 2 201 2 709 4180 708
6966 2 2 201 2 3750 4502 3651
6967 2 2 201 2 3639 4105 3767
6968 2 2 201 2 3119 4238 4237
6969 2 2 201 2 281 4266 3061
6970 2 2 201 2 3983 3984 3853
6971 2 2 201 2 4208 4609 4608
6972 2 2 201 2 4301 4302 4299
6973 2 2 201 2 3709 4135 4017
6974 2 2 201 2 3587 4135 3583
6975 2 2 201 2 3662 4826 3664
6976 2 2 201 2 4314 4315 4312
6977 2 2 201 2 3553 4136 3829
6978 2 2 201 2 3043 4307 4305
6979 2 2 201 2 3758 4349 3660
6980 2 2 201 2 3377 4818 3375
6981 2 2 201 2 4197 4202 3759
6982 2 2 201 2 275 4369 276
6983 2 2 201 2 3132 4356 4355
6984 2 2 201 2 4266 4267 3061
6985 2 2 201 2 4127 4132 4128
6986 2 2 201 2 3132 4359 4356
6987 2 2 201 2 4507 4508 3182
6988 2 2 201 2 3992 3993 3588
6989 2 2 201 2 4356 4357 4352
6990 2 2 201 2 4805 4809 3725
6991 2 2 201 2 3642 4693 4146
6992 2 2 201 2 4209 4775 4774
6993 2 2 201 2 4587 4821 283
6994 2 2 201 2 290 4590 3064
6995 2 2 201 2 3599 4013 3819
6996 2 2 201 2 4058 4831 4820
6997 2 2 201 2 4013 4014 3819
6998 2 2 201 2 3551 4136 3553
6999 2 2 201 2 521 4507 3182
7000 2 2 201 2 4008 4013 3601
7001 2 2 201 2 4247 4273 4244
7002 2 2 201 2 3801 4127 3613
7003 2 2 201 2 3773 4789 4788
7004 2 2 201 2 3979 3981 3750
7005 2 2 201 2 3984 3985 3853
7006 2 2 201 2 4115 4136 3551
7007 2 2 201 2 4247 4529 4273
7008 2 2 201 2 4271 4808 4272
7009 2 2 201 2 3987 3988 3741
7010 2 2 201 2 4009 4126 4011
7011 2 2 201 2 3641 4834 4105
7012 2 2 201 2 3590 4135 3587
7013 2 2 201 2 4353 4540 4539
7014 2 2 201 2 3660 4349 3662
7015 2 2 201 2 4026 4027 3818
7016 2 2 201 2 682 4391 3131
7017 2 2 201 2 3603 4008 3601
7018 2 2 201 2 280 4266 281
7019 2 2 201 2 4307 4308 4305
7020 2 2 201 2 4588 4821 4587
7021 2 2 201 2 3630 4026 3818
7022 2 2 201 2 3981 4502 3750
7023 2 2 201 2 4011 4013 4008
7024 2 2 201 2 3132 4355 659
7025 2 2 201 2 3573 4376 4375
7026 2 2 201 2 3572 4632 3570
7027 2 2 201 2 3656 4325 4110
7028 2 2 201 2 257 4194 258
7029 2 2 201 2 4379 4383 4382
7030 2 2 201 2 526 4316 3141
7031 2 2 201 2 3773 4788 3619
7032 2 2 201 2 4355 4356 4352
7033 2 2 201 2 4350 4351 3174
7034 2 2 201 2 4208 4608 517
7035 2 2 201 2 4146 4693 4148
7036 2 2 201 2 3601 4013 3599
7037 2 2 201 2 3549 4115 3551
7038 2 2 201 2 4195 4196 3759
7039 2 2 201 2 4216 4728 4447
7040 2 2 201 2 4528 4541 4527
7041 2 2 201 2 3745 4384 3389
7042 2 2 201 2 3651 4502 3649
7043 2 2 201 2 3631 4195 3759
7044 2 2 201 2 3801 4132 4127
7045 2 2 201 2 3678 3778 3680
7046 2 2 201 2 256 4801 3191
7047 2 2 201 2 4239 4240 4238
7048 2 2 201 2 3591 4769 3811
7049 2 2 201 2 3573 4375 3568
7050 2 2 201 2 4321 4767 3376
7051 2 2 201 2 3371 4261 3369
7052 2 2 201 2 4251 4262 4261
7053 2 2 201 2 3586 3992 3588
7054 2 2 201 2 4382 4805 3725
7055 2 2 201 2 3811 4769 3891
7056 2 2 201 2 4248 4249 3762
7057 2 2 201 2 4379 4382 4376
7058 2 2 201 2 4213 4809 4805
7059 2 2 201 2 3389 4384 3387
7060 2 2 201 2 3636 3986 3638
7061 2 2 201 2 270 4586 271
7062 2 2 201 2 4106 4108 3767
7063 2 2 201 2 656 4539 655
7064 2 2 201 2 3373 4248 3762
7065 2 2 201 2 4539 4540 3109
7066 2 2 201 2 3979 3982 3981
7067 2 2 201 2 660 4360 3132
7068 2 2 201 2 3764 3967 3666
7069 2 2 201 2 3375 4818 4248
7070 2 2 201 2 3606 3712 3608
7071 2 2 201 2 3617 4504 3615
7072 2 2 201 2 3654 4325 3656
7073 2 2 201 2 3615 4504 3801
7074 2 2 201 2 655 4539 3109
7075 2 2 201 2 657 4350 3174
7076 2 2 201 2 4139 4207 4137
7077 2 2 201 2 517 4608 516
7078 2 2 201 2 4105 4107 4106
7079 2 2 201 2 3583 4135 3709
7080 2 2 201 2 3987 3989 3988
7081 2 2 201 2 4350 4352 4351
7082 2 2 201 2 3804 4497 3529
7083 2 2 201 2 3064 4204 4203
7084 2 2 201 2 4110 4114 4111
7085 2 2 201 2 4246 4247 4244
7086 2 2 201 2 3402 4486 3404
7087 2 2 201 2 3578 3580 3579
7088 2 2 201 2 3664 3764 3666
7089 2 2 201 2 4323 4767 4321
7090 2 2 201 2 3558 4447 3556
7091 2 2 201 2 3570 4632 3573
7092 2 2 201 2 3670 3672 3671
7093 2 2 201 2 3215 4333 4331
7094 2 2 201 2 3731 4506 3626
7095 2 2 201 2 3811 3870 3590
7096 2 2 201 2 3575 3843 3578
7097 2 2 201 2 683 4391 682
7098 2 2 201 2 4232 4233 3815
7099 2 2 201 2 3852 4487 4486
7100 2 2 201 2 4557 4757 4570
7101 2 2 201 2 573 4570 572
7102 2 2 201 2 3978 3980 3979
7103 2 2 201 2 4245 4246 4244
7104 2 2 201 2 4253 4254 3740
7105 2 2 201 2 4196 4197 3759
7106 2 2 201 2 288 4589 289
7107 2 2 201 2 3109 4541 4528
7108 2 2 201 2 3772 4195 3633
7109 2 2 201 2 3630 3632 3631
7110 2 2 201 2 3840 4646 3388
7111 2 2 201 2 3547 4827 3850
7112 2 2 201 2 3748 4834 3643
7113 2 2 201 2 3366 4253 3740
7114 2 2 201 2 3140 4209 511
7115 2 2 201 2 3102 4456 631
7116 2 2 201 2 3368 4259 3370
7117 2 2 201 2 4496 4717 4684
7118 2 2 201 2 3666 3668 3667
7119 2 2 201 2 400 4432 3075
7120 2 2 201 2 3605 3795 3603
7121 2 2 201 2 3618 4529 3722
7122 2 2 201 2 3642 3644 3643
7123 2 2 201 2 3852 4486 3402
7124 2 2 201 2 4362 4824 3580
7125 2 2 201 2 3635 3772 3633
7126 2 2 201 2 3560 4210 3574
7127 2 2 201 2 3835 3972 3650
7128 2 2 201 2 4241 4242 3717
7129 2 2 201 2 4540 4541 3109
7130 2 2 201 2 3537 4232 3815
7131 2 2 201 2 399 4432 400
7132 2 2 201 2 658 4350 657
7133 2 2 201 2 3539 4642 3541
7134 2 2 201 2 3578 4362 3580
7135 2 2 201 2 3640 4693 3642
7136 2 2 201 2 3970 3983 3967
7137 2 2 201 2 4318 4319 4317
7138 2 2 201 2 4210 4211 3574
7139 2 2 201 2 3652 3654 3653
7140 2 2 201 2 3613 4127 3611
7141 2 2 201 2 3574 4447 3558
7142 2 2 201 2 3824 3986 3636
7143 2 2 201 2 4384 4388 4385
7144 2 2 201 2 289 4590 290
7145 2 2 201 2 3745 4388 4384
7146 2 2 201 2 4531 4536 4535
7147 2 2 201 2 3762 4261 3371
7148 2 2 201 2 4602 4604 4603
7149 2 2 201 2 4484 4594 3101
7150 2 2 201 2 3795 4008 3603
7151 2 2 201 2 4525 4528 4527
7152 2 2 201 2 4276 4278 3171
7153 2 2 201 2 530 4585 529
7154 2 2 201 2 3973 3974 3751
7155 2 2 201 2 4116 4117 4115
7156 2 2 201 2 3212 4619 339
7157 2 2 201 2 3742 4818 3377
7158 2 2 201 2 3575 3578 3576
7159 2 2 201 2 4536 4538 4535
7160 2 2 201 2 3608 3610 3609
7161 2 2 201 2 3804 4498 4497
7162 2 2 201 2 385 4370 3197
7163 2 2 201 2 4436 4669 4439
7164 2 2 201 2 271 4586 3058
7165 2 2 201 2 4263 4822 3768
7166 2 2 201 2 3658 4110 3758
7167 2 2 201 2 4267 4268 3061
7168 2 2 201 2 4351 4353 3174
7169 2 2 201 2 4349 4826 3662
7170 2 2 201 2 3071 4419 372
7171 2 2 201 2 3571 3575 3572
7172 2 2 201 2 3575 4207 3843
7173 2 2 201 2 3678 3679 3677
7174 2 2 201 2 4146 4148 4147
7175 2 2 201 2 4746 4747 565
7176 2 2 201 2 3658 3660 3659
7177 2 2 201 2 564 4747 3083
7178 2 2 201 2 3114 4574 599
7179 2 2 201 2 3860 4803 3565
7180 2 2 201 2 3568 4375 3566
7181 2 2 201 2 566 4746 565
7182 2 2 201 2 4205 4206 4204
7183 2 2 201 2 4604 4605 4603
7184 2 2 201 2 3112 4578 615
7185 2 2 201 2 3801 4504 4133
7186 2 2 201 2 4684 4717 4683
7187 2 2 201 2 3410 4777 3412
7188 2 2 201 2 3656 4110 3658
7189 2 2 201 2 392 4683 393
7190 2 2 201 2 3213 4734 613
7191 2 2 201 2 3093 4742 4520
7192 2 2 201 2 631 4456 630
7193 2 2 201 2 4271 4272 4258
7194 2 2 201 2 3108 4713 4537
7195 2 2 201 2 4316 4320 3141
7196 2 2 201 2 3630 3818 3632
7197 2 2 201 2 4018 4019 4017
7198 2 2 201 2 4570 4757 572
7199 2 2 201 2 3612 3717 3614
7200 2 2 201 2 278 4721 3060
7201 2 2 201 2 4248 4250 4249
7202 2 2 201 2 336 4760 3149
7203 2 2 201 2 4623 4624 3088
7204 2 2 201 2 3518 3698 3516
7205 2 2 201 2 4501 4573 3836
7206 2 2 201 2 372 4419 373
7207 2 2 201 2 553 3116 552
7208 2 2 201 2 665 4326 3080
7209 2 2 201 2 4484 4762 4594
7210 2 2 201 2 3064 4590 4205
7211 2 2 201 2 4370 4371 3197
7212 2 2 201 2 3404 3406 3405
7213 2 2 201 2 341 4626 342
7214 2 2 201 2 3606 3608 3607
7215 2 2 201 2 3092 4677 4661
7216 2 2 201 2 4112 4349 3758
7217 2 2 201 2 4255 4260 4259
7218 2 2 201 2 3593 4769 3591
7219 2 2 201 2 527 4316 526
7220 2 2 201 2 4351 4354 4353
7221 2 2 201 2 3094 4683 392
7222 2 2 201 2 659 4355 658
7223 2 2 201 2 4608 4609 4239
7224 2 2 201 2 3221 4180 709
7225 2 2 201 2 4546 4549 4548
7226 2 2 201 2 626 4669 4436
7227 2 2 201 2 3064 4203 291
7228 2 2 201 2 389 4550 3193
7229 2 2 201 2 4715 4716 4514
7230 2 2 201 2 591 4602 590
7231 2 2 201 2 4426 4430 4427
7232 2 2 201 2 3388 4646 3390
7233 2 2 201 2 528 4830 3170
7234 2 2 201 2 4513 4715 4514
7235 2 2 201 2 3672 3673 3671
7236 2 2 201 2 4493 4495 4494
7237 2 2 201 2 3610 4813 4241
7238 2 2 201 2 4545 4621 4544
7239 2 2 201 2 3625 3787 3623
7240 2 2 201 2 3644 3832 3646
7241 2 2 201 2 4108 4810 3767
7242 2 2 201 2 3121 4656 595
7243 2 2 201 2 3694 4643 3443
7244 2 2 201 2 3573 4377 4376
7245 2 2 201 2 3626 4506 3628
7246 2 2 201 2 4055 4820 3661
7247 2 2 201 2 3089 4606 4605
7248 2 2 201 2 3639 3767 3637
7249 2 2 201 2 3571 4207 3575
7250 2 2 201 2 3149 4760 4546
7251 2 2 201 2 3621 3773 3619
7252 2 2 201 2 4614 4615 4613
7253 2 2 201 2 3633 4195 3631
7254 2 2 201 2 4627 4743 4626
7255 2 2 201 2 3467 3469 3468
7256 2 2 201 2 3412 3414 3413
7257 2 2 201 2 384 4370 385
7258 2 2 201 2 3135 4669 627
7259 2 2 201 2 4619 4623 3088
7260 2 2 201 2 3545 3547 3546
7261 2 2 201 2 3670 3853 3672
7262 2 2 201 2 4541 4543 4527
7263 2 2 201 2 3459 3461 3460
7264 2 2 201 2 3624 3731 3626
7265 2 2 201 2 3820 4271 4258
7266 2 2 201 2 3406 4776 3408
7267 2 2 201 2 3463 3465 3464
7268 2 2 201 2 3475 3477 3476
7269 2 2 201 2 3186 4737 374
7270 2 2 201 2 377 4715 4513
7271 2 2 201 2 3582 3847 3586
7272 2 2 201 2 4649 4761 4647
7273 2 2 201 2 394 3180 395
7274 2 2 201 2 3485 3487 3486
7275 2 2 201 2 3507 3509 3508
7276 2 2 201 2 4216 4447 4212
7277 2 2 201 2 377 4513 378
7278 2 2 201 2 3616 3618 3617
7279 2 2 201 2 3677 3716 3675
7280 2 2 201 2 591 4604 4602
7281 2 2 201 2 3516 4664 3514
7282 2 2 201 2 4437 4445 4440
7283 2 2 201 2 4148 4693 3988
7284 2 2 201 2 565 4747 564
7285 2 2 201 2 641 3100 640
7286 2 2 201 2 3119 4239 4238
7287 2 2 201 2 3505 3507 3506
7288 2 2 201 2 3648 3649 3647
7289 2 2 201 2 3650 3651 3649
7290 2 2 201 2 4110 4111 3758
7291 2 2 201 2 4447 4728 3556
7292 2 2 201 2 3612 4241 3717
7293 2 2 201 2 335 4760 336
7294 2 2 201 2 3847 3992 3586
7295 2 2 201 2 3612 3613 3611
7296 2 2 201 2 3515 4414 3791
7297 2 2 201 2 3641 4105 3639
7298 2 2 201 2 385 3197 386
7299 2 2 201 2 3818 4832 3632
7300 2 2 201 2 4439 4445 4437
7301 2 2 201 2 353 4631 354
7302 2 2 201 2 3089 4654 4606
7303 2 2 201 2 619 4530 618
7304 2 2 201 2 4372 4730 3197
7305 2 2 201 2 3393 4772 3391
7306 2 2 201 2 4670 4671 3502
7307 2 2 201 2 3634 3824 3636
7308 2 2 201 2 3745 4389 4388
7309 2 2 201 2 4209 4774 510
7310 2 2 201 2 4647 4761 580
7311 2 2 201 2 3376 4767 3378
7312 2 2 201 2 3638 3640 3639
7313 2 2 201 2 4026 4028 4027
7314 2 2 201 2 4552 4739 4553
7315 2 2 201 2 4700 4701 4699
7316 2 2 201 2 396 4493 3040
7317 2 2 201 2 4518 4522 3202
7318 2 2 201 2 3391 4772 3745
7319 2 2 201 2 3634 3635 3633
7320 2 2 201 2 3764 3968 3967
7321 2 2 201 2 4414 4415 3791
7322 2 2 201 2 545 4766 544
7323 2 2 201 2 3854 4776 3406
7324 2 2 201 2 3518 4363 3698
7325 2 2 201 2 361 4709 3185
7326 2 2 201 2 378 3172 379
7327 2 2 201 2 4552 4553 3207
7328 2 2 201 2 3600 3602 3601
7329 2 2 201 2 373 3186 374
7330 2 2 201 2 4482 4483 3101
7331 2 2 201 2 3596 3598 3597
7332 2 2 201 2 3847 3994 3992
7333 2 2 201 2 3506 3706 3504
7334 2 2 201 2 4540 4542 4541
7335 2 2 201 2 3491 4723 3493
7336 2 2 201 2 3618 3620 3619
7337 2 2 201 2 3495 3765 3497
7338 2 2 201 2 4014 4015 3819
7339 2 2 201 2 319 4610 3148
7340 2 2 201 2 4515 4516 3211
7341 2 2 201 2 4670 4675 4671
7342 2 2 201 2 380 4426 3073
7343 2 2 201 2 3614 3616 3615
7344 2 2 201 2 4419 4422 4420
7345 2 2 201 2 653 4525 652
7346 2 2 201 2 4704 4709 360
7347 2 2 201 2 3210 4666 4618
7348 2 2 201 2 3658 3758 3660
7349 2 2 201 2 387 3039 388
7350 2 2 201 2 396 3040 397
7351 2 2 201 2 411 3042 412
7352 2 2 201 2 414 3043 415
7353 2 2 201 2 421 3044 422
7354 2 2 201 2 428 3045 429
7355 2 2 201 2 433 3046 434
7356 2 2 201 2 436 3047 437
7357 2 2 201 2 455 3049 456
7358 2 2 201 2 458 3050 459
7359 2 2 201 2 628 3135 627
7360 2 2 201 2 371 4714 3071
7361 2 2 201 2 406 3041 407
7362 2 2 201 2 441 3048 442
7363 2 2 201 2 463 3051 464
7364 2 2 201 2 4421 4737 3186
7365 2 2 201 2 3861 4141 4138
7366 2 2 201 2 4665 4763 4664
7367 2 2 201 2 712 3128 711
7368 2 2 201 2 3534 4695 3756
7369 2 2 201 2 4457 4458 3190
7370 2 2 201 2 599 4574 598
7371 2 2 201 2 615 4578 614
7372 2 2 201 2 3093 4519 4517
7373 2 2 201 2 3121 4657 4656
7374 2 2 201 2 3372 3374 3373
7375 2 2 201 2 4441 4443 4442
7376 2 2 201 2 364 4515 365
7377 2 2 201 2 4683 4717 393
7378 2 2 201 2 3072 4716 4715
7379 2 2 201 2 3216 4688 4668
7380 2 2 201 2 3490 3721 3488
7381 2 2 201 2 3416 3418 3417
7382 2 2 201 2 4750 4773 382
7383 2 2 201 2 3563 3565 3564
7384 2 2 201 2 3608 4813 3610
7385 2 2 201 2 3852 4488 4487
7386 2 2 201 2 4440 4441 4438
7387 2 2 201 2 4672 4674 4673
7388 2 2 201 2 3121 4658 4657
7389 2 2 201 2 3543 3545 3544
7390 2 2 201 2 4511 4781 4442
7391 2 2 201 2 4724 4725 4723
7392 2 2 201 2 4426 4427 3073
7393 2 2 201 2 3509 3783 3511
7394 2 2 201 2 3554 3577 3552
7395 2 2 201 2 3090 4629 4628
7396 2 2 201 2 3132 4360 4359
7397 2 2 201 2 3567 3569 3568
7398 2 2 201 2 338 4544 3212
7399 2 2 201 2 369 4517 3202
7400 2 2 201 2 607 4677 3092
7401 2 2 201 2 3604 3605 3603
7402 2 2 201 2 4729 4752 4512
7403 2 2 201 2 403 4645 3158
7404 2 2 201 2 4711 4722 3185
7405 2 2 201 2 3618 3619 3617
7406 2 2 201 2 4557 4570 4554
7407 2 2 201 2 357 4758 358
7408 2 2 201 2 541 4509 3183
7409 2 2 201 2 3087 4648 4647
7410 2 2 201 2 3586 3588 3587
7411 2 2 201 2 3208 4598 589
7412 2 2 201 2 3700 4744 3435
7413 2 2 201 2 3870 4135 3590
7414 2 2 201 2 408 3187 409
7415 2 2 201 2 426 3177 427
7416 2 2 201 2 431 3198 432
7417 2 2 201 2 439 3167 440
7418 2 2 201 2 446 3163 447
7419 2 2 201 2 461 3161 462
7420 2 2 201 2 4659 4662 3209
7421 2 2 201 2 3424 3426 3425
7422 2 2 201 2 3500 3713 3498
7423 2 2 201 2 4628 4631 353
7424 2 2 201 2 3071 4714 4423
7425 2 2 201 2 3087 4753 4650
7426 2 2 201 2 3201 4781 4511
7427 2 2 201 2 3400 3852 3402
7428 2 2 201 2 634 3173 633
7429 2 2 201 2 705 3169 704
7430 2 2 201 2 3628 4026 3630
7431 2 2 201 2 3662 3663 3661
7432 2 2 201 2 318 4610 319
7433 2 2 201 2 636 3111 635
7434 2 2 201 2 3432 3434 3433
7435 2 2 201 2 4807 4812 3746
7436 2 2 201 2 4260 4812 4807
7437 2 2 201 2 4753 4782 4653
7438 2 2 201 2 3569 4137 3571
7439 2 2 201 2 4437 4440 4438
7440 2 2 201 2 4689 4690 4688
7441 2 2 201 2 625 3106 624
7442 2 2 201 2 3396 3398 3397
7443 2 2 201 2 3413 3723 3411
7444 2 2 201 2 3798 4678 3424
7445 2 2 201 2 3676 3677 3675
7446 2 2 201 2 620 3108 619
7447 2 2 201 2 4544 4621 3212
7448 2 2 201 2 3364 4253 3366
7449 2 2 201 2 3539 3541 3540
7450 2 2 201 2 3611 3786 3609
7451 2 2 201 2 4530 4536 4531
7452 2 2 201 2 4654 4655 4606
7453 2 2 201 2 4633 4636 4635
7454 2 2 201 2 311 3157 312
7455 2 2 201 2 643 3196 642
7456 2 2 201 2 680 3214 679
7457 2 2 201 2 710 3221 709
7458 2 2 201 2 4436 4437 3106
7459 2 2 201 2 3638 3639 3637
7460 2 2 201 2 3655 3978 3653
7461 2 2 201 2 4546 4760 4549
7462 2 2 201 2 336 3149 337
7463 2 2 201 2 389 3193 390
7464 2 2 201 2 616 4778 3112
7465 2 2 201 2 3108 4530 619
7466 2 2 201 2 4584 4783 4748
7467 2 2 201 2 329 4612 330
7468 2 2 201 2 3070 4515 364
7469 2 2 201 2 366 4742 367
7470 2 2 201 2 408 4551 3187
7471 2 2 201 2 3119 4237 515
7472 2 2 201 2 564 3083 563
7473 2 2 201 2 567 3084 566
7474 2 2 201 2 571 3085 570
7475 2 2 201 2 582 3087 581
7476 2 2 201 2 593 3089 592
7477 2 2 201 2 603 3091 602
7478 2 2 201 2 607 3092 606
7479 2 2 201 2 627 4669 626
7480 2 2 201 2 4146 4147 3832
7481 2 2 201 2 4233 4236 4234
7482 2 2 201 2 4751 4773 4750
7483 2 2 201 2 3112 4584 4578
7484 2 2 201 2 4511 4752 3201
7485 2 2 201 2 3815 4642 3539
7486 2 2 201 2 4440 4444 4441
7487 2 2 201 2 401 4644 402
7488 2 2 201 2 3404 4486 3854
7489 2 2 201 2 3668 3670 3669
7490 2 2 201 2 4525 4527 4526
7491 2 2 201 2 4654 4656 4655
7492 2 2 201 2 350 4617 351
7493 2 2 201 2 602 4741 601
7494 2 2 201 2 645 4482 3101
7495 2 2 201 2 3372 3373 3371
7496 2 2 201 2 3566 3725 3564
7497 2 2 201 2 3649 3755 3647
7498 2 2 201 2 4378 4379 4376
7499 2 2 201 2 3185 4722 362
7500 2 2 201 2 3426 3428 3427
7501 2 2 201 2 4428 4751 4750
7502 2 2 201 2 3374 3375 3373
7503 2 2 201 2 3382 4524 3837
7504 2 2 201 2 3434 3436 3435
7505 2 2 201 2 3460 4754 3458
7506 2 2 201 2 3464 4639 3462
7507 2 2 201 2 4370 4373 4371
7508 2 2 201 2 369 3202 370
7509 2 2 201 2 3089 4604 592
7510 2 2 201 2 618 4530 3203
7511 2 2 201 2 621 4713 620
7512 2 2 201 2 3485 3788 3487
7513 2 2 201 2 3498 4726 3496
7514 2 2 201 2 3515 3517 3516
7515 2 2 201 2 4637 4641 3839
7516 2 2 201 2 3891 3900 3871
7517 2 2 201 2 4232 4235 4233
7518 2 2 201 2 4493 4494 3040
7519 2 2 201 2 3468 4637 3466
7520 2 2 201 2 4497 4501 3836
7521 2 2 201 2 3172 4430 4426
7522 2 2 201 2 3360 4271 3362
7523 2 2 201 2 3445 3694 3443
7524 2 2 201 2 3620 3621 3619
7525 2 2 201 2 3092 4659 606
7526 2 2 201 2 4537 4752 4729
7527 2 2 201 2 4546 4547 4545
7528 2 2 201 2 4579 4584 4582
7529 2 2 201 2 3041 4551 407
7530 2 2 201 2 648 3181 647
7531 2 2 201 2 3602 4799 3780
7532 2 2 201 2 4542 4543 4541
7533 2 2 201 2 4606 4607 4605
7534 2 2 201 2 255 4801 256
7535 2 2 201 2 663 3166 662
7536 2 2 201 2 3378 3833 3380
7537 2 2 201 2 3848 4791 3398
7538 2 2 201 2 3531 3533 3532
7539 2 2 201 2 3598 3600 3599
7540 2 2 201 2 3600 4799 3602
7541 2 2 201 2 3861 4138 4137
7542 2 2 201 2 4241 4243 4242
7543 2 2 201 2 316 3184 317
7544 2 2 201 2 3114 4575 4574
7545 2 2 201 2 3212 4620 4619
7546 2 2 201 2 3475 4691 3477
7547 2 2 201 2 3543 3822 3545
7548 2 2 201 2 3654 3655 3653
7549 2 2 201 2 3894 4017 3870
7550 2 2 201 2 4215 4216 4212
7551 2 2 201 2 345 3216 346
7552 2 2 201 2 354 4631 3152
7553 2 2 201 2 376 4715 377
7554 2 2 201 2 3405 3733 3403
7555 2 2 201 2 3463 3757 3465
7556 2 2 201 2 3783 4685 3511
7557 2 2 201 2 3557 3558 3556
7558 2 2 201 2 695 3162 694
7559 2 2 201 2 3369 4261 3768
7560 2 2 201 2 3705 4731 3427
7561 2 2 201 2 3428 3430 3429
7562 2 2 201 2 3481 3779 3483
7563 2 2 201 2 3596 3597 3595
7564 2 2 201 2 4549 4760 4687
7565 2 2 201 2 365 3211 366
7566 2 2 201 2 3412 3790 3414
7567 2 2 201 2 3467 3761 3469
7568 2 2 201 2 324 3204 325
7569 2 2 201 2 356 3217 357
7570 2 2 201 2 553 4435 3116
7571 2 2 201 2 4572 4739 3146
7572 2 2 201 2 3390 3760 3392
7573 2 2 201 2 3476 3830 3474
7574 2 2 201 2 3616 4529 3618
7575 2 2 201 2 4489 4666 3210
7576 2 2 201 2 3791 4765 3517
7577 2 2 201 2 3580 3582 3581
7578 2 2 201 2 4553 4561 4555
7579 2 2 201 2 4556 4557 4554
7580 2 2 201 2 4017 4135 3870
7581 2 2 201 2 3088 4626 341
7582 2 2 201 2 620 4713 3108
7583 2 2 201 2 3482 4749 3480
7584 2 2 201 2 3757 4720 4718
7585 2 2 201 2 361 3185 362
7586 2 2 201 2 3180 4493 395
7587 2 2 201 2 576 4571 3146
7588 2 2 201 2 589 4598 588
7589 2 2 201 2 606 4659 605
7590 2 2 201 2 625 4436 3106
7591 2 2 201 2 4571 4572 3146
7592 2 2 201 2 3199 4795 4434
7593 2 2 201 2 3696 4593 3439
7594 2 2 201 2 3500 4671 3713
7595 2 2 201 2 367 4742 3093
7596 2 2 201 2 3087 4647 581
7597 2 2 201 2 605 4659 3209
7598 2 2 201 2 3436 3438 3437
7599 2 2 201 2 3594 3770 3596
7600 2 2 201 2 308 3082 309
7601 2 2 201 2 319 3148 320
7602 2 2 201 2 324 4703 3204
7603 2 2 201 2 330 3086 331
7604 2 2 201 2 340 3088 341
7605 2 2 201 2 351 3090 352
7606 2 2 201 2 367 3093 368
7607 2 2 201 2 374 4737 375
7608 2 2 201 2 391 3094 392
7609 2 2 201 2 590 4602 3208
7610 2 2 201 2 700 3153 699
7611 2 2 201 2 3401 3737 3399
7612 2 2 201 2 3850 4115 3549
7613 2 2 201 2 3563 3860 3565
7614 2 2 201 2 3566 4375 3725
7615 2 2 201 2 3861 4137 3569
7616 2 2 201 2 4255 4259 3740
7617 2 2 201 2 4630 4636 4633
7618 2 2 201 2 4705 4706 4704
7619 2 2 201 2 359 4704 360
7620 2 2 201 2 379 4426 380
7621 2 2 201 2 4517 4518 3202
7622 2 2 201 2 3535 3537 3536
7623 2 2 201 2 4671 4672 3713
7624 2 2 201 2 4699 4701 3860
7625 2 2 201 2 4748 4783 4534
7626 2 2 201 2 583 4782 4753
7627 2 2 201 2 616 3112 615
7628 2 2 201 2 665 3080 664
7629 2 2 201 2 3538 3753 3536
7630 2 2 201 2 3650 3652 3651
7631 2 2 201 2 4106 4109 4108
7632 2 2 201 2 4517 4519 4518
7633 2 2 201 2 4648 4649 4647
7634 2 2 201 2 3180 4717 4496
7635 2 2 201 2 3449 3451 3450
7636 2 2 201 2 3529 3531 3530
7637 2 2 201 2 3533 3535 3534
7638 2 2 201 2 3678 3680 3679
7639 2 2 201 2 4483 4485 4484
7640 2 2 201 2 373 4419 3186
7641 2 2 201 2 626 4436 625
7642 2 2 201 2 4438 4771 3106
7643 2 2 201 2 3811 3891 3871
7644 2 2 201 2 4442 4781 4771
7645 2 2 201 2 593 4654 3089
7646 2 2 201 2 4437 4438 3106
7647 2 2 201 2 3698 4664 3516
7648 2 2 201 2 3557 3559 3558
7649 2 2 201 2 4499 4500 4498
7650 2 2 201 2 332 4676 333
7651 2 2 201 2 398 3199 399
7652 2 2 201 2 3200 4738 597
7653 2 2 201 2 647 4361 646
7654 2 2 201 2 3149 4546 4545
7655 2 2 201 2 4633 4634 3152
7656 2 2 201 2 3876 4745 3442
7657 2 2 201 2 3529 4497 3531
7658 2 2 201 2 3611 4127 3786
7659 2 2 201 2 4233 4234 3815
7660 2 2 201 2 4579 4581 4580
7661 2 2 201 2 338 3212 339
7662 2 2 201 2 569 3206 568
7663 2 2 201 2 574 3207 573
7664 2 2 201 2 577 4571 576
7665 2 2 201 2 590 3208 589
7666 2 2 201 2 605 3209 604
7667 2 2 201 2 4385 4386 3749
7668 2 2 201 2 4512 4752 4511
7669 2 2 201 2 3151 4687 334
7670 2 2 201 2 3199 4432 399
7671 2 2 201 2 3089 4605 4604
7672 2 2 201 2 3180 4495 4493
7673 2 2 201 2 3412 3413 3411
7674 2 2 201 2 3462 4639 3841
7675 2 2 201 2 3519 3520 3518
7676 2 2 201 2 3535 3536 3534
7677 2 2 201 2 3580 3581 3579
7678 2 2 201 2 3674 3676 3675
7679 2 2 201 2 4621 4622 4620
7680 2 2 201 2 609 3179 608
7681 2 2 201 2 3118 4705 4704
7682 2 2 201 2 3150 4490 4489
7683 2 2 201 2 3527 3804 3529
7684 2 2 201 2 3600 3601 3599
7685 2 2 201 2 3636 3637 3635
7686 2 2 201 2 4668 4688 4491
7687 2 2 201 2 347 4668 3150
7688 2 2 201 2 3408 3856 3410
7689 2 2 201 2 3442 3444 3443
7690 2 2 201 2 3451 4735 3452
7691 2 2 201 2 3801 4133 4132
7692 2 2 201 2 4490 4666 4489
7693 2 2 201 2 4706 4710 4709
7694 2 2 201 2 337 4544 338
7695 2 2 201 2 598 3200 597
7696 2 2 201 2 614 3213 613
7697 2 2 201 2 655 3109 654
7698 2 2 201 2 673 3107 672
7699 2 2 201 2 678 3110 677
7700 2 2 201 2 686 3105 685
7701 2 2 201 2 693 3104 692
7702 2 2 201 2 708 3103 707
7703 2 2 201 2 3199 4434 4433
7704 2 2 201 2 3388 3389 3387
7705 2 2 201 2 3561 3562 3560
7706 2 2 201 2 4127 4128 3786
7707 2 2 201 2 4578 4584 4579
7708 2 2 201 2 4584 4748 4582
7709 2 2 201 2 3217 4758 357
7710 2 2 201 2 596 4738 3121
7711 2 2 201 2 3444 3445 3443
7712 2 2 201 2 3525 3526 3524
7713 2 2 201 2 3622 3623 3621
7714 2 2 201 2 4198 4199 4197
7715 2 2 201 2 4556 4558 4557
7716 2 2 201 2 4707 4708 4705
7717 2 2 201 2 3438 3440 3439
7718 2 2 201 2 3578 3579 3576
7719 2 2 201 2 3640 3641 3639
7720 2 2 201 2 4546 4548 4547
7721 2 2 201 2 555 3192 554
7722 2 2 201 2 3150 4668 4491
7723 2 2 201 2 3216 4689 4688
7724 2 2 201 2 382 4773 383
7725 2 2 201 2 3039 4550 388
7726 2 2 201 2 3380 4524 3382
7727 2 2 201 2 3390 3392 3391
7728 2 2 201 2 3404 3854 3406
7729 2 2 201 2 3529 3530 3528
7730 2 2 201 2 3534 3756 3532
7731 2 2 201 2 3604 3606 3605
7732 2 2 201 2 4443 4511 4442
7733 2 2 201 2 349 3210 350
7734 2 2 201 2 3440 3442 3441
7735 2 2 201 2 3452 3455 3454
7736 2 2 201 2 3505 3506 3504
7737 2 2 201 2 4254 4255 3740
7738 2 2 201 2 3839 4641 4640
7739 2 2 201 2 4374 4773 4751
7740 2 2 201 2 365 4515 3211
7741 2 2 201 2 3497 3498 3496
7742 2 2 201 2 3515 3791 3517
7743 2 2 201 2 4363 4365 4364
7744 2 2 201 2 378 4513 3172
7745 2 2 201 2 395 4493 396
7746 2 2 201 2 580 4761 579
7747 2 2 201 2 3387 4384 3749
7748 2 2 201 2 3397 3726 3395
7749 2 2 201 2 3437 4593 3700
7750 2 2 201 2 3491 3492 3490
7751 2 2 201 2 3569 3570 3568
7752 2 2 201 2 3592 3594 3593
7753 2 2 201 2 4199 4200 4197
7754 2 2 201 2 4713 4752 4537
7755 2 2 201 2 4656 4657 4655
7756 2 2 201 2 349 4489 3210
7757 2 2 201 2 363 4722 3070
7758 2 2 201 2 3453 4755 3450
7759 2 2 201 2 3595 3825 3593
7760 2 2 201 2 4610 4611 3148
7761 2 2 201 2 3394 3396 3395
7762 2 2 201 2 3398 3399 3397
7763 2 2 201 2 3459 3460 3458
7764 2 2 201 2 3841 4754 3460
7765 2 2 201 2 3463 3464 3462
7766 2 2 201 2 3471 3472 3470
7767 2 2 201 2 3499 3500 3498
7768 2 2 201 2 4664 4763 3514
7769 2 2 201 2 3531 4497 3836
7770 2 2 201 2 3598 3599 3597
7771 2 2 201 2 3648 3650 3649
7772 2 2 201 2 3845 3892 3880
7773 2 2 201 2 4554 4570 3207
7774 2 2 201 2 3485 3486 3484
7775 2 2 201 2 3769 4768 3522
7776 2 2 201 2 3553 3554 3552
7777 2 2 201 2 3759 4202 3629
7778 2 2 201 2 3388 3390 3389
7779 2 2 201 2 3446 3449 3447
7780 2 2 201 2 3466 4637 3839
7781 2 2 201 2 3583 3709 3581
7782 2 2 201 2 3654 3656 3655
7783 2 2 201 2 4242 4244 3717
7784 2 2 201 2 334 4687 335
7785 2 2 201 2 383 4773 3074
7786 2 2 201 2 3207 4570 573
7787 2 2 201 2 3418 3419 3417
7788 2 2 201 2 3467 3468 3466
7789 2 2 201 2 3493 4770 3495
7790 2 2 201 2 3843 4362 3578
7791 2 2 201 2 3776 4799 3600
7792 2 2 201 2 4673 4726 3713
7793 2 2 201 2 4638 4641 4637
7794 2 2 201 2 327 3097 328
7795 2 2 201 2 343 3098 344
7796 2 2 201 2 581 4647 580
7797 2 2 201 2 601 4741 4740
7798 2 2 201 2 3181 4361 647
7799 2 2 201 2 4428 4750 3073
7800 2 2 201 2 3212 4621 4620
7801 2 2 201 2 3373 3762 3371
7802 2 2 201 2 3521 3523 3522
7803 2 2 201 2 333 3151 334
7804 2 2 201 2 347 3150 348
7805 2 2 201 2 354 3152 355
7806 2 2 201 2 362 4722 363
7807 2 2 201 2 594 4654 593
7808 2 2 201 2 3091 4741 602
7809 2 2 201 2 645 3101 644
7810 2 2 201 2 3475 3476 3474
7811 2 2 201 2 3513 3515 3514
7812 2 2 201 2 3567 3568 3566
7813 2 2 201 2 4242 4245 4244
7814 2 2 201 2 3362 4271 3820
7815 2 2 201 2 4755 4756 3447
7816 2 2 201 2 3477 4691 3775
7817 2 2 201 2 3481 3482 3480
7818 2 2 201 2 3480 4749 3827
7819 2 2 201 2 3517 3519 3518
7820 2 2 201 2 3545 3546 3544
7821 2 2 201 2 3631 3759 3629
7822 2 2 201 2 340 4619 3088
7823 2 2 201 2 3420 3421 3419
7824 2 2 201 2 3554 4728 3577
7825 2 2 201 2 3592 3593 3591
7826 2 2 201 2 3595 4811 3825
7827 2 2 201 2 3608 3609 3607
7828 2 2 201 2 322 3117 323
7829 2 2 201 2 358 3118 359
7830 2 2 201 2 585 3120 584
7831 2 2 201 2 596 3121 595
7832 2 2 201 2 612 3122 611
7833 2 2 201 2 3118 4707 4705
7834 2 2 201 2 4709 4710 3185
7835 2 2 201 2 3382 3837 3384
7836 2 2 201 2 3396 3397 3395
7837 2 2 201 2 3433 4744 3702
7838 2 2 201 2 3839 4639 3464
7839 2 2 201 2 3511 3513 3512
7840 2 2 201 2 3579 3714 3576
7841 2 2 201 2 4366 4665 4664
7842 2 2 201 2 4531 4535 4533
7843 2 2 201 2 608 4677 607
7844 2 2 201 2 3208 4599 4598
7845 2 2 201 2 3210 4618 4617
7846 2 2 201 2 3739 4637 3468
7847 2 2 201 2 3479 3480 3478
7848 2 2 201 2 3489 3490 3488
7849 2 2 201 2 3533 4796 3535
7850 2 2 201 2 3535 4232 3537
7851 2 2 201 2 3542 3585 3540
7852 2 2 201 2 3638 3741 3640
7853 2 2 201 2 3730 4792 4057
7854 2 2 201 2 3820 4258 4257
7855 2 2 201 2 4138 4139 4137
7856 2 2 201 2 356 4694 3217
7857 2 2 201 2 386 4730 387
7858 2 2 201 2 398 4795 3199
7859 2 2 201 2 4771 4781 623
7860 2 2 201 2 4580 4734 3213
7861 2 2 201 2 3845 3846 3453
7862 2 2 201 2 3455 3457 3456
7863 2 2 201 2 3547 3548 3546
7864 2 2 201 2 3553 3555 3554
7865 2 2 201 2 3573 4632 4377
7866 2 2 201 2 4633 4635 4634
7867 2 2 201 2 4128 4129 3786
7868 2 2 201 2 3804 4499 4498
7869 2 2 201 2 4434 4795 4786
7870 2 2 201 2 3071 4423 4422
7871 2 2 201 2 3208 4600 4599
7872 2 2 201 2 3749 4798 3385
7873 2 2 201 2 3571 3572 3570
7874 2 2 201 2 3652 3751 3654
7875 2 2 201 2 4799 4800 3780
7876 2 2 201 2 639 3178 638
7877 2 2 201 2 3424 3425 3423
7878 2 2 201 2 3432 3433 3431
7879 2 2 201 2 3744 4691 3475
7880 2 2 201 2 4436 4439 4437
7881 2 2 201 2 4537 4729 4538
7882 2 2 201 2 348 4489 349
7883 2 2 201 2 3457 3459 3458
7884 2 2 201 2 3509 3510 3508
7885 2 2 201 2 4416 4765 3791
7886 2 2 201 2 4498 4501 4497
7887 2 2 201 2 594 4656 4654
7888 2 2 201 2 4483 4484 3101
7889 2 2 201 2 4631 4633 3152
7890 2 2 201 2 3740 4259 3368
7891 2 2 201 2 3382 3384 3383
7892 2 2 201 2 3469 3471 3470
7893 2 2 201 2 3473 3475 3474
7894 2 2 201 2 3496 4726 3808
7895 2 2 201 2 4718 4720 4719
7896 2 2 201 2 3179 4677 608
7897 2 2 201 2 4634 4694 3152
7898 2 2 201 2 3402 3403 3401
7899 2 2 201 2 3517 3518 3516
7900 2 2 201 2 4555 4556 4554
7901 2 2 201 2 355 4694 356
7902 2 2 201 2 387 4730 3039
7903 2 2 201 2 394 4717 3180
7904 2 2 201 2 4679 4680 3094
7905 2 2 201 2 3378 3379 3377
7906 2 2 201 2 3856 4777 3410
7907 2 2 201 2 3414 3415 3413
7908 2 2 201 2 3465 3467 3466
7909 2 2 201 2 3541 4794 3543
7910 2 2 201 2 3563 3564 3562
7911 2 2 201 2 3886 3895 3887
7912 2 2 201 2 4211 4214 4212
7913 2 2 201 2 603 4727 3091
7914 2 2 201 2 3426 3427 3425
7915 2 2 201 2 3483 3485 3484
7916 2 2 201 2 4137 4207 3571
7917 2 2 201 2 4414 4417 4415
7918 2 2 201 2 3074 4370 384
7919 2 2 201 2 3092 4661 4660
7920 2 2 201 2 4371 4372 3197
7921 2 2 201 2 3384 3386 3385
7922 2 2 201 2 3428 3429 3427
7923 2 2 201 2 3461 3463 3462
7924 2 2 201 2 3559 3561 3560
7925 2 2 201 2 4265 4270 4266
7926 2 2 201 2 4626 4743 342
7927 2 2 201 2 4420 4421 3186
7928 2 2 201 2 3410 3411 3409
7929 2 2 201 2 4650 4653 4652
7930 2 2 201 2 653 4528 4525
7931 2 2 201 2 3374 3376 3375
7932 2 2 201 2 3376 3377 3375
7933 2 2 201 2 3495 4770 3765
7934 2 2 201 2 4513 4514 4431
7935 2 2 201 2 4630 4633 4631
7936 2 2 201 2 3386 3388 3387
7937 2 2 201 2 3555 3556 3554
7938 2 2 201 2 4364 4366 3698
7939 2 2 201 2 4251 4261 3762
7940 2 2 201 2 4579 4582 4581
7941 2 2 201 2 4624 4627 4626
7942 2 2 201 2 598 4574 3200
7943 2 2 201 2 614 4578 3213
7944 2 2 201 2 3087 4650 4648
7945 2 2 201 2 4624 4626 3088
7946 2 2 201 2 3108 4537 4536
7947 2 2 201 2 3114 4576 4575
7948 2 2 201 2 3406 3407 3405
7949 2 2 201 2 3844 4663 3456
7950 2 2 201 2 3477 3479 3478
7951 2 2 201 2 3525 3527 3526
7952 2 2 201 2 4234 4642 3815
7953 2 2 201 2 3880 3886 3846
7954 2 2 201 2 4602 4603 4600
7955 2 2 201 2 3220 4586 270
7956 2 2 201 2 3150 4489 348
7957 2 2 201 2 3118 4704 359
7958 2 2 201 2 3197 4730 386
7959 2 2 201 2 417 3154 418
7960 2 2 201 2 4680 4681 3094
7961 2 2 201 2 3502 4671 3500
7962 2 2 201 2 3622 3624 3623
7963 2 2 201 2 4706 4709 4704
7964 2 2 201 2 3152 4694 355
7965 2 2 201 2 646 4482 645
7966 2 2 201 2 3434 3435 3433
7967 2 2 201 2 3517 4765 3519
7968 2 2 201 2 3541 3542 3540
7969 2 2 201 2 4363 4364 3698
7970 2 2 201 2 4623 4625 4624
7971 2 2 201 2 254 3053 255
7972 2 2 201 2 274 3059 275
7973 2 2 201 2 281 3061 282
7974 2 2 201 2 284 3155 285
7975 2 2 201 2 287 3063 288
7976 2 2 201 2 294 3065 295
7977 2 2 201 2 301 3067 302
7978 2 2 201 2 304 3068 305
7979 2 2 201 2 314 3069 315
7980 2 2 201 2 330 4612 3086
7981 2 2 201 2 363 3070 364
7982 2 2 201 2 371 3071 372
7983 2 2 201 2 375 3072 376
7984 2 2 201 2 380 3073 381
7985 2 2 201 2 3073 4750 381
7986 2 2 201 2 383 3074 384
7987 2 2 201 2 400 3075 401
7988 2 2 201 2 403 3158 404
7989 2 2 201 2 3093 4520 4519
7990 2 2 201 2 3366 3740 3368
7991 2 2 201 2 3387 3749 3385
7992 2 2 201 2 3408 3410 3409
7993 2 2 201 2 3451 3452 3450
7994 2 2 201 2 3728 4749 3482
7995 2 2 201 2 3783 4686 4685
7996 2 2 201 2 251 3052 252
7997 2 2 201 2 258 3054 259
7998 2 2 201 2 261 3055 262
7999 2 2 201 2 264 3056 265
8000 2 2 201 2 267 3057 268
8001 2 2 201 2 271 3058 272
8002 2 2 201 2 278 3060 279
8003 2 2 201 2 290 3064 291
8004 2 2 201 2 298 3066 299
8005 2 2 201 2 360 4709 361
8006 2 2 201 2 407 4551 408
8007 2 2 201 2 424 3076 425
8008 2 2 201 2 444 3077 445
8009 2 2 201 2 449 3078 450
8010 2 2 201 2 466 3079 467
8011 2 2 201 2 650 3095 649
8012 2 2 201 2 652 4525 3189
8013 2 2 201 2 3172 4431 4430
8014 2 2 201 2 4553 4554 3207
8015 2 2 201 2 3539 3540 3538
8016 2 2 201 2 3543 4794 3822
8017 2 2 201 2 4671 4675 4672
8018 2 2 201 2 452 3099 453
8019 2 2 201 2 3543 3544 3542
8020 2 2 201 2 3834 4699 3561
8021 2 2 201 2 3594 3595 3593
8022 2 2 201 2 4389 4390 4388
8023 2 2 201 2 3097 4787 328
8024 2 2 201 2 351 4617 3090
8025 2 2 201 2 531 3062 530
8026 2 2 201 2 561 3156 560
8027 2 2 201 2 574 4552 3207
8028 2 2 201 2 588 4598 3147
8029 2 2 201 2 595 4656 594
8030 2 2 201 2 660 3132 659
8031 2 2 201 2 669 3130 668
8032 2 2 201 2 682 3131 681
8033 2 2 201 2 689 3133 688
8034 2 2 201 2 697 3134 696
8035 2 2 201 2 703 3129 702
8036 2 2 201 2 3071 4422 4419
8037 2 2 201 2 4530 4531 3203
8038 2 2 201 2 3527 3529 3528
8039 2 2 201 2 3537 3538 3536
8040 2 2 201 2 4253 4257 4254
8041 2 2 201 2 3833 4524 3380
8042 2 2 201 2 3616 3617 3615
8043 2 2 201 2 4427 4429 4428
8044 2 2 201 2 4706 4712 4710
8045 2 2 201 2 3386 4779 3840
8046 2 2 201 2 3412 4777 3790
8047 2 2 201 2 3446 3447 3445
8048 2 2 201 2 3879 4735 3451
8049 2 2 201 2 4262 4264 4263
8050 2 2 201 2 393 4717 394
8051 2 2 201 2 4427 4428 3073
8052 2 2 201 2 4522 4714 3202
8053 2 2 201 2 3386 3387 3385
8054 2 2 201 2 3390 3391 3389
8055 2 2 201 2 3410 3412 3411
8056 2 2 201 2 3449 3450 3447
8057 2 2 201 2 4723 4770 3493
8058 2 2 201 2 3523 3525 3524
8059 2 2 201 2 3624 3625 3623
8060 2 2 201 2 3662 3664 3663
8061 2 2 201 2 3772 4201 4195
8062 2 2 201 2 3059 4369 275
8063 2 2 201 2 518 4208 517
8064 2 2 201 2 612 4734 3122
8065 2 2 201 2 3408 4776 3856
8066 2 2 201 2 3425 4731 3699
8067 2 2 201 2 3452 3454 3453
8068 2 2 201 2 3455 4735 3792
8069 2 2 201 2 3471 3473 3472
8070 2 2 201 2 4249 4252 4251
8071 2 2 201 2 4423 4714 4522
8072 2 2 201 2 4457 4463 4459
8073 2 2 201 2 4680 4682 4681
8074 2 2 201 2 3180 4496 4495
8075 2 2 201 2 3380 3382 3381
8076 2 2 201 2 3392 3394 3393
8077 2 2 201 2 3396 3848 3398
8078 2 2 201 2 3398 3400 3399
8079 2 2 201 2 3614 3615 3613
8080 2 2 201 2 4056 4058 4055
8081 2 2 201 2 505 4449 504
8082 2 2 201 2 601 4740 600
8083 2 2 201 2 3864 4759 3420
8084 2 2 201 2 3561 3563 3562
8085 2 2 201 2 3563 4699 3860
8086 2 2 201 2 4366 4664 3698
8087 2 2 201 2 358 4758 3118
8088 2 2 201 2 375 4737 3072
8089 2 2 201 2 3072 4715 376
8090 2 2 201 2 4525 4526 3189
8091 2 2 201 2 4531 4532 3203
8092 2 2 201 2 3436 3437 3435
8093 2 2 201 2 3441 4643 3696
8094 2 2 201 2 3632 3633 3631
8095 2 2 201 2 4383 4805 4382
8096 2 2 201 2 3846 4755 3453
8097 2 2 201 2 3549 3550 3548
8098 2 2 201 2 4117 4136 4115
8099 2 2 201 2 4210 4213 4211
8100 2 2 201 2 4685 4686 4417
8101 2 2 201 2 4533 4534 4532
8102 2 2 201 2 3112 4783 4584
8103 2 2 201 2 3487 3489 3488
8104 2 2 201 2 4385 4387 4386
8105 2 2 201 2 624 4771 623
8106 2 2 201 2 3400 3401 3399
8107 2 2 201 2 3438 3439 3437
8108 2 2 201 2 3519 3521 3520
8109 2 2 201 2 4350 4355 4352
8110 2 2 201 2 4725 4770 4723
8111 2 2 201 2 344 4764 345
8112 2 2 201 2 3201 4752 4713
8113 2 2 201 2 3408 3409 3407
8114 2 2 201 2 3507 3508 3506
8115 2 2 201 2 3531 3532 3530
8116 2 2 201 2 4235 4796 4573
8117 2 2 201 2 4630 4631 4628
8118 2 2 201 2 3382 3383 3381
8119 2 2 201 2 3392 3393 3391
8120 2 2 201 2 3503 3810 3505
8121 2 2 201 2 3536 4695 3534
8122 2 2 201 2 343 4743 3098
8123 2 2 201 2 622 4781 3201
8124 2 2 201 2 3444 4745 3877
8125 2 2 201 2 4439 4446 4445
8126 2 2 201 2 3098 4764 344
8127 2 2 201 2 3150 4491 4490
8128 2 2 201 2 3442 3443 3441
8129 2 2 201 2 3455 3456 3454
8130 2 2 201 2 3454 4663 3845
8131 2 2 201 2 3503 3504 3502
8132 2 2 201 2 3541 3543 3542
8133 2 2 201 2 4377 4380 4378
8134 2 2 201 2 3166 4829 662
8135 2 2 201 2 667 3215 666
8136 2 2 201 2 3481 3483 3482
8137 2 2 201 2 3503 3505 3504
8138 2 2 201 2 4672 4673 3713
8139 2 2 201 2 4010 4012 4009
8140 2 2 201 2 4012 4126 4009
8141 2 2 201 2 4442 4771 4438
8142 2 2 201 2 3074 4374 4373
8143 2 2 201 2 3376 3378 3377
8144 2 2 201 2 3424 4678 3426
8145 2 2 201 2 3458 4754 3844
8146 2 2 201 2 3504 4670 3502
8147 2 2 201 2 3515 3516 3514
8148 2 2 201 2 3521 3522 3520
8149 2 2 201 2 4196 4198 4197
8150 2 2 201 2 4537 4538 4536
8151 2 2 201 2 3064 4205 4204
8152 2 2 201 2 4681 4683 3094
8153 2 2 201 2 3757 4718 3465
8154 2 2 201 2 3501 3502 3500
8155 2 2 201 2 4267 4269 4268
8156 2 2 201 2 4443 4512 4511
8157 2 2 201 2 3172 4426 379
8158 2 2 201 2 3496 3808 3494
8159 2 2 201 2 3527 4797 3804
8160 2 2 201 2 3075 4644 401
8161 2 2 201 2 630 3190 629
8162 2 2 201 2 4710 4711 3185
8163 2 2 201 2 3384 3385 3383
8164 2 2 201 2 3404 3405 3403
8165 2 2 201 2 3428 3872 3430
8166 2 2 201 2 3457 3458 3456
8167 2 2 201 2 3473 3474 3472
8168 2 2 201 2 3495 3496 3494
8169 2 2 201 2 3511 3512 3510
8170 2 2 201 2 3527 3528 3526
8171 2 2 201 2 3549 3551 3550
8172 2 2 201 2 3559 3834 3561
8173 2 2 201 2 4307 4310 4308
8174 2 2 201 2 419 4274 3171
8175 2 2 201 2 3440 3441 3439
8176 2 2 201 2 3513 3514 3512
8177 2 2 201 2 3589 3590 3587
8178 2 2 201 2 3820 4257 4253
8179 2 2 201 2 4457 4459 4458
8180 2 2 201 2 528 3170 527
8181 2 2 201 2 3101 4594 644
8182 2 2 201 2 671 3164 670
8183 2 2 201 2 684 3194 683
8184 2 2 201 2 691 3165 690
8185 2 2 201 2 3461 3462 3460
8186 2 2 201 2 3479 3481 3480
8187 2 2 201 2 3501 3503 3502
8188 2 2 201 2 3531 3836 3533
8189 2 2 201 2 3555 3557 3556
8190 2 2 201 2 3211 4742 366
8191 2 2 201 2 391 4679 3094
8192 2 2 201 2 3465 3466 3464
8193 2 2 201 2 3493 3494 3492
8194 2 2 201 2 4650 4652 4651
8195 2 2 201 2 3483 3484 3482
8196 2 2 201 2 3499 3501 3500
8197 2 2 201 2 3525 4797 3527
8198 2 2 201 2 3598 3776 3600
8199 2 2 201 2 4249 4251 3762
8200 2 2 201 2 333 4676 3151
8201 2 2 201 2 657 3174 656
8202 2 2 201 2 3445 4756 3694
8203 2 2 201 2 3827 4732 3478
8204 2 2 201 2 4642 4794 3541
8205 2 2 201 2 3671 3720 3669
8206 2 2 201 2 4254 4256 4255
8207 2 2 201 2 4553 4739 4561
8208 2 2 201 2 3390 4646 3760
8209 2 2 201 2 3422 3423 3421
8210 2 2 201 2 3476 4732 3830
8211 2 2 201 2 3487 3488 3486
8212 2 2 201 2 630 4456 3190
8213 2 2 201 2 4361 4482 646
8214 2 2 201 2 3193 4804 4679
8215 2 2 201 2 3379 3742 3377
8216 2 2 201 2 3467 4718 3761
8217 2 2 201 2 3469 3470 3468
8218 2 2 201 2 3565 3566 3564
8219 2 2 201 2 3606 3607 3605
8220 2 2 201 2 3834 4700 4699
8221 2 2 201 2 3887 4756 4755
8222 2 2 201 2 419 3171 420
8223 2 2 201 2 3170 4316 527
8224 2 2 201 2 622 3201 621
8225 2 2 201 2 3435 4744 3433
8226 2 2 201 2 3443 4643 3441
8227 2 2 201 2 3886 3887 3846
8228 2 2 201 2 4215 4217 4216
8229 2 2 201 2 3378 3380 3379
8230 2 2 201 2 3559 3560 3558
8231 2 2 201 2 339 4619 340
8232 2 2 201 2 618 3203 617
8233 2 2 201 2 3489 3794 3491
8234 2 2 201 2 3523 3524 3522
8235 2 2 201 2 3599 3819 3597
8236 2 2 201 2 4386 4798 3749
8237 2 2 201 2 3804 4797 4499
8238 2 2 201 2 3477 3478 3476
8239 2 2 201 2 3850 4116 4115
8240 2 2 201 2 4128 4130 4129
8241 2 2 201 2 3149 4545 4544
8242 2 2 201 2 3368 3370 3369
8243 2 2 201 2 3430 3431 3429
8244 2 2 201 2 3449 3878 3451
8245 2 2 201 2 4679 4804 4680
8246 2 2 201 2 370 4714 371
8247 2 2 201 2 3561 4699 3563
8248 2 2 201 2 3602 3603 3601
8249 2 2 201 2 4310 4311 4308
8250 2 2 201 2 3193 4679 390
8251 2 2 201 2 548 3168 547
8252 2 2 201 2 3394 3395 3393
8253 2 2 201 2 3491 3493 3492
8254 2 2 201 2 3620 3622 3621
8255 2 2 201 2 575 4552 574
8256 2 2 201 2 652 3189 651
8257 2 2 201 2 3533 3534 3532
8258 2 2 201 2 3562 4210 3560
8259 2 2 201 2 3626 3627 3625
8260 2 2 201 2 3142 4766 545
8261 2 2 201 2 3416 3417 3415
8262 2 2 201 2 3547 3549 3548
8263 2 2 201 2 3745 4772 4389
8264 2 2 201 2 4666 4667 4618
8265 2 2 201 2 368 4517 369
8266 2 2 201 2 3062 4585 530
8267 2 2 201 2 3366 3368 3367
8268 2 2 201 2 3537 3815 3539
8269 2 2 201 2 3664 4826 3764
8270 2 2 201 2 4375 4382 3725
8271 2 2 201 2 4268 4588 4587
8272 2 2 201 2 3190 4793 629
8273 2 2 201 2 4458 4793 3190
8274 2 2 201 2 3370 3371 3369
8275 2 2 201 2 3380 3381 3379
8276 2 2 201 2 3420 3422 3421
8277 2 2 201 2 3456 4663 3454
8278 2 2 201 2 4262 4263 3768
8279 2 2 201 2 3203 4778 617
8280 2 2 201 2 4419 4420 3186
8281 2 2 201 2 3383 3752 3381
8282 2 2 201 2 3429 3705 3427
8283 2 2 201 2 3455 3792 3457
8284 2 2 201 2 3588 3589 3587
8285 2 2 201 2 3418 3864 3420
8286 2 2 201 2 3444 3877 3446
8287 2 2 201 2 3706 4670 3504
8288 2 2 201 2 3586 3587 3583
8289 2 2 201 2 4244 4273 3717
8290 2 2 201 2 3880 3897 3886
8291 2 2 201 2 329 4787 4612
8292 2 2 201 2 676 3175 675
8293 2 2 201 2 4778 4783 3112
8294 2 2 201 2 4509 4833 3183
8295 2 2 201 2 4459 4460 4458
8296 2 2 201 2 3108 4536 4530
8297 2 2 201 2 3495 3497 3496
8298 2 2 201 2 3063 4589 288
8299 2 2 201 2 3452 3453 3450
8300 2 2 201 2 3509 3511 3510
8301 2 2 201 2 3594 3596 3595
8302 2 2 201 2 3636 3638 3637
8303 2 2 201 2 3121 4738 4658
8304 2 2 201 2 3458 3844 3456
8305 2 2 201 2 3794 4723 3491
8306 2 2 201 2 3512 3701 3510
8307 2 2 201 2 3524 3769 3522
8308 2 2 201 2 4211 4212 3574
8309 2 2 201 2 514 3222 513
8310 2 2 201 2 521 3182 520
8311 2 2 201 2 3406 3408 3407
8312 2 2 201 2 3436 3875 3438
8313 2 2 201 2 3440 3876 3442
8314 2 2 201 2 328 4787 329
8315 2 2 201 2 4687 4760 335
8316 2 2 201 2 352 4628 353
8317 2 2 201 2 3092 4660 4659
8318 2 2 201 2 3146 4739 4552
8319 2 2 201 2 3425 3699 3423
8320 2 2 201 2 3450 4755 3447
8321 2 2 201 2 3452 4735 3455
8322 2 2 201 2 3764 3969 3968
8323 2 2 201 2 4573 4796 3836
8324 2 2 201 2 3201 4713 621
8325 2 2 201 2 632 3102 631
8326 2 2 201 2 3386 3840 3388
8327 2 2 201 2 3794 4724 4723
8328 2 2 201 2 4441 4442 4438
8329 2 2 201 2 3149 4544 337
8330 2 2 201 2 3109 4528 654
8331 2 2 201 2 3370 3372 3371
8332 2 2 201 2 3409 3729 3407
8333 2 2 201 2 3418 3420 3419
8334 2 2 201 2 3422 3424 3423
8335 2 2 201 2 3432 3874 3434
8336 2 2 201 2 3548 3584 3546
8337 2 2 201 2 3602 3780 3604
8338 2 2 201 2 3739 4638 4637
8339 2 2 201 2 3400 3402 3401
8340 2 2 201 2 3427 4731 3425
8341 2 2 201 2 3430 3432 3431
8342 2 2 201 2 3512 4763 3701
8343 2 2 201 2 3582 3583 3581
8344 2 2 201 2 579 4761 3113
8345 2 2 201 2 3106 4771 624
8346 2 2 201 2 3473 3744 3475
8347 2 2 201 2 3640 3642 3641
8348 2 2 201 2 4612 4614 4613
8349 2 2 201 2 3454 3845 3453
8350 2 2 201 2 3602 3604 3603
8351 2 2 201 2 3845 3880 3846
8352 2 2 201 2 4415 4418 4416
8353 2 2 201 2 4612 4787 4614
8354 2 2 201 2 4650 4651 4648
8355 2 2 201 2 3433 3702 3431
8356 2 2 201 2 3753 4695 3536
8357 2 2 201 2 592 4604 591
8358 2 2 201 2 3170 4830 4318
8359 2 2 201 2 3462 3841 3460
8360 2 2 201 2 3466 3839 3464
8361 2 2 201 2 3470 3739 3468
8362 2 2 201 2 3839 4640 4639
8363 2 2 201 2 4681 4684 4683
8364 2 2 201 2 3575 3576 3572
8365 2 2 201 2 3628 3629 3627
8366 2 2 201 2 3644 3646 3645
8367 2 2 201 2 541 3183 540
8368 2 2 201 2 584 4782 583
8369 2 2 201 2 3362 3820 3364
8370 2 2 201 2 3378 4767 3833
8371 2 2 201 2 3556 4728 3554
8372 2 2 201 2 4532 4783 4778
8373 2 2 201 2 613 4734 612
8374 2 2 201 2 3429 4736 3705
8375 2 2 201 2 3478 4732 3476
8376 2 2 201 2 3551 3552 3550
8377 2 2 201 2 3551 3553 3552
8378 2 2 201 2 4576 4577 4575
8379 2 2 201 2 4581 4583 4580
8380 2 2 201 2 3419 3703 3417
8381 2 2 201 2 3477 3775 3479
8382 2 2 201 2 3484 3728 3482
8383 2 2 201 2 3567 3861 3569
8384 2 2 201 2 3084 4746 566
8385 2 2 201 2 3146 4552 575
8386 2 2 201 2 658 4355 4350
8387 2 2 201 2 3437 3700 3435
8388 2 2 201 2 3465 4718 3467
8389 2 2 201 2 516 4608 3119
8390 2 2 201 2 597 4738 596
8391 2 2 201 2 3170 4318 4317
8392 2 2 201 2 3441 3696 3439
8393 2 2 201 2 4384 4385 3749
8394 2 2 201 2 4650 4753 4653
8395 2 2 201 2 3368 3369 3367
8396 2 2 201 2 3369 3768 3367
8397 2 2 201 2 3447 4756 3445
8398 2 2 201 2 3528 3693 3526
8399 2 2 201 2 4534 4783 4532
8400 2 2 201 2 346 4668 347
8401 2 2 201 2 4018 4020 4019
8402 2 2 201 2 4594 4762 3196
8403 2 2 201 2 3385 4798 3383
8404 2 2 201 2 3499 3805 3501
8405 2 2 201 2 3511 4685 3513
8406 2 2 201 2 3537 3539 3538
8407 2 2 201 2 388 4550 389
8408 2 2 201 2 3209 4727 604
8409 2 2 201 2 4579 4580 3213
8410 2 2 201 2 3422 4759 3798
8411 2 2 201 2 4131 4835 4129
8412 2 2 201 2 3093 4517 368
8413 2 2 201 2 3442 4745 3444
8414 2 2 201 2 3520 4363 3518
8415 2 2 201 2 582 4753 3087
8416 2 2 201 2 3702 4736 3431
8417 2 2 201 2 3560 3574 3558
8418 2 2 201 2 3572 4819 4632
8419 2 2 201 2 3615 3801 3613
8420 2 2 201 2 3656 3657 3655
8421 2 2 201 2 3670 3671 3669
8422 2 2 201 2 4732 4733 3830
8423 2 2 201 2 4364 4367 4366
8424 2 2 201 2 600 4740 3114
8425 2 2 201 2 4718 4719 3761
8426 2 2 201 2 3521 3797 3523
8427 2 2 201 2 3653 3750 3651
8428 2 2 201 2 3887 4755 3846
8429 2 2 201 2 4322 4323 4321
8430 2 2 201 2 558 3096 557
8431 2 2 201 2 576 3146 575
8432 2 2 201 2 579 3113 578
8433 2 2 201 2 588 3147 587
8434 2 2 201 2 600 3114 599
8435 2 2 201 2 604 4727 603
8436 2 2 201 2 3375 4248 3373
8437 2 2 201 2 3074 4373 4370
8438 2 2 201 2 4612 4613 3086
8439 2 2 201 2 3513 4685 4414
8440 2 2 201 2 3664 3665 3663
8441 2 2 201 2 3114 4740 4576
8442 2 2 201 2 3372 4807 3746
8443 2 2 201 2 3391 3745 3389
8444 2 2 201 2 4212 4447 3574
8445 2 2 201 2 3652 3653 3651
8446 2 2 201 2 4691 4692 3775
8447 2 2 201 2 4380 4381 4378
8448 2 2 201 2 3090 4628 352
8449 2 2 201 2 3096 4595 557
8450 2 2 201 2 572 4757 571
8451 2 2 201 2 3174 4539 656
8452 2 2 201 2 4259 4807 3370
8453 2 2 201 2 3535 4796 4232
8454 2 2 201 2 3439 4593 3437
8455 2 2 201 2 3836 4796 3533
8456 2 2 201 2 3642 3643 3641
8457 2 2 201 2 4620 4623 4619
8458 2 2 201 2 256 3191 257
8459 2 2 201 2 269 3220 270
8460 2 2 201 2 276 3218 277
8461 2 2 201 2 292 3195 293
8462 2 2 201 2 296 3219 297
8463 2 2 201 2 3210 4617 350
8464 2 2 201 2 533 3176 532
8465 2 2 201 2 3520 4768 4363
8466 2 2 201 2 4504 4505 4133
8467 2 2 201 2 4214 4215 4212
8468 2 2 201 2 629 4793 628
8469 2 2 201 2 3660 3661 3659
8470 2 2 201 2 3968 3970 3967
8471 2 2 201 2 4133 4134 4132
8472 2 2 201 2 3570 3573 3568
8473 2 2 201 2 3665 3730 3663
8474 2 2 201 2 617 4778 616
8475 2 2 201 2 3365 3754 3363
8476 2 2 201 2 3459 3732 3461
8477 2 2 201 2 3610 3611 3609
8478 2 2 201 2 342 4743 343
8479 2 2 201 2 628 4793 3135
8480 2 2 201 2 4786 4795 3040
8481 2 2 201 2 3852 4791 4488
8482 2 2 201 2 3384 4779 3386
8483 2 2 201 2 3480 3827 3478
8484 2 2 201 2 3894 4018 4017
8485 2 2 201 2 3138 4208 518
8486 2 2 201 2 306 3188 307
8487 2 2 201 2 3878 3879 3451
8488 2 2 201 2 345 4764 3216
8489 2 2 201 2 3553 3829 3555
8490 2 2 201 2 4353 4539 3174
8491 2 2 201 2 3199 4433 4432
8492 2 2 201 2 3589 3591 3590
8493 2 2 201 2 3795 4010 4009
8494 2 2 201 2 4363 4768 4365
8495 2 2 201 2 4450 4452 4451
8496 2 2 201 2 583 4753 582
8497 2 2 201 2 3522 4768 3520
8498 2 2 201 2 4414 4685 4417
8499 2 2 201 2 623 4781 622
8500 2 2 201 2 3364 3366 3365
8501 2 2 201 2 4491 4492 4490
8502 2 2 201 2 248 3081 249
8503 2 2 201 2 571 4757 3085
8504 2 2 201 2 4415 4416 3791
8505 2 2 201 2 3370 4807 3372
8506 2 2 201 2 3565 3567 3566
8507 2 2 201 2 3656 3658 3657
8508 2 2 201 2 3659 3735 3657
8509 2 2 201 2 666 4326 665
8510 2 2 201 2 3074 4773 4374
8511 2 2 201 2 4629 4630 4628
8512 2 2 201 2 497 3139 496
8513 2 2 201 2 509 3136 508
8514 2 2 201 2 519 3138 518
8515 2 2 201 2 536 3137 535
8516 2 2 201 2 550 3143 549
8517 2 2 201 2 3118 4758 4707
8518 2 2 201 2 4456 4457 3190
8519 2 2 201 2 500 3144 499
8520 2 2 201 2 506 3145 505
8521 2 2 201 2 512 3140 511
8522 2 2 201 2 526 3141 525
8523 2 2 201 2 546 3142 545
8524 2 2 201 2 3192 4435 554
8525 2 2 201 2 3120 4782 584
8526 2 2 201 2 4578 4579 3213
8527 2 2 201 2 4660 4662 4659
8528 2 2 201 2 390 4679 391
8529 2 2 201 2 3768 4822 3367
8530 2 2 201 2 3216 4764 4689
8531 2 2 201 2 3374 4321 3376
8532 2 2 201 2 3582 3586 3583
8533 2 2 201 2 3591 3811 3590
8534 2 2 201 2 4531 4533 4532
8535 2 2 201 2 4532 4778 3203
8536 2 2 201 2 3630 3631 3629
8537 2 2 201 2 3216 4668 346
8538 2 2 201 2 3444 3446 3445
8539 2 2 201 2 3632 3634 3633
8540 2 2 201 2 4377 4378 4376
8541 2 2 201 2 3513 4414 3515
8542 2 2 201 2 3646 3647 3645
8543 2 2 201 2 3612 3614 3613
8544 2 2 201 2 4598 4784 3147
8545 2 2 201 2 3372 3746 3374
8546 2 2 201 2 323 4703 324
8547 2 2 201 2 3820 4253 3364
8548 2 2 201 2 4590 4591 4205
8549 2 2 201 2 3172 4513 4431
8550 2 2 201 2 3565 4803 3567
8551 2 2 201 2 3658 3659 3657
8552 2 2 201 2 3845 4663 3892
8553 2 2 201 2 4241 4813 4243
8554 2 2 201 2 3628 3630 3629
8555 2 2 201 2 3837 4779 3384
8556 2 2 201 2 3871 3894 3870
8557 2 2 201 2 3362 3364 3363
8558 2 2 201 2 3610 3612 3611
8559 2 2 201 2 3746 4812 4322
8560 2 2 201 2 3624 3626 3625
8561 2 2 201 2 3366 3367 3365
8562 2 2 201 2 4600 4601 4599
8563 2 2 201 2 4599 4784 4598
8564 2 2 201 2 3746 4322 4321
8565 2 2 201 2 4553 4555 4554
8566 2 2 201 2 503 3115 502
8567 2 2 201 2 516 3119 515
8568 2 2 201 2 523 3124 522
8569 2 2 201 2 539 3123 538
8570 2 2 201 2 543 3125 542
8571 2 2 201 2 3545 4827 3547
8572 2 2 201 2 3626 3628 3627
8573 2 2 201 2 4494 4786 3040
8574 2 2 201 2 3208 4602 4600
8575 2 2 201 2 381 4750 382
8576 2 2 201 2 3645 3748 3643
8577 2 2 201 2 3564 4809 3562
8578 2 2 201 2 654 4528 653
8579 2 2 201 2 3119 4608 4239
8580 2 2 201 2 3713 4726 3498
8581 2 2 201 2 3644 3645 3643
8582 2 2 201 2 3057 4368 268
8583 2 2 201 2 3973 3975 3974
8584 2 2 201 2 3040 4795 397
8585 2 2 201 2 3364 3365 3363
8586 2 2 201 2 3422 3798 3424
8587 2 2 201 2 3414 3416 3415
8588 2 2 201 2 3569 3571 3570
8589 2 2 201 2 3402 3404 3403
8590 2 2 201 2 4273 4529 3616
8591 2 2 201 2 557 4595 556
8592 2 2 201 2 3383 4798 3752
8593 2 2 201 2 3618 3722 3620
8594 2 2 201 2 3835 3976 3972
8595 2 2 201 2 3666 3667 3665
8596 2 2 201 2 4314 4815 4315
8597 2 2 201 2 277 4721 278
8598 2 2 201 2 3819 4811 3597
8599 2 2 201 2 3202 4714 370
8600 2 2 201 2 3493 3495 3494
8601 2 2 201 2 4261 4262 3768
8602 2 2 201 2 3489 3491 3490
8603 2 2 201 2 3497 3499 3498
8604 2 2 201 2 3725 4809 3564
8605 2 2 201 2 3674 4836 3855
8606 2 2 201 2 4210 4809 4213
8607 2 2 201 2 4376 4382 4375
8608 2 2 201 2 3514 4763 3512
8609 2 2 201 2 3547 3850 3549
8610 2 2 201 2 4589 4590 289
8611 2 2 201 2 4303 4304 4302
8612 2 2 201 2 3398 4791 3400
8613 2 2 201 2 4195 4201 4196
8614 2 2 201 2 397 4795 398
8615 2 2 201 2 3117 4703 323
8616 2 2 201 2 3674 3855 3676
8617 2 2 201 2 3360 3362 3361
8618 2 2 201 2 3974 4325 3751
8619 2 2 201 2 3730 4057 4056
8620 2 2 201 2 4056 4060 4058
8621 2 2 201 2 3431 4736 3429
8622 2 2 201 2 4130 4131 4129
8623 2 2 201 2 3850 4119 4116
8624 2 2 201 2 4129 4814 3786
8625 2 2 201 2 643 4594 3196
8626 2 2 201 2 3589 3592 3591
8627 2 2 201 2 3672 3674 3673
8628 2 2 201 2 4260 4807 4259
8629 2 2 201 2 3835 3977 3976
8630 2 2 201 2 4232 4796 4235
8631 2 2 201 2 3824 3991 3990
8632 2 2 201 2 3400 4791 3852
8633 2 2 201 2 3825 4769 3593
8634 2 2 201 2 3648 3835 3650
8635 2 2 201 2 4015 4811 3819
8636 2 2 201 2 554 4435 553
8637 2 2 201 2 3362 3363 3361
8638 2 2 201 2 3660 3662 3661
8639 2 2 201 2 4268 4587 3061
8640 2 2 201 2 3674 3675 3673
8641 2 2 201 2 4018 4021 4020
8642 2 2 201 2 3360 4808 4271
8643 2 2 201 2 644 4594 643
8644 2 2 201 2 3420 4759 3422
8645 2 2 201 2 3597 4811 3595
8646 2 2 201 2 3795 4009 4008
8647 2 2 201 2 291 4203 292
8648 2 2 201 2 3646 3648 3647
8649 2 2 201 2 3853 4836 3672
8650 2 2 201 2 3194 4391 683
8651 2 2 201 2 3986 3990 3987
8652 2 2 201 2 4265 4266 280
8653 2 2 201 2 418 4274 419
8654 2 2 201 2 3850 4827 4119
8655 2 2 201 2 3360 3361 3359
8656 2 2 201 2 4059 4060 4056
8657 2 2 201 2 4317 4320 4316
8658 2 2 201 2 3215 4326 666
8659 2 2 201 2 3995 3996 3994
8660 2 2 201 2 3634 3636 3635
8661 2 2 201 2 3730 4056 4055
8662 2 2 201 2 417 4301 3154
8663 2 2 201 2 3358 3360 3359
8664 2 2 201 2 3610 4241 3612
8665 2 2 201 2 4248 4818 4250
8666 2 2 201 2 258 4194 3054
8667 2 2 201 2 3154 4274 418
8668 2 2 201 2 3053 4802 4801
8669 2 2 201 2 3847 3995 3994
8670 2 2 201 2 3746 4321 3374
8671 2 2 201 2 3664 3666 3665
8672 2 2 201 2 4057 4059 4056
8673 2 2 201 2 4014 4016 4015
8674 2 2 201 2 283 4821 284
8675 2 2 201 2 4482 4806 4483
8676 2 2 201 2 3644 4146 3832
8677 2 2 201 2 3668 3669 3667
8678 2 2 201 2 4644 4645 402
8679 2 2 201 2 3751 4325 3654
8680 2 2 201 2 3170 4317 4316
8681 2 2 201 2 4009 4011 4008
8682 2 2 201 2 3116 4780 552
8683 2 2 201 2 3676 3678 3677
8684 2 2 201 2 4589 4591 4590
8685 2 2 201 2 3567 4803 3861
8686 2 2 201 2 4111 4112 3758
8687 2 2 201 2 4026 4506 4028
8688 2 2 201 2 4280 4284 3044
8689 2 2 201 2 3562 4809 4210
8690 2 2 201 2 4510 4833 4509
8691 2 2 201 2 402 4645 403
8692 2 2 201 2 3609 4814 3607
8693 2 2 201 2 3741 4693 3640
8694 2 2 201 2 3125 4510 4509
8695 2 2 201 2 3359 3784 3357
8696 2 2 201 2 3614 4273 3616
8697 2 2 201 2 3576 4819 3572
8698 2 2 201 2 552 4780 551
8699 2 2 201 2 4027 4816 3818
8700 2 2 201 2 4361 4806 4482
8701 2 2 201 2 4111 4113 4112
8702 2 2 201 2 3811 3871 3870
8703 2 2 201 2 3358 3359 3357
8704 2 2 201 2 3356 3734 3358
8705 2 2 201 2 3786 4814 3609
8706 2 2 201 2 4504 4788 4505
8707 2 2 201 2 3355 3766 3353
8708 2 2 201 2 3629 4202 3627
8709 2 2 201 2 3218 4721 277
8710 2 2 201 2 3642 4146 3644
8711 2 2 201 2 3714 4819 3576
8712 2 2 201 2 4301 4303 4302
8713 2 2 201 2 522 4507 521
8714 2 2 201 2 3061 4587 282
8715 2 2 201 2 3053 4801 255
8716 2 2 201 2 3969 3971 3968
8717 2 2 201 2 510 4774 509
8718 2 2 201 2 3125 4509 542
8719 2 2 201 2 4450 4451 4449
8720 2 2 201 2 3861 4803 4141
8721 2 2 201 2 3717 4273 3614
8722 2 2 201 2 3735 4828 3657
8723 2 2 201 2 269 4368 3220
8724 2 2 201 2 3635 4810 3772
8725 2 2 201 2 292 4203 3195
8726 2 2 201 2 3824 4832 3991
8727 2 2 201 2 3712 4813 3608
8728 2 2 201 2 3356 3357 3355
8729 2 2 201 2 4814 4823 3607
8730 2 2 201 2 3356 3358 3357
8731 2 2 201 2 542 4509 541
8732 2 2 201 2 3628 4506 4026
8733 2 2 201 2 3985 4836 3853
8734 2 2 201 2 3988 4693 3741
8735 2 2 201 2 4788 4789 4505
8736 2 2 201 2 3847 4824 3995
8737 2 2 201 2 279 4265 280
8738 2 2 201 2 3822 4827 3545
8739 2 2 201 2 511 4209 510
8740 2 2 201 2 3824 3990 3986
8741 2 2 201 2 3060 4265 279
8742 2 2 201 2 3145 4449 505
8743 2 2 201 2 3764 4826 3969
8744 2 2 201 2 3734 4808 3358
8745 2 2 201 2 4202 4790 3627
8746 2 2 201 2 3354 3356 3355
8747 2 2 201 2 4814 4835 4823
8748 2 2 201 2 282 4587 283
8749 2 2 201 2 3145 4450 4449
8750 2 2 201 2 529 4830 528
8751 2 2 201 2 3625 4790 3787
8752 2 2 201 2 3637 4810 3635
8753 2 2 201 2 3649 4502 3755
8754 2 2 201 2 3358 4808 3360
8755 2 2 201 2 4105 4834 4107
8756 2 2 201 2 3354 3355 3353
8757 2 2 201 2 268 4368 269
8758 2 2 201 2 3969 4826 4825
8759 2 2 201 2 3730 4055 3663
8760 2 2 201 2 3080 4343 664
8761 2 2 201 2 3367 4822 3365
8762 2 2 201 2 3627 4790 3625
8763 2 2 201 2 4820 4831 3735
8764 2 2 201 2 662 4829 661
8765 2 2 201 2 3795 4823 4010
8766 2 2 201 2 3663 4055 3661
8767 2 2 201 2 284 4821 3155
8768 2 2 201 2 3605 4823 3795
8769 2 2 201 2 3767 4810 3637
8770 2 2 201 2 4585 4830 529
8771 2 2 201 2 3657 4828 3655
8772 2 2 201 2 4502 4503 3755
8773 2 2 201 2 3365 4822 3754
8774 2 2 201 2 4823 4835 4010
8775 2 2 201 2 3607 4823 3605
8776 2 2 201 2 3580 4824 3582
8777 2 2 201 2 3672 4836 3674
8778 2 2 201 2 3352 3354 3353
8779 2 2 201 2 3582 4824 3847
8780 2 2 201 2 3832 4838 4837
8781 2 2 201 2 3154 4301 4299
8782 2 2 201 2 3124 4507 522
8783 2 2 201 2 3978 4828 3980
8784 2 2 201 2 4112 4825 4349
8785 2 2 201 2 3832 4837 3646
8786 2 2 201 2 3350 3727 3352
8787 2 2 201 2 509 4774 3136
8788 2 2 201 2 4347 4348 4345
8789 2 2 201 2 3352 3353 3351
8790 2 2 201 2 3655 4828 3978
8791 2 2 201 2 3646 4837 3648
8792 2 2 201 2 697 4149 3134
8793 2 2 201 2 698 4149 697
8794 2 2 201 2 4129 4835 4814
8795 2 2 201 2 4825 4826 4349
8796 2 2 201 2 514 4237 3222
8797 2 2 201 2 515 4237 514
8798 2 2 201 2 3350 3352 3351
8799 2 2 201 2 3349 3774 3347
8800 2 2 201 2 3648 4837 3835
8801 2 2 201 2 3991 4832 4816
8802 2 2 201 2 3661 4820 3659
8803 2 2 201 2 3350 3351 3349
8804 2 2 201 2 3835 4837 3977
8805 2 2 201 2 3659 4820 3735
8806 2 2 201 2 4837 4838 3977
8807 2 2 201 2 4147 4838 3832
8808 2 2 201 2 4328 4343 3080
8809 2 2 201 2 3348 3350 3349
8810 2 2 201 2 671 4341 3164
8811 2 2 201 2 4816 4832 3818
8812 2 2 201 2 3348 3349 3347
8813 2 2 201 2 3346 3348 3347
8814 2 2 201 2 3171 4278 420
8815 2 2 201 2 3344 3719 3346
8816 2 2 201 2 3346 3347 3345
8817 2 2 201 2 3344 3346 3345
8818 2 2 201 2 669 4337 3130
8819 2 2 201 2 3340 3793 3342
8820 2 2 201 2 3344 3345 3343
8821 2 2 201 2 667 4333 3215
8822 2 2 201 2 3342 3344 3343
8823 2 2 201 2 3343 3803 3341
8824 2 2 201 2 3342 3343 3341
8825 2 2 201 2 3340 3342 3341
8826 2 2 201 2 4291 4297 3177
8827 2 2 201 2 3336 3785 3338
8828 2 2 201 2 3340 3341 3339
8829 2 2 201 2 3339 3807 3337
8830 2 2 201 2 3338 3340 3339
8831 2 2 201 2 3338 3339 3337
8832 2 2 201 2 4283 4285 4284
8833 2 2 201 2 4283 4284 4280
8834 2 2 201 2 3336 3338 3337
8835 2 2 201 2 3336 3337 3335
8836 2 2 201 2 3869 3893 3868
8837 2 2 201 2 3335 3814 3333
8838 2 2 201 2 3806 3869 3868
8839 2 2 201 2 3334 3336 3335
8840 2 2 201 2 3334 3335 3333
8841 2 2 201 2 3332 3334 3333
8842 2 2 201 2 3330 3707 3332
8843 2 2 201 2 3332 3333 3331
8844 2 2 201 2 3331 3817 3329
8845 2 2 201 2 3330 3332 3331
8846 2 2 201 2 3326 3771 3328
8847 2 2 201 2 3330 3331 3329
8848 2 2 201 2 3328 3330 3329
8849 2 2 201 2 3328 3329 3327
8850 2 2 201 2 3326 3328 3327
8851 2 2 201 2 4294 4297 4291
8852 2 2 201 2 3327 3821 3325
8853 2 2 201 2 3326 3327 3325
8854 2 2 201 2 3890 3898 3869
8855 2 2 201 2 3321 3324 3323
8856 2 2 201 2 3324 3326 3325
8857 2 2 201 2 3325 4839 3323
8858 2 2 201 2 3821 4839 3325
8859 2 2 201 2 3323 4839 3806
8860 2 2 201 2 3324 3325 3323
8861 2 2 201 2 3323 3806 3322
8862 2 2 201 2 3806 3890 3869
8863 2 2 201 2 3806 4839 3890
8864 2 2 201 2 3321 3323 3322
8865 2 2 201 2 3321 3322 3319
8866 2 2 201 2 3320 3321 3319
8867 2 2 201 2 3313 4841 3711
8868 2 2 201 2 3317 3704 3315
8869 2 2 201 2 3316 3849 3318
8870 2 2 201 2 3315 4841 3313
8871 2 2 201 2 3960 3963 3962
8872 2 2 201 2 3318 3320 3319
8873 2 2 201 2 3318 3319 3317
8874 2 2 201 2 3322 4840 3319
8875 2 2 201 2 3317 4840 3704
8876 2 2 201 2 3319 4840 3317
8877 2 2 201 2 4046 4047 4045
8878 2 2 201 2 3316 3318 3317
8879 2 2 201 2 3309 4842 3715
8880 2 2 201 2 3316 3317 3315
8881 2 2 201 2 3704 4841 3315
8882 2 2 201 2 3314 3316 3315
8883 2 2 201 2 3311 4842 3309
8884 2 2 201 2 3313 3711 3311
8885 2 2 201 2 4409 4410 4407
8886 2 2 201 2 3314 3315 3313
8887 2 2 201 2 3312 3314 3313
8888 2 2 201 2 438 4040 4029
8889 2 2 201 2 4044 4046 4045
8890 2 2 201 2 3312 3313 3311
8891 2 2 201 2 3310 3867 3312
8892 2 2 201 2 3303 4843 3718
8893 2 2 201 2 3711 4842 3311
8894 2 2 201 2 3309 3715 3305
8895 2 2 201 2 3310 3312 3311
8896 2 2 201 2 3305 4843 3303
8897 2 2 201 2 3310 3311 3309
8898 2 2 201 2 3304 3842 3308
8899 2 2 201 2 4031 4039 3167
8900 2 2 201 2 3308 3310 3309
8901 2 2 201 2 3299 4844 3724
8902 2 2 201 2 4396 4406 4392
8903 2 2 201 2 3308 3309 3305
8904 2 2 201 2 3303 3718 3301
8905 2 2 201 2 3301 4844 3299
8906 2 2 201 2 4029 4040 4034
8907 2 2 201 2 686 4845 3105
8908 2 2 201 2 3304 3308 3305
8909 2 2 201 2 3715 4843 3305
8910 2 2 201 2 3304 3305 3303
8911 2 2 201 2 3302 3304 3303
8912 2 2 201 2 3167 4039 440
8913 2 2 201 2 3302 3303 3301
8914 2 2 201 2 3298 3838 3300
8915 2 2 201 2 3300 3302 3301
8916 2 2 201 2 3299 3724 3297
8917 2 2 201 2 3718 4844 3301
8918 2 2 201 2 3300 3301 3299
8919 2 2 201 2 3298 3300 3299
8920 2 2 201 2 3298 3299 3297
8921 2 2 201 2 4401 4411 4405
8922 2 2 201 2 3296 3298 3297
8923 2 2 201 2 3296 3297 3295
8924 2 2 201 2 3105 4845 4399
8925 2 2 201 2 4399 4845 4401
8926 2 2 201 2 3294 3296 3295
8927 2 2 201 2 4401 4845 4411
8928 2 2 201 2 3292 3857 3294
8929 2 2 201 2 3294 3295 3293
8930 2 2 201 2 3293 3306 3291
8931 2 2 201 2 3292 3294 3293
8932 2 2 201 2 3288 3831 3290
8933 2 2 201 2 3292 3293 3291
8934 2 2 201 2 3289 3736 3287
8935 2 2 201 2 3285 4846 3738
8936 2 2 201 2 3287 4846 3285
8937 2 2 201 2 3290 3292 3291
8938 2 2 201 2 446 4102 3163
8939 2 2 201 2 3290 3291 3289
8940 2 2 201 2 3288 3290 3289
8941 2 2 201 2 4451 4455 4449
8942 2 2 201 2 3288 3289 3287
8943 2 2 201 2 3736 4846 3287
8944 2 2 201 2 3286 3288 3287
8945 2 2 201 2 3285 3738 3283
8946 2 2 201 2 4454 4455 4451
8947 2 2 201 2 3286 3287 3285
8948 2 2 201 2 3163 4102 4064
8949 2 2 201 2 3284 3286 3285
8950 2 2 201 2 695 4848 3162
8951 2 2 201 2 3134 4848 696
8952 2 2 201 2 4070 4071 4069
8953 2 2 201 2 3282 3851 3284
8954 2 2 201 2 3284 3285 3283
8955 2 2 201 2 3281 3743 3279
8956 2 2 201 2 3282 3284 3283
8957 2 2 201 2 4149 4179 4152
8958 2 2 201 2 3278 3823 3280
8959 2 2 201 2 3282 3283 3281
8960 2 2 201 2 4154 4167 4166
8961 2 2 201 2 3282 4847 3851
8962 2 2 201 2 3280 3282 3281
8963 2 2 201 2 698 4179 4149
8964 2 2 201 2 3823 4847 3280
8965 2 2 201 2 696 4848 695
8966 2 2 201 2 3280 3281 3279
8967 2 2 201 2 3280 4847 3282
8968 2 2 201 2 4076 4077 4075
8969 2 2 201 2 4154 4166 4151
8970 2 2 201 2 3277 3747 3275
8971 2 2 201 2 3278 3280 3279
8972 2 2 201 2 3278 3279 3277
8973 2 2 201 2 3276 3278 3277
8974 2 2 201 2 3276 3277 3275
8975 2 2 201 2 3272 3816 3274
8976 2 2 201 2 3274 3276 3275
8977 2 2 201 2 3678 4817 3778
8978 2 2 201 2 3274 3275 3273
8979 2 2 201 2 3103 4849 707
8980 2 2 201 2 4082 4083 4081
8981 2 2 201 2 3272 3274 3273
8982 2 2 201 2 3951 3952 3949
8983 2 2 201 2 3272 3273 3271
8984 2 2 201 2 3271 3448 3269
8985 2 2 201 2 3270 3272 3271
8986 2 2 201 2 3946 3947 3944
8987 2 2 201 2 3270 3271 3269
8988 2 2 201 2 3266 3809 3268
8989 2 2 201 2 3950 3951 3949
8990 2 2 201 2 3268 3270 3269
8991 2 2 201 2 3268 3269 3267
8992 2 2 201 2 3266 3268 3267
8993 2 2 201 2 4088 4089 4087
8994 2 2 201 2 3948 3950 3949
8995 2 2 201 2 3266 3267 3265
8996 2 2 201 2 3956 3957 3955
8997 2 2 201 2 3778 4817 3956
8998 2 2 201 2 3265 3692 3263
8999 2 2 201 2 3264 3266 3265
9000 2 2 201 2 4185 4187 4186
9001 2 2 201 2 4091 4093 3161
9002 2 2 201 2 3264 3265 3263
9003 2 2 201 2 3260 3802 3262
9004 2 2 201 2 3261 3763 3259
9005 2 2 201 2 3948 3949 3947
9006 2 2 201 2 3262 3264 3263
9007 2 2 201 2 707 4849 706
9008 2 2 201 2 3262 3263 3261
9009 2 2 201 2 3260 3262 3261
9010 2 2 201 2 3932 3942 3940
9011 2 2 201 2 3946 3948 3947
9012 2 2 201 2 3260 3261 3259
9013 2 2 201 2 3161 4093 462
9014 2 2 201 2 430 4877 4053
9015 2 2 201 2 3258 3260 3259
9016 2 2 201 2 3689 4878 3697
9017 2 2 201 2 3778 3956 3955
9018 2 2 201 2 3258 3259 3257
9019 2 2 201 2 3254 3796 3256
9020 2 2 201 2 4098 4099 4097
9021 2 2 201 2 4185 4186 4183
9022 2 2 201 2 3256 3258 3257
9023 2 2 201 2 3221 4851 4181
9024 2 2 201 2 3256 3257 3255
9025 2 2 201 2 3252 4850 3254
9026 2 2 201 2 3254 4850 3796
9027 2 2 201 2 3255 3695 3253
9028 2 2 201 2 3254 3256 3255
9029 2 2 201 2 3254 3255 3253
9030 2 2 201 2 3251 3777 3249
9031 2 2 201 2 4821 4854 3155
9032 2 2 201 2 3252 3254 3253
9033 2 2 201 2 3252 3253 3251
9034 2 2 201 2 4957 5118 4872
9035 2 2 201 2 3789 3936 3935
9036 2 2 201 2 3128 4856 711
9037 2 2 201 2 710 4856 3221
9038 2 2 201 2 3697 4894 3929
9039 2 2 201 2 3250 3252 3251
9040 2 2 201 2 3913 4856 3128
9041 2 2 201 2 3697 3929 3928
9042 2 2 201 2 3940 3941 3708
9043 2 2 201 2 3250 3251 3249
9044 2 2 201 2 3248 3826 3250
9045 2 2 201 2 4516 4858 3211
9046 2 2 201 2 4742 4858 4520
9047 2 2 201 2 4588 4854 4821
9048 2 2 201 2 3241 4855 3242
9049 2 2 201 2 3937 3938 3936
9050 2 2 201 2 3248 3250 3249
9051 2 2 201 2 3247 3781 3245
9052 2 2 201 2 3682 4853 3684
9053 2 2 201 2 3244 3782 3246
9054 2 2 201 2 3684 4853 3789
9055 2 2 201 2 3789 4853 3937
9056 2 2 201 2 711 4856 710
9057 2 2 201 2 3248 3249 3247
9058 2 2 201 2 3813 4878 3691
9059 2 2 201 2 3211 4858 4742
9060 2 2 201 2 3214 4859 679
9061 2 2 201 2 678 4859 3110
9062 2 2 201 2 3246 3248 3247
9063 2 2 201 2 3690 3858 3710
9064 2 2 201 2 3789 3937 3936
9065 2 2 201 2 3235 3237 3236
9066 2 2 201 2 3929 3931 3930
9067 2 2 201 2 3316 4862 3849
9068 2 2 201 2 3246 3247 3245
9069 2 2 201 2 577 4863 4571
9070 2 2 201 2 3113 4863 578
9071 2 2 201 2 3235 3236 3234
9072 2 2 201 2 3706 4864 4670
9073 2 2 201 2 4857 5297 5296
9074 2 2 201 2 3251 4861 3777
9075 2 2 201 2 3695 4861 3253
9076 2 2 201 2 3999 4866 3993
9077 2 2 201 2 3862 3863 3813
9078 2 2 201 2 3929 3930 3928
9079 2 2 201 2 3799 4855 3241
9080 2 2 201 2 3803 5141 4329
9081 2 2 201 2 3936 4857 3935
9082 2 2 201 2 3242 3243 3240
9083 2 2 201 2 3244 3246 3245
9084 2 2 201 2 3237 3239 3238
9085 2 2 201 2 4306 5003 4996
9086 2 2 201 2 3993 4866 3588
9087 2 2 201 2 3589 4866 3592
9088 2 2 201 2 3241 3242 3240
9089 2 2 201 2 3239 3241 3240
9090 2 2 201 2 3720 4867 3669
9091 2 2 201 2 3667 4867 4792
9092 2 2 201 2 3592 4868 3594
9093 2 2 201 2 3697 3928 3687
9094 2 2 201 2 3244 3245 3243
9095 2 2 201 2 3931 3932 3930
9096 2 2 201 2 4296 4870 3324
9097 2 2 201 2 3326 4870 3771
9098 2 2 201 2 3239 3240 3238
9099 2 2 201 2 679 4859 678
9100 2 2 201 2 693 4875 3104
9101 2 2 201 2 3162 4875 694
9102 2 2 201 2 3242 3244 3243
9103 2 2 201 2 4588 5000 4854
9104 2 2 201 2 4329 5151 3803
9105 2 2 201 2 4922 4935 4651
9106 2 2 201 2 3314 4862 3316
9107 2 2 201 2 5167 5213 3694
9108 2 2 201 2 3253 4861 3251
9109 2 2 201 2 4852 4882 4181
9110 2 2 201 2 578 4863 577
9111 2 2 201 2 3858 3901 3859
9112 2 2 201 2 4670 4864 4675
9113 2 2 201 2 3449 4880 3878
9114 2 2 201 2 3877 4880 3446
9115 2 2 201 2 3925 4855 3799
9116 2 2 201 2 3947 4876 3944
9117 2 2 201 2 3237 3238 3236
9118 2 2 201 2 4182 4882 4184
9119 2 2 201 2 3935 4883 3688
9120 2 2 201 2 3258 4881 3260
9121 2 2 201 2 4618 5153 5026
9122 2 2 201 2 3951 4865 3952
9123 2 2 201 2 3691 4878 3689
9124 2 2 201 2 4243 4984 4962
9125 2 2 201 2 3234 3907 3160
9126 2 2 201 2 3189 5330 5030
9127 2 2 201 2 3714 5340 4023
9128 2 2 201 2 3924 3926 3925
9129 2 2 201 2 3045 4877 429
9130 2 2 201 2 5296 5297 3081
9131 2 2 201 2 3588 4866 3589
9132 2 2 201 2 3182 5318 5031
9133 2 2 201 2 3238 3865 3236
9134 2 2 201 2 4367 4885 4366
9135 2 2 201 2 3787 5319 4319
9136 2 2 201 2 3669 4867 3667
9137 2 2 201 2 3873 4878 3813
9138 2 2 201 2 3594 4868 3770
9139 2 2 201 2 429 4877 430
9140 2 2 201 2 3204 5285 5272
9141 2 2 201 2 3240 4860 3238
9142 2 2 201 2 4053 4877 4054
9143 2 2 201 2 3243 4860 3240
9144 2 2 201 2 3884 3899 3883
9145 2 2 201 2 3324 4870 3326
9146 2 2 201 2 501 4886 4448
9147 2 2 201 2 3115 4886 502
9148 2 2 201 2 4290 4887 4292
9149 2 2 201 2 4288 4887 4287
9150 2 2 201 2 5247 5261 4500
9151 2 2 201 2 4477 5299 3726
9152 2 2 201 2 4268 4888 4588
9153 2 2 201 2 694 4875 693
9154 2 2 201 2 3944 4876 3953
9155 2 2 201 2 3532 4889 3530
9156 2 2 201 2 3800 3924 3799
9157 2 2 201 2 3223 5114 3926
9158 2 2 201 2 4703 5285 3204
9159 2 2 201 2 4311 4890 4308
9160 2 2 201 2 3805 5113 4625
9161 2 2 201 2 4231 4912 4226
9162 2 2 201 2 3863 3885 3873
9163 2 2 201 2 3238 4860 3865
9164 2 2 201 2 4515 4893 4516
9165 2 2 201 2 3924 3925 3799
9166 2 2 201 2 3950 5268 3951
9167 2 2 201 2 3777 4891 3249
9168 2 2 201 2 3885 3896 3873
9169 2 2 201 2 3247 4891 3781
9170 2 2 201 2 4675 4895 4672
9171 2 2 201 2 3446 4880 3449
9172 2 2 201 2 4625 5123 3805
9173 2 2 201 2 4145 4970 3188
9174 2 2 201 2 3045 4897 4877
9175 2 2 201 2 3690 4883 3858
9176 2 2 201 2 4559 4889 4560
9177 2 2 201 2 486 3127 485
9178 2 2 201 2 722 3126 721
9179 2 2 201 2 3260 4881 3802
9180 2 2 201 2 3858 3904 3901
9181 2 2 201 2 721 4871 720
9182 2 2 201 2 4295 4897 4294
9183 2 2 201 2 485 4874 484
9184 2 2 201 2 723 4869 722
9185 2 2 201 2 720 3227 719
9186 2 2 201 2 3264 4898 3266
9187 2 2 201 2 4181 4882 4182
9188 2 2 201 2 4892 5247 4500
9189 2 2 201 2 3771 4899 3328
9190 2 2 201 2 3330 4899 3707
9191 2 2 201 2 3525 4900 4797
9192 2 2 201 2 3797 4900 3523
9193 2 2 201 2 484 3225 483
9194 2 2 201 2 724 3224 723
9195 2 2 201 2 3858 4883 3904
9196 2 2 201 2 506 4901 3145
9197 2 2 201 2 725 4872 724
9198 2 2 201 2 3688 4883 3690
9199 2 2 201 2 4398 4902 4395
9200 2 2 201 2 3544 4903 3542
9201 2 2 201 2 5268 5293 3951
9202 2 2 201 2 4366 4885 4665
9203 2 2 201 2 4703 5294 5285
9204 2 2 201 2 487 4879 486
9205 2 2 201 2 4877 4897 4054
9206 2 2 201 2 4711 4904 4722
9207 2 2 201 2 3863 3873 3813
9208 2 2 201 2 560 4905 559
9209 2 2 201 2 4800 5117 4914
9210 2 2 201 2 4665 4907 4763
9211 2 2 201 2 483 4873 482
9212 2 2 201 2 4864 4947 4675
9213 2 2 201 2 4383 5305 5083
9214 2 2 201 2 3996 4994 300
9215 2 2 201 2 3117 5294 4703
9216 2 2 201 2 3793 4966 4300
9217 2 2 201 2 3781 4906 3245
9218 2 2 201 2 4245 4995 4981
9219 2 2 201 2 3883 3924 3800
9220 2 2 201 2 502 4886 501
9221 2 2 201 2 488 3228 487
9222 2 2 201 2 4126 5198 3123
9223 2 2 201 2 3913 4896 4851
9224 2 2 201 2 4286 4909 4288
9225 2 2 201 2 4282 4909 4283
9226 2 2 201 2 4565 4916 4567
9227 2 2 201 2 4287 4887 4290
9228 2 2 201 2 5278 5347 4716
9229 2 2 201 2 3743 4934 4170
9230 2 2 201 2 5283 5295 3809
9231 2 2 201 2 3136 4910 508
9232 2 2 201 2 4269 4888 4268
9233 2 2 201 2 3123 5211 4126
9234 2 2 201 2 562 4912 4231
9235 2 2 201 2 3270 4911 3272
9236 2 2 201 2 3756 4889 3532
9237 2 2 201 2 3236 4884 3234
9238 2 2 201 2 3083 4912 563
9239 2 2 201 2 4878 4894 3697
9240 2 2 201 2 3243 4906 4860
9241 2 2 201 2 3879 4913 4735
9242 2 2 201 2 3865 4884 3236
9243 2 2 201 2 4313 4890 4311
9244 2 2 201 2 3926 5098 3223
9245 2 2 201 2 4204 4914 4203
9246 2 2 201 2 4300 4976 3793
9247 2 2 201 2 4235 4915 4233
9248 2 2 201 2 4499 4892 4500
9249 2 2 201 2 3234 4884 3907
9250 2 2 201 2 3249 4891 3247
9251 2 2 201 2 3070 4893 4515
9252 2 2 201 2 3086 5245 5202
9253 2 2 201 2 3896 4894 3873
9254 2 2 201 2 3707 4918 3332
9255 2 2 201 2 310 4919 311
9256 2 2 201 2 3807 5162 4332
9257 2 2 201 2 639 4920 3178
9258 2 2 201 2 3100 4920 640
9259 2 2 201 2 4060 4921 4058
9260 2 2 201 2 5065 5075 4733
9261 2 2 201 2 3873 4894 4878
9262 2 2 201 2 4672 4895 4674
9263 2 2 201 2 3753 5023 4696
9264 2 2 201 2 3701 4922 3510
9265 2 2 201 2 4332 5170 3807
9266 2 2 201 2 3706 4932 4652
9267 2 2 201 2 4898 5283 3809
9268 2 2 201 2 3914 4896 3913
9269 2 2 201 2 3276 4923 3278
9270 2 2 201 2 4761 4924 3113
9271 2 2 201 2 3606 4925 3712
9272 2 2 201 2 3780 4925 3604
9273 2 2 201 2 3126 4871 721
9274 2 2 201 2 3492 4926 3490
9275 2 2 201 2 3127 4874 485
9276 2 2 201 2 722 4869 3126
9277 2 2 201 2 4156 4943 4158
9278 2 2 201 2 720 4871 3227
9279 2 2 201 2 3257 4928 4188
9280 2 2 201 2 3770 4927 3596
9281 2 2 201 2 3598 4927 3776
9282 2 2 201 2 4597 5339 4213
9283 2 2 201 2 3763 4928 3259
9284 2 2 201 2 4294 4897 3045
9285 2 2 201 2 3070 4904 4893
9286 2 2 201 2 3336 4929 3785
9287 2 2 201 2 484 4874 3225
9288 2 2 201 2 3224 4869 723
9289 2 2 201 2 4733 5075 3830
9290 2 2 201 2 4510 5314 5242
9291 2 2 201 2 3266 4898 3809
9292 2 2 201 2 3792 4930 3457
9293 2 2 201 2 3459 4930 3732
9294 2 2 201 2 4385 4931 4387
9295 2 2 201 2 4390 4931 4388
9296 2 2 201 2 3328 4899 3330
9297 2 2 201 2 486 4879 3127
9298 2 2 201 2 724 4872 3224
9299 2 2 201 2 3523 4900 3525
9300 2 2 201 2 507 4901 506
9301 2 2 201 2 3506 4932 3706
9302 2 2 201 2 4153 4933 4154
9303 2 2 201 2 3738 4934 3283
9304 2 2 201 2 3281 4934 3743
9305 2 2 201 2 4269 5017 5009
9306 2 2 201 2 4648 4935 4649
9307 2 2 201 2 4831 4936 3735
9308 2 2 201 2 4828 4936 3980
9309 2 2 201 2 3184 4937 317
9310 2 2 201 2 318 4937 4610
9311 2 2 201 2 4205 4938 4206
9312 2 2 201 2 4403 4902 4398
9313 2 2 201 2 4403 5360 4902
9314 2 2 201 2 3225 4873 483
9315 2 2 201 2 3542 4903 3585
9316 2 2 201 2 3951 5293 4865
9317 2 2 201 2 3797 5344 4616
9318 2 2 201 2 4313 5027 5018
9319 2 2 201 2 4188 4928 4189
9320 2 2 201 2 3810 5134 4622
9321 2 2 201 2 4279 4940 4281
9322 2 2 201 2 4277 4940 4276
9323 2 2 201 2 3903 5154 3910
9324 2 2 201 2 4566 4942 3206
9325 2 2 201 2 404 4941 405
9326 2 2 201 2 567 4942 3084
9327 2 2 201 2 3206 4942 568
9328 2 2 201 2 3153 4943 4179
9329 2 2 201 2 4152 4943 4156
9330 2 2 201 2 4706 4944 4712
9331 2 2 201 2 4708 4944 4705
9332 2 2 201 2 4722 4904 3070
9333 2 2 201 2 3156 4905 560
9334 2 2 201 2 641 4945 3100
9335 2 2 201 2 3196 4945 642
9336 2 2 201 2 4885 4924 4665
9337 2 2 201 2 4622 5140 3810
9338 2 2 201 2 4782 4947 4653
9339 2 2 201 2 3228 4879 487
9340 2 2 201 2 3113 4924 4885
9341 2 2 201 2 4050 4989 3867
9342 2 2 201 2 4763 4907 3701
9343 2 2 201 2 3245 4906 3243
9344 2 2 201 2 507 4910 4901
9345 2 2 201 2 4225 4948 4223
9346 2 2 201 2 4209 4950 4775
9347 2 2 201 2 4819 4952 4632
9348 2 2 201 2 4377 4952 4380
9349 2 2 201 2 4269 5009 4888
9350 2 2 201 2 4563 4916 4565
9351 2 2 201 2 4016 5219 3183
9352 2 2 201 2 5114 5172 3926
9353 2 2 201 2 3340 4954 3793
9354 2 2 201 2 3785 4954 3338
9355 2 2 201 2 3157 4919 4124
9356 2 2 201 2 3486 4958 3484
9357 2 2 201 2 3732 4959 3461
9358 2 2 201 2 3463 4959 3757
9359 2 2 201 2 4653 4947 4864
9360 2 2 201 2 4313 5018 4890
9361 2 2 201 2 585 4960 3120
9362 2 2 201 2 272 4961 273
9363 2 2 201 2 4283 4909 4286
9364 2 2 201 2 4589 4962 4591
9365 2 2 201 2 4960 4972 4674
9366 2 2 201 2 4386 4963 4798
9367 2 2 201 2 4005 5117 3776
9368 2 2 201 2 508 4910 507
9369 2 2 201 2 4246 4990 3155
9370 2 2 201 2 3296 4965 3298
9371 2 2 201 2 4275 4966 4277
9372 2 2 201 2 4300 4966 4298
9373 2 2 201 2 3733 4967 3403
9374 2 2 201 2 3401 4967 3737
9375 2 2 201 2 4961 5092 273
9376 2 2 201 2 4900 5004 4797
9377 2 2 201 2 3272 4911 3816
9378 2 2 201 2 3222 4969 513
9379 2 2 201 2 512 4969 3140
9380 2 2 201 2 308 4970 3082
9381 2 2 201 2 3188 4970 307
9382 2 2 201 2 563 4912 562
9383 2 2 201 2 4634 5148 4983
9384 2 2 201 2 3147 4972 587
9385 2 2 201 2 4735 4913 3792
9386 2 2 201 2 4758 4974 4707
9387 2 2 201 2 3814 5186 4336
9388 2 2 201 2 5039 5047 4028
9389 2 2 201 2 3302 4975 3304
9390 2 2 201 2 5030 5330 4264
9391 2 2 201 2 5310 5331 3816
9392 2 2 201 2 3908 5013 3915
9393 2 2 201 2 5048 5061 4272
9394 2 2 201 2 4203 4914 3195
9395 2 2 201 2 4336 5195 3814
9396 2 2 201 2 3344 4976 3719
9397 2 2 201 2 3793 4976 3342
9398 2 2 201 2 3719 4986 4309
9399 2 2 201 2 3065 4980 4003
9400 2 2 201 2 3557 4977 3559
9401 2 2 201 2 4233 4915 4236
9402 2 2 201 2 3752 4978 3381
9403 2 2 201 2 3379 4978 3742
9404 2 2 201 2 3982 4979 3981
9405 2 2 201 2 294 4980 3065
9406 2 2 201 2 3195 4980 293
9407 2 2 201 2 5031 5318 4109
9408 2 2 201 2 287 4981 3063
9409 2 2 201 2 4028 5047 4027
9410 2 2 201 2 4634 4983 4694
9411 2 2 201 2 4895 4960 4674
9412 2 2 201 2 4272 5061 4258
9413 2 2 201 2 3712 4984 4813
9414 2 2 201 2 4941 5087 405
9415 2 2 201 2 3147 4982 4972
9416 2 2 201 2 4747 4917 3083
9417 2 2 201 2 4649 4935 4907
9418 2 2 201 2 4432 4985 3075
9419 2 2 201 2 3332 4918 3334
9420 2 2 201 2 311 4919 3157
9421 2 2 201 2 4309 4996 3719
9422 2 2 201 2 4309 4986 4302
9423 2 2 201 2 4299 4986 4300
9424 2 2 201 2 4890 5011 4308
9425 2 2 201 2 3831 4988 4037
9426 2 2 201 2 498 5231 3945
9427 2 2 201 2 4483 4987 4485
9428 2 2 201 2 3288 4988 3831
9429 2 2 201 2 3867 4989 3312
9430 2 2 201 2 640 4920 639
9431 2 2 201 2 4058 4921 4831
9432 2 2 201 2 3155 4990 285
9433 2 2 201 2 4726 4991 3808
9434 2 2 201 2 5298 5316 4236
9435 2 2 201 2 3827 4993 4732
9436 2 2 201 2 4784 4982 3147
9437 2 2 201 2 3120 4960 4895
9438 2 2 201 2 300 4994 301
9439 2 2 201 2 4243 4995 4242
9440 2 2 201 2 3083 4973 4912
9441 2 2 201 2 5047 5055 4027
9442 2 2 201 2 3719 4996 3346
9443 2 2 201 2 5061 5071 4258
9444 2 2 201 2 4833 5232 4015
9445 2 2 201 2 3314 4989 4862
9446 2 2 201 2 3510 4922 3508
9447 2 2 201 2 4918 4929 3334
9448 2 2 201 2 3755 4997 3647
9449 2 2 201 2 3645 4997 3748
9450 2 2 201 2 3761 4998 3469
9451 2 2 201 2 3278 4923 3823
9452 2 2 201 2 4601 4999 4599
9453 2 2 201 2 4601 5008 4999
9454 2 2 201 2 4247 5000 4529
9455 2 2 201 2 4911 5310 3816
9456 2 2 201 2 4649 4924 4761
9457 2 2 201 2 4119 5352 4121
9458 2 2 201 2 3604 4925 3606
9459 2 2 201 2 4854 5000 4247
9460 2 2 201 2 4772 5299 4477
9461 2 2 201 2 4784 4991 4982
9462 2 2 201 2 3490 4926 3721
9463 2 2 201 2 4361 5002 4806
9464 2 2 201 2 4027 5055 4816
9465 2 2 201 2 3350 5003 3727
9466 2 2 201 2 4258 5071 4257
9467 2 2 201 2 4616 5004 4900
9468 2 2 201 2 3596 4927 3598
9469 2 2 201 2 265 5005 266
9470 2 2 201 2 4239 5006 4240
9471 2 2 201 2 3259 4928 3257
9472 2 2 201 2 3473 5007 3744
9473 2 2 201 2 3494 5008 3492
9474 2 2 201 2 4922 4932 3508
9475 2 2 201 2 3334 4929 3336
9476 2 2 201 2 3722 5009 3620
9477 2 2 201 2 3472 5010 3470
9478 2 2 201 2 3457 4930 3459
9479 2 2 201 2 4101 5171 3782
9480 2 2 201 2 470 5077 3230
9481 2 2 201 2 3727 5011 4890
9482 2 2 201 2 4305 5011 4306
9483 2 2 201 2 4388 4931 4385
9484 2 2 201 2 4600 5012 4601
9485 2 2 201 2 3817 5207 4340
9486 2 2 201 2 5055 5066 4816
9487 2 2 201 2 3227 4955 719
9488 2 2 201 2 4630 5014 4636
9489 2 2 201 2 4121 5352 4951
9490 2 2 201 2 3095 5015 649
9491 2 2 201 2 648 5015 3181
9492 2 2 201 2 3783 5163 4548
9493 2 2 201 2 4340 5218 3817
9494 2 2 201 2 3624 5017 3731
9495 2 2 201 2 3782 5161 4101
9496 2 2 201 2 3508 4932 3506
9497 2 2 201 2 725 4957 4872
9498 2 2 201 2 3727 5018 3352
9499 2 2 201 2 4907 4935 3701
9500 2 2 201 2 4915 5298 4236
9501 2 2 201 2 4991 4999 3808
9502 2 2 201 2 4208 5020 4609
9503 2 2 201 2 4159 4933 4153
9504 2 2 201 2 3884 5345 5118
9505 2 2 201 2 3283 4934 3281
9506 2 2 201 2 262 5021 263
9507 2 2 201 2 4651 4935 4648
9508 2 2 201 2 4605 5022 4603
9509 2 2 201 2 3735 4936 4828
9510 2 2 201 2 3585 5023 3540
9511 2 2 201 2 3538 5023 3753
9512 2 2 201 2 317 4937 318
9513 2 2 201 2 4816 5066 3991
9514 2 2 201 2 4591 4938 4205
9515 2 2 201 2 3881 5074 3884
9516 2 2 201 2 4873 4956 482
9517 2 2 201 2 4262 5024 4264
9518 2 2 201 2 4252 5024 4251
9519 2 2 201 2 3823 5359 4847
9520 2 2 201 2 488 4953 3228
9521 2 2 201 2 4267 5025 4269
9522 2 2 201 2 4959 5358 3757
9523 2 2 201 2 5026 5153 4692
9524 2 2 201 2 3090 5026 4629
9525 2 2 201 2 4618 5026 4617
9526 2 2 201 2 4819 5187 4952
9527 2 2 201 2 4913 5137 3792
9528 2 2 201 2 3872 5097 4425
9529 2 2 201 2 3356 5027 3734
9530 2 2 201 2 3900 5258 4766
9531 2 2 201 2 5341 5359 3823
9532 2 2 201 2 4766 5266 3900
9533 2 2 201 2 4276 4940 4279
9534 2 2 201 2 4888 5009 3722
9535 2 2 201 2 4681 5029 4684
9536 2 2 201 2 3158 4941 404
9537 2 2 201 2 489 4953 488
9538 2 2 201 2 3189 5030 651
9539 2 2 201 2 650 5030 3095
9540 2 2 201 2 519 5031 3138
9541 2 2 201 2 3182 5031 520
9542 2 2 201 2 568 4942 567
9543 2 2 201 2 4179 4943 4152
9544 2 2 201 2 4705 4944 4706
9545 2 2 201 2 4176 5036 3165
9546 2 2 201 2 5066 5076 3991
9547 2 2 201 2 4499 5004 4892
9548 2 2 201 2 642 4945 641
9549 2 2 201 2 4606 5033 4607
9550 2 2 201 2 259 5034 260
9551 2 2 201 2 4312 5035 4313
9552 2 2 201 2 3898 5246 4193
9553 2 2 201 2 3165 5036 690
9554 2 2 201 2 689 5036 3133
9555 2 2 201 2 719 4955 718
9556 2 2 201 2 4785 5037 701
9557 2 2 201 2 700 5037 3153
9558 2 2 201 2 4193 5256 3898
9559 2 2 201 2 4445 5335 3703
9560 2 2 201 2 3481 5038 3779
9561 2 2 201 2 3775 5038 3479
9562 2 2 201 2 3703 5322 4445
9563 2 2 201 2 4265 5039 4270
9564 2 2 201 2 726 4957 725
9565 2 2 201 2 482 4956 481
9566 2 2 201 2 3120 4947 4782
9567 2 2 201 2 4214 5339 4596
9568 2 2 201 2 3223 5077 469
9569 2 2 201 2 3965 5165 3711
9570 2 2 201 2 3991 5076 3990
9571 2 2 201 2 4921 5284 4831
9572 2 2 201 2 4263 5041 4822
9573 2 2 201 2 3772 5042 4201
9574 2 2 201 2 4108 5042 4810
9575 2 2 201 2 4746 5040 4747
9576 2 2 201 2 4223 4948 4230
9577 2 2 201 2 4890 5018 3727
9578 2 2 201 2 4912 4973 4226
9579 2 2 201 2 3140 4950 4209
9580 2 2 201 2 3488 5028 3486
9581 2 2 201 2 4794 4951 3822
9582 2 2 201 2 4666 5046 4667
9583 2 2 201 2 4492 5046 4490
9584 2 2 201 2 4632 4952 4377
9585 2 2 201 2 3196 5307 4945
9586 2 2 201 2 4162 5058 3692
9587 2 2 201 2 4815 5048 4315
9588 2 2 201 2 4730 5050 3039
9589 2 2 201 2 4507 5051 4508
9590 2 2 201 2 4410 5062 3214
9591 2 2 201 2 3338 4954 3340
9592 2 2 201 2 4549 5176 4686
9593 2 2 201 2 3844 5053 4663
9594 2 2 201 2 4425 5347 5278
9595 2 2 201 2 3754 5054 3363
9596 2 2 201 2 3485 5056 3788
9597 2 2 201 2 3779 5056 3483
9598 2 2 201 2 3692 5058 3263
9599 2 2 201 2 3261 5058 3763
9600 2 2 201 2 4801 5059 3191
9601 2 2 201 2 3484 4958 3728
9602 2 2 201 2 3461 4959 3463
9603 2 2 201 2 4738 5060 4658
9604 2 2 201 2 3135 5064 4669
9605 2 2 201 2 4439 5064 4446
9606 2 2 201 2 4574 5065 3200
9607 2 2 201 2 4610 5279 4611
9608 2 2 201 2 3989 5092 4961
9609 2 2 201 2 3359 5067 3784
9610 2 2 201 2 4938 4984 3712
9611 2 2 201 2 4690 5068 4688
9612 2 2 201 2 4491 5068 4492
9613 2 2 201 2 586 4960 585
9614 2 2 201 2 523 5069 3124
9615 2 2 201 2 3889 5057 3863
9616 2 2 201 2 252 5070 253
9617 2 2 201 2 3058 4961 272
9618 2 2 201 2 4256 5087 4941
9619 2 2 201 2 4923 5341 3823
9620 2 2 201 2 3063 4962 4589
9621 2 2 201 2 3892 5072 3880
9622 2 2 201 2 3763 5001 4928
9623 2 2 201 2 4387 5307 4386
9624 2 2 201 2 4798 4963 3752
9625 2 2 201 2 4354 5078 4353
9626 2 2 201 2 4540 5078 4542
9627 2 2 201 2 4192 5210 3129
9628 2 2 201 2 3489 5079 3794
9629 2 2 201 2 3788 5079 3487
9630 2 2 201 2 3141 5080 525
9631 2 2 201 2 3226 5214 3922
9632 2 2 201 2 4842 4964 3715
9633 2 2 201 2 3111 5073 4474
9634 2 2 201 2 249 5081 250
9635 2 2 201 2 3276 5342 4923
9636 2 2 201 2 4021 5289 3168
9637 2 2 201 2 3298 4965 3838
9638 2 2 201 2 4805 5083 4213
9639 2 2 201 2 586 4972 4960
9640 2 2 201 2 4428 5085 4751
9641 2 2 201 2 4298 4966 4275
9642 2 2 201 2 3355 5086 3766
9643 2 2 201 2 3784 5086 3357
9644 2 2 201 2 3403 4967 3401
9645 2 2 201 2 406 5087 3041
9646 2 2 201 2 3895 5157 4583
9647 2 2 201 2 3158 5099 5090
9648 2 2 201 2 636 5073 3111
9649 2 2 201 2 4764 5088 4689
9650 2 2 201 2 4256 5090 4255
9651 2 2 201 2 4200 5091 4790
9652 2 2 201 2 4983 5148 4719
9653 2 2 201 2 4917 4973 3083
9654 2 2 201 2 274 5092 3059
9655 2 2 201 2 3148 5349 5316
9656 2 2 201 2 4583 5167 3895
9657 2 2 201 2 4601 5012 4926
9658 2 2 201 2 4096 5201 3826
9659 2 2 201 2 468 5114 3223
9660 2 2 201 2 513 4969 512
9661 2 2 201 2 4740 5093 4576
9662 2 2 201 2 4357 5094 4352
9663 2 2 201 2 4351 5094 4354
9664 2 2 201 2 307 4970 308
9665 2 2 201 2 3989 5095 3988
9666 2 2 201 2 4645 5099 3158
9667 2 2 201 2 3834 4971 4700
9668 2 2 201 2 3826 5191 4096
9669 2 2 201 2 3963 5281 3110
9670 2 2 201 2 4627 5096 4743
9671 2 2 201 2 4466 5147 3729
9672 2 2 201 2 4903 4949 3585
9673 2 2 201 2 4023 5187 3714
9674 2 2 201 2 587 4972 586
9675 2 2 201 2 4226 4973 4227
9676 2 2 201 2 3987 5084 3989
9677 2 2 201 2 4678 5097 3426
9678 2 2 201 2 3428 5097 3872
9679 2 2 201 2 3766 5100 3353
9680 2 2 201 2 3217 4974 4758
9681 2 2 201 2 4235 5294 4915
9682 2 2 201 2 3621 5101 3773
9683 2 2 201 2 3787 5101 3623
9684 2 2 201 2 4725 5103 4770
9685 2 2 201 2 4708 5358 4959
9686 2 2 201 2 4645 5106 5099
9687 2 2 201 2 3304 4975 3842
9688 2 2 201 2 3209 5104 4727
9689 2 2 201 2 3834 4977 4971
9690 2 2 201 2 4962 4995 4243
9691 2 2 201 2 4425 5278 4421
9692 2 2 201 2 3270 5308 4911
9693 2 2 201 2 3349 5107 3774
9694 2 2 201 2 3965 5329 3962
9695 2 2 201 2 4023 5340 4020
9696 2 2 201 2 4462 5127 4460
9697 2 2 201 2 3342 4976 3344
9698 2 2 201 2 3079 5114 467
9699 2 2 201 2 4830 5110 4318
9700 2 2 201 2 4506 5032 4028
9701 2 2 201 2 4972 4982 4674
9702 2 2 201 2 4926 5012 3721
9703 2 2 201 2 3217 4983 4974
9704 2 2 201 2 4359 5112 4358
9705 2 2 201 2 4347 5112 4348
9706 2 2 201 2 3499 5113 3805
9707 2 2 201 2 3765 5113 3497
9708 2 2 201 2 4874 5159 3910
9709 2 2 201 2 3559 4977 3834
9710 2 2 201 2 3381 4978 3379
9711 2 2 201 2 4323 5115 4767
9712 2 2 201 2 3723 5250 4461
9713 2 2 201 2 3776 5117 4799
9714 2 2 201 2 4644 5106 4645
9715 2 2 201 2 3421 5120 3419
9716 2 2 201 2 3932 5180 3942
9717 2 2 201 2 5033 5043 3728
9718 2 2 201 2 3981 4979 4503
9719 2 2 201 2 3774 5122 3347
9720 2 2 201 2 4623 5123 4625
9721 2 2 201 2 4622 5123 4620
9722 2 2 201 2 293 4980 294
9723 2 2 201 2 286 4981 287
9724 2 2 201 2 443 5125 444
9725 2 2 201 2 4674 4982 4673
9726 2 2 201 2 4460 5127 4458
9727 2 2 201 2 4793 5127 3135
9728 2 2 201 2 4596 5339 4597
9729 2 2 201 2 5204 5313 4846
9730 2 2 201 2 4707 5358 4708
9731 2 2 201 2 3976 5131 3973
9732 2 2 201 2 4952 5187 4024
9733 2 2 201 2 3343 5133 3803
9734 2 2 201 2 3805 5134 3501
9735 2 2 201 2 3503 5134 3810
9736 2 2 201 2 4644 5111 5106
9737 2 2 201 2 4694 4983 3217
9738 2 2 201 2 531 5136 3062
9739 2 2 201 2 3176 5136 532
9740 2 2 201 2 4583 5213 5167
9741 2 2 201 2 4710 5137 4711
9742 2 2 201 2 3728 5043 4749
9743 2 2 201 2 3932 5304 3139
9744 2 2 201 2 3264 5274 4898
9745 2 2 201 2 611 5138 610
9746 2 2 201 2 4813 4984 4243
9747 2 2 201 2 4621 5140 4622
9748 2 2 201 2 4547 5140 4545
9749 2 2 201 2 4344 5141 4346
9750 2 2 201 2 4329 5141 4328
9751 2 2 201 2 4128 5143 4130
9752 2 2 201 2 4134 5143 4132
9753 2 2 201 2 4808 5045 4272
9754 2 2 201 2 4677 5145 4661
9755 2 2 201 2 4780 5348 4381
9756 2 2 201 2 286 4990 4981
9757 2 2 201 2 3975 5146 3974
9758 2 2 201 2 4433 4985 4432
9759 2 2 201 2 3405 5147 3733
9760 2 2 201 2 3729 5147 3407
9761 2 2 201 2 3058 5105 5095
9762 2 2 201 2 4945 5307 4387
9763 2 2 201 2 4982 4991 4673
9764 2 2 201 2 4381 5337 4780
9765 2 2 201 2 4254 5082 4256
9766 2 2 201 2 4098 5171 4101
9767 2 2 201 2 4867 5178 4792
9768 2 2 201 2 4302 4986 4299
9769 2 2 201 2 4624 5150 4627
9770 2 2 201 2 3803 5151 3341
9771 2 2 201 2 3339 5151 3807
9772 2 2 201 2 3810 5152 3505
9773 2 2 201 2 533 5155 3176
9774 2 2 201 2 4114 5156 4111
9775 2 2 201 2 4583 5157 4580
9776 2 2 201 2 4734 5157 3122
9777 2 2 201 2 3924 5098 3926
9778 2 2 201 2 4096 5171 4095
9779 2 2 201 2 5043 5052 4749
9780 2 2 201 2 609 5158 3179
9781 2 2 201 2 4586 5105 3058
9782 2 2 201 2 4914 5063 3195
9783 2 2 201 2 3075 5111 4644
9784 2 2 201 2 3067 4992 4143
9785 2 2 201 2 4923 5342 4068
9786 2 2 201 2 4332 5162 4330
9787 2 2 201 2 4327 5162 4329
9788 2 2 201 2 3509 5163 3783
9789 2 2 201 2 4806 4987 4483
9790 2 2 201 2 3286 4988 3288
9791 2 2 201 2 3137 5166 535
9792 2 2 201 2 3133 5168 4405
9793 2 2 201 2 4676 5202 4418
9794 2 2 201 2 3895 5167 3887
9795 2 2 201 2 4756 5167 3694
9796 2 2 201 2 3312 4989 3314
9797 2 2 201 2 3115 5268 4886
9798 2 2 201 2 3807 5170 3337
9799 2 2 201 2 3335 5170 3814
9800 2 2 201 2 3244 5161 3782
9801 2 2 201 2 285 4990 286
9802 2 2 201 2 4010 5173 4012
9803 2 2 201 2 4131 5173 4835
9804 2 2 201 2 4113 5175 4112
9805 2 2 201 2 4673 4991 4726
9806 2 2 201 2 4687 5176 4549
9807 2 2 201 2 4092 5222 4850
9808 2 2 201 2 4452 5178 4867
9809 2 2 201 2 4850 5216 4092
9810 2 2 201 2 3258 5243 4881
9811 2 2 201 2 4825 5179 3969
9812 2 2 201 2 3394 5181 3396
9813 2 2 201 2 4586 5109 5105
9814 2 2 201 2 3742 5182 4818
9815 2 2 201 2 3760 5184 3392
9816 2 2 201 2 4732 4993 4733
9817 2 2 201 2 4336 5186 4334
9818 2 2 201 2 4331 5186 4332
9819 2 2 201 2 536 5188 3137
9820 2 2 201 2 4749 5052 3827
9821 2 2 201 2 4094 5201 4096
9822 2 2 201 2 3797 5225 4615
9823 2 2 201 2 4607 5033 4958
9824 2 2 201 2 4250 5192 4249
9825 2 2 201 2 3748 5193 4834
9826 2 2 201 2 4092 5201 4091
9827 2 2 201 2 3980 5194 3979
9828 2 2 201 2 3814 5195 3333
9829 2 2 201 2 3331 5195 3817
9830 2 2 201 2 301 4994 3067
9831 2 2 201 2 4855 5161 3242
9832 2 2 201 2 4242 4995 4245
9833 2 2 201 2 3248 5191 3826
9834 2 2 201 2 3123 5198 538
9835 2 2 201 2 4611 5279 4951
9836 2 2 201 2 4591 4984 4938
9837 2 2 201 2 3848 5199 4791
9838 2 2 201 2 3086 5202 331
9839 2 2 201 2 332 5202 4676
9840 2 2 201 2 4915 5294 3117
9841 2 2 201 2 4107 5203 4106
9842 2 2 201 2 3971 5206 3968
9843 2 2 201 2 4911 5308 4074
9844 2 2 201 2 4340 5207 4338
9845 2 2 201 2 4335 5207 4336
9846 2 2 201 2 4201 5209 4196
9847 2 2 201 2 4126 5211 4011
9848 2 2 201 2 4014 5211 4016
9849 2 2 201 2 3782 5191 3246
9850 2 2 201 2 4505 5217 4133
9851 2 2 201 2 4090 5222 4092
9852 2 2 201 2 3346 4996 3348
9853 2 2 201 2 3252 5216 4850
9854 2 2 201 2 3817 5218 3329
9855 2 2 201 2 3327 5218 3821
9856 2 2 201 2 3183 5219 540
9857 2 2 201 2 539 5219 3123
9858 2 2 201 2 3220 5109 4586
9859 2 2 201 2 3899 5098 3883
9860 2 2 201 2 3855 5220 4817
9861 2 2 201 2 4928 5001 4189
9862 2 2 201 2 4463 5271 4467
9863 2 2 201 2 3826 5216 3250
9864 2 2 201 2 442 5224 443
9865 2 2 201 2 3521 5225 3797
9866 2 2 201 2 4765 5225 3519
9867 2 2 201 2 4339 5226 4340
9868 2 2 201 2 4086 5233 4085
9869 2 2 201 2 499 5231 498
9870 2 2 201 2 4015 5232 4811
9871 2 2 201 2 3724 5360 3297
9872 2 2 201 2 3985 5234 4836
9873 2 2 201 2 4898 5274 4080
9874 2 2 201 2 3097 5356 4787
9875 2 2 201 2 4487 5237 4486
9876 2 2 201 2 638 5238 637
9877 2 2 201 2 3744 5355 4691
9878 2 2 201 2 4881 5243 4086
9879 2 2 201 2 4441 5241 4443
9880 2 2 201 2 4769 5242 3891
9881 2 2 201 2 4827 5352 4119
9882 2 2 201 2 3647 4997 3645
9883 2 2 201 2 4084 5249 4086
9884 2 2 201 2 3796 5243 3256
9885 2 2 201 2 4193 5246 674
9886 2 2 201 2 673 5246 3107
9887 2 2 201 2 4886 5268 3950
9888 2 2 201 2 327 5247 3097
9889 2 2 201 2 4381 5348 4378
9890 2 2 201 2 3469 4998 3471
9891 2 2 201 2 4599 4999 4784
9892 2 2 201 2 3413 5250 3723
9893 2 2 201 2 4999 5008 3808
9894 2 2 201 2 3416 5251 3418
9895 2 2 201 2 3816 5342 3274
9896 2 2 201 2 4066 5341 4068
9897 2 2 201 2 4324 5340 3714
9898 2 2 201 2 4020 5340 4019
9899 2 2 201 2 4213 5339 4211
9900 2 2 201 2 3898 5256 3869
9901 2 2 201 2 4766 5258 544
9902 2 2 201 2 543 5258 3125
9903 2 2 201 2 497 5336 3139
9904 2 2 201 2 4234 5338 4642
9905 2 2 201 2 4477 5177 4772
9906 2 2 201 2 4780 5337 551
9907 2 2 201 2 550 5337 3143
9908 2 2 201 2 4080 5262 4079
9909 2 2 201 2 3204 5261 325
9910 2 2 201 2 3220 5119 5109
9911 2 2 201 2 3958 5244 3937
9912 2 2 201 2 3158 5090 4941
9913 2 2 201 2 4068 5331 4067
9914 2 2 201 2 3960 5265 3963
9915 2 2 201 2 3900 5266 3871
9916 2 2 201 2 3962 5329 3961
9917 2 2 201 2 4841 5329 3711
9918 2 2 201 2 3102 5271 4456
9919 2 2 201 2 4457 5271 4463
9920 2 2 201 2 4427 5328 4429
9921 2 2 201 2 4500 5272 4498
9922 2 2 201 2 4527 5326 4526
9923 2 2 201 2 3699 5325 3423
9924 2 2 201 2 3957 5269 3955
9925 2 2 201 2 4440 5322 4444
9926 2 2 201 2 4078 5283 4080
9927 2 2 201 2 3802 5274 3262
9928 2 2 201 2 4317 5319 4320
9929 2 2 201 2 3072 5278 4716
9930 2 2 201 2 4421 5278 4737
9931 2 2 201 2 3148 5316 320
9932 2 2 201 2 676 5281 3175
9933 2 2 201 2 3110 5281 677
9934 2 2 201 2 4018 5282 4021
9935 2 2 201 2 4774 5284 3136
9936 2 2 201 2 4072 5310 4074
9937 2 2 201 2 4996 5003 3348
9938 2 2 201 2 3790 5286 3414
9939 2 2 201 2 4484 5306 4762
9940 2 2 201 2 3809 5308 3268
9941 2 2 201 2 3168 5289 547
9942 2 2 201 2 546 5289 3142
9943 2 2 201 2 4237 5291 3222
9944 2 2 201 2 4074 5295 4073
9945 2 2 201 2 322 5298 3117
9946 2 2 201 2 3726 5299 3395
9947 2 2 201 2 3393 5299 4772
9948 2 2 201 2 4529 5000 3722
9949 2 2 201 2 4189 5001 4191
9950 2 2 201 2 3067 4994 4992
9951 2 2 201 2 4409 5324 4964
9952 2 2 201 2 4998 5007 3471
9953 2 2 201 2 3938 5297 3936
9954 2 2 201 2 3181 5002 4361
9955 2 2 201 2 4368 5119 3220
9956 2 2 201 2 3348 5003 3350
9957 2 2 201 2 4784 4999 4991
9958 2 2 201 2 5210 5321 3129
9959 2 2 201 2 4086 5249 4881
9960 2 2 201 2 4719 5148 3761
9961 2 2 201 2 4941 5090 4256
9962 2 2 201 2 4711 5137 4913
9963 2 2 201 2 4797 5004 4499
9964 2 2 201 2 3915 5013 3916
9965 2 2 201 2 3056 5005 265
9966 2 2 201 2 4368 5126 5119
9967 2 2 201 2 3140 5194 4950
9968 2 2 201 2 5202 5245 4418
9969 2 2 201 2 4609 5006 4239
9970 2 2 201 2 3471 5007 3473
9971 2 2 201 2 3808 5008 3494
9972 2 2 201 2 3620 5009 3622
9973 2 2 201 2 3470 5010 3739
9974 2 2 201 2 3097 5247 4892
9975 2 2 201 2 4902 5360 3724
9976 2 2 201 2 3057 5126 4368
9977 2 2 201 2 4308 5011 4305
9978 2 2 201 2 4080 5283 4898
9979 2 2 201 2 5010 5016 3739
9980 2 2 201 2 4961 5095 3989
9981 2 2 201 2 4481 5128 3102
9982 2 2 201 2 5009 5017 3622
9983 2 2 201 2 4603 5012 4600
9984 2 2 201 2 4433 5132 5115
9985 2 2 201 2 4434 5132 4433
9986 2 2 201 2 3474 5089 3472
9987 2 2 201 2 3731 5032 4506
9988 2 2 201 2 4503 5317 3755
9989 2 2 201 2 4629 5014 4630
9990 2 2 201 2 6 5253 717
9991 2 2 201 2 471 5254 4
9992 2 2 201 2 3 5255 244
9993 2 2 201 2 490 5257 5
9994 2 2 201 2 266 5144 267
9995 2 2 201 2 4658 5060 4993
9996 2 2 201 2 3195 5063 4980
9997 2 2 201 2 649 5015 648
9998 2 2 201 2 4958 5033 3728
9999 2 2 201 2 4405 5116 4402
10000 2 2 201 2 3739 5016 4638
10001 2 2 201 2 4434 5139 5132
10002 2 2 201 2 3622 5017 3624
10003 2 2 201 2 5291 5317 4503
10004 2 2 201 2 4074 5310 4911
10005 2 2 201 2 3352 5018 3354
10006 2 2 201 2 3077 5019 4103
10007 2 2 201 2 3117 5298 4915
10008 2 2 201 2 3138 5020 4208
10009 2 2 201 2 3063 4995 4962
10010 2 2 201 2 4068 5341 4923
10011 2 2 201 2 4786 5139 4434
10012 2 2 201 2 3058 5095 4961
10013 2 2 201 2 3055 5021 262
10014 2 2 201 2 3136 5284 4921
10015 2 2 201 2 4607 5022 4605
10016 2 2 201 2 3734 5045 4808
10017 2 2 201 2 4908 5313 4177
10018 2 2 201 2 3540 5023 3538
10019 2 2 201 2 5018 5027 3354
10020 2 2 201 2 4177 5313 5204
10021 2 2 201 2 4786 5149 5139
10022 2 2 201 2 4251 5024 4262
10023 2 2 201 2 3721 5028 3488
10024 2 2 201 2 3231 5309 3908
10025 2 2 201 2 4270 5025 4267
10026 2 2 201 2 4963 5306 3752
10027 2 2 201 2 4617 5026 3090
10028 2 2 201 2 3354 5027 3356
10029 2 2 201 2 3910 5159 3882
10030 2 2 201 2 4494 5149 4786
10031 2 2 201 2 4950 5194 3980
10032 2 2 201 2 4951 5279 4121
10033 2 2 201 2 4022 5049 4024
10034 2 2 201 2 4985 5115 4323
10035 2 2 201 2 3945 5357 3943
10036 2 2 201 2 4494 5160 5149
10037 2 2 201 2 4697 5276 4568
10038 2 2 201 2 4682 5029 4681
10039 2 2 201 2 651 5030 650
10040 2 2 201 2 520 5031 519
10041 2 2 201 2 718 5253 6
10042 2 2 201 2 4 5254 726
10043 2 2 201 2 481 5255 3
10044 2 2 201 2 5 5257 489
10045 2 2 201 2 4762 5306 4963
10046 2 2 201 2 4495 5160 4494
10047 2 2 201 2 4025 5049 4022
10048 2 2 201 2 3183 5334 4016
10049 2 2 201 2 4655 5033 4606
10050 2 2 201 2 4949 5200 3585
10051 2 2 201 2 3054 5034 259
10052 2 2 201 2 4315 5035 4312
10053 2 2 201 2 263 5174 264
10054 2 2 201 2 3916 5263 5044
10055 2 2 201 2 4576 5093 5016
10056 2 2 201 2 4495 5169 5160
10057 2 2 201 2 690 5036 689
10058 2 2 201 2 3964 5062 3966
10059 2 2 201 2 701 5037 700
10060 2 2 201 2 3922 5214 5057
10061 2 2 201 2 3479 5038 3481
10062 2 2 201 2 3060 5039 4265
10063 2 2 201 2 4655 5043 5033
10064 2 2 201 2 4842 5165 4964
10065 2 2 201 2 4964 5165 3966
10066 2 2 201 2 4987 5182 3742
10067 2 2 201 2 4568 5276 4566
10068 2 2 201 2 3222 5291 4979
10069 2 2 201 2 4496 5169 4495
10070 2 2 201 2 4468 5128 4470
10071 2 2 201 2 3906 5044 3888
10072 2 2 201 2 5093 5102 4638
10073 2 2 201 2 4822 5041 3754
10074 2 2 201 2 3060 5047 5039
10075 2 2 201 2 4810 5042 3772
10076 2 2 201 2 4496 5183 5169
10077 2 2 201 2 5005 5146 3975
10078 2 2 201 2 4657 5043 4655
10079 2 2 201 2 4638 5102 4641
10080 2 2 201 2 3830 5089 3474
10081 2 2 201 2 5014 5355 3744
10082 2 2 201 2 4490 5046 4666
10083 2 2 201 2 4721 5047 3060
10084 2 2 201 2 4951 5352 3822
10085 2 2 201 2 4684 5183 4496
10086 2 2 201 2 5002 5192 4250
10087 2 2 201 2 4859 5062 3964
10088 2 2 201 2 4461 5250 4464
10089 2 2 201 2 4464 5250 3415
10090 2 2 201 2 4794 5338 4951
10091 2 2 201 2 4951 5338 4611
10092 2 2 201 2 4657 5052 5043
10093 2 2 201 2 5102 5108 4641
10094 2 2 201 2 5006 5193 3748
10095 2 2 201 2 3187 5048 4815
10096 2 2 201 2 3143 5049 4025
10097 2 2 201 2 4372 5050 4730
10098 2 2 201 2 4640 5124 4639
10099 2 2 201 2 4721 5055 5047
10100 2 2 201 2 3124 5051 4507
10101 2 2 201 2 4658 5052 4657
10102 2 2 201 2 4641 5108 4640
10103 2 2 201 2 4746 5270 5040
10104 2 2 201 2 3897 5185 3886
10105 2 2 201 2 3902 5312 5311
10106 2 2 201 2 3187 5061 5048
10107 2 2 201 2 4470 5128 4481
10108 2 2 201 2 4663 5053 3892
10109 2 2 201 2 4402 5116 4404
10110 2 2 201 2 3363 5054 3361
10111 2 2 201 2 3218 5055 4721
10112 2 2 201 2 4692 5153 3775
10113 2 2 201 2 4979 5291 4503
10114 2 2 201 2 3483 5056 3485
10115 2 2 201 2 4964 5324 3715
10116 2 2 201 2 4170 5320 4172
10117 2 2 201 2 5021 5175 4113
10118 2 2 201 2 3263 5058 3261
10119 2 2 201 2 3863 5057 3885
10120 2 2 201 2 4160 5351 4161
10121 2 2 201 2 4802 5059 4801
10122 2 2 201 2 5020 5203 4107
10123 2 2 201 2 3200 5060 4738
10124 2 2 201 2 260 5208 261
10125 2 2 201 2 4551 5061 3187
10126 2 2 201 2 3214 5062 4859
10127 2 2 201 2 4611 5349 3148
10128 2 2 201 2 5054 5067 3361
10129 2 2 201 2 4003 5063 4005
10130 2 2 201 2 3218 5066 5055
10131 2 2 201 2 4669 5064 4439
10132 2 2 201 2 4639 5124 3841
10133 2 2 201 2 4257 5082 4254
10134 2 2 201 2 4433 5115 4985
10135 2 2 201 2 3888 5074 3881
10136 2 2 201 2 4429 5328 5251
10137 2 2 201 2 3736 5204 4846
10138 2 2 201 2 5029 5184 3760
10139 2 2 201 2 4785 5321 4163
10140 2 2 201 2 4551 5071 5061
10141 2 2 201 2 4575 5065 4574
10142 2 2 201 2 5273 5356 3097
10143 2 2 201 2 4526 5326 5041
10144 2 2 201 2 4369 5066 3218
10145 2 2 201 2 3361 5067 3359
10146 2 2 201 2 4688 5068 4491
10147 2 2 201 2 3077 5125 5019
10148 2 2 201 2 637 5073 636
10149 2 2 201 2 524 5069 523
10150 2 2 201 2 5124 5135 3841
10151 2 2 201 2 5034 5206 3971
10152 2 2 201 2 4964 5315 4409
10153 2 2 201 2 3841 5135 4754
10154 2 2 201 2 4158 5351 4160
10155 2 2 201 2 3052 5070 252
10156 2 2 201 2 3041 5071 4551
10157 2 2 201 2 4575 5075 5065
10158 2 2 201 2 4369 5076 5066
10159 2 2 201 2 4806 5182 4987
10160 2 2 201 2 3880 5072 3897
10161 2 2 201 2 4993 5060 4733
10162 2 2 201 2 4474 5073 4478
10163 2 2 201 2 3945 5336 498
10164 2 2 201 2 4661 5145 5053
10165 2 2 201 2 5135 5142 4754
10166 2 2 201 2 524 5080 5069
10167 2 2 201 2 4747 5040 4917
10168 2 2 201 2 4577 5075 4575
10169 2 2 201 2 3059 5076 4369
10170 2 2 201 2 4353 5078 4540
10171 2 2 201 2 3487 5079 3489
10172 2 2 201 2 4804 5215 4680
10173 2 2 201 2 4754 5142 3844
10174 2 2 201 2 4980 5063 4003
10175 2 2 201 2 469 5077 470
10176 2 2 201 2 5050 5237 4487
10177 2 2 201 2 5051 5209 4201
10178 2 2 201 2 3902 5311 3905
10179 2 2 201 2 525 5080 524
10180 2 2 201 2 3990 5084 3987
10181 2 2 201 2 5241 5325 3699
10182 2 2 201 2 4015 5334 4833
10183 2 2 201 2 3081 5081 249
10184 2 2 201 2 5059 5234 3985
10185 2 2 201 2 4772 5177 4389
10186 2 2 201 2 4550 5230 3193
10187 2 2 201 2 3179 5158 5072
10188 2 2 201 2 4320 5319 5091
10189 2 2 201 2 5070 5269 3957
10190 2 2 201 2 4172 5320 4908
10191 2 2 201 2 4383 5083 4805
10192 2 2 201 2 5036 5168 3133
10193 2 2 201 2 3039 5239 4550
10194 2 2 201 2 4429 5085 4428
10195 2 2 201 2 3763 5212 5001
10196 2 2 201 2 4194 5227 3054
10197 2 2 201 2 3357 5086 3355
10198 2 2 201 2 4109 5318 4108
10199 2 2 201 2 5085 5286 3790
10200 2 2 201 2 3054 5227 5206
10201 2 2 201 2 405 5087 406
10202 2 2 201 2 4264 5330 4263
10203 2 2 201 2 4550 5239 5230
10204 2 2 201 2 5081 5297 3938
10205 2 2 201 2 4194 5235 5227
10206 2 2 201 2 3098 5088 4764
10207 2 2 201 2 3920 5159 3127
10208 2 2 201 2 4255 5090 4260
10209 2 2 201 2 3084 5276 4697
10210 2 2 201 2 4444 5322 5120
10211 2 2 201 2 4790 5091 3787
10212 2 2 201 2 3922 5361 3921
10213 2 2 201 2 273 5092 274
10214 2 2 201 2 3191 5235 4194
10215 2 2 201 2 4409 5315 4410
10216 2 2 201 2 3153 5164 4943
10217 2 2 201 2 3098 5096 5088
10218 2 2 201 2 4955 5309 3231
10219 2 2 201 2 4741 5093 4740
10220 2 2 201 2 4352 5094 4351
10221 2 2 201 2 3139 5336 5180
10222 2 2 201 2 3988 5095 4148
10223 2 2 201 2 4627 5150 5103
10224 2 2 201 2 5090 5099 4260
10225 2 2 201 2 4743 5096 3098
10226 2 2 201 2 4741 5102 5093
10227 2 2 201 2 5025 5032 3731
10228 2 2 201 2 5095 5105 4148
10229 2 2 201 2 3426 5097 3428
10230 2 2 201 2 4471 5196 4469
10231 2 2 201 2 4260 5099 4812
10232 2 2 201 2 3353 5100 3351
10233 2 2 201 2 5058 5212 3763
10234 2 2 201 2 3623 5101 3621
10235 2 2 201 2 4410 5315 5062
10236 2 2 201 2 3882 5159 3920
10237 2 2 201 2 3901 5312 3902
10238 2 2 201 2 3181 5192 5002
10239 2 2 201 2 4942 5276 3084
10240 2 2 201 2 3091 5102 4741
10241 2 2 201 2 4770 5103 3765
10242 2 2 201 2 5099 5106 4812
10243 2 2 201 2 5100 5107 3351
10244 2 2 201 2 5121 5217 4505
10245 2 2 201 2 4697 5270 3084
10246 2 2 201 2 4662 5104 3209
10247 2 2 201 2 4148 5105 4147
10248 2 2 201 2 5214 5223 3885
10249 2 2 201 2 3738 5320 4934
10250 2 2 201 2 3091 5108 5102
10251 2 2 201 2 4371 5260 4372
10252 2 2 201 2 3056 5146 5005
10253 2 2 201 2 4812 5106 4322
10254 2 2 201 2 3351 5107 3349
10255 2 2 201 2 3883 5098 3924
10256 2 2 201 2 4372 5260 5237
10257 2 2 201 2 5105 5109 4147
10258 2 2 201 2 5022 5028 3721
10259 2 2 201 2 4371 5267 5260
10260 2 2 201 2 4727 5108 3091
10261 2 2 201 2 4609 5193 5006
10262 2 2 201 2 5106 5111 4322
10263 2 2 201 2 253 5275 254
10264 2 2 201 2 4147 5109 4838
10265 2 2 201 2 3205 5303 3927
10266 2 2 201 2 4585 5110 4830
10267 2 2 201 2 4373 5267 4371
10268 2 2 201 2 3821 5290 4839
10269 2 2 201 2 4613 5245 3086
10270 2 2 201 2 4322 5111 4323
10271 2 2 201 2 3694 5213 4643
10272 2 2 201 2 4348 5112 4359
10273 2 2 201 2 3129 5321 4785
10274 2 2 201 2 3497 5113 3499
10275 2 2 201 2 5109 5119 4838
10276 2 2 201 2 5035 5045 3734
10277 2 2 201 2 3884 5118 3899
10278 2 2 201 2 4373 5280 5267
10279 2 2 201 2 4607 5028 5022
10280 2 2 201 2 4585 5121 5110
10281 2 2 201 2 3886 5185 3895
10282 2 2 201 2 467 5114 468
10283 2 2 201 2 4613 5252 5245
10284 2 2 201 2 4767 5115 3833
10285 2 2 201 2 267 5144 3057
10286 2 2 201 2 3585 5200 5023
10287 2 2 201 2 5213 5221 4643
10288 2 2 201 2 4799 5117 4800
10289 2 2 201 2 4838 5119 3977
10290 2 2 201 2 4374 5280 4373
10291 2 2 201 2 3084 5270 4746
10292 2 2 201 2 3419 5120 3703
10293 2 2 201 2 3062 5121 4585
10294 2 2 201 2 4615 5252 4613
10295 2 2 201 2 5223 5236 3896
10296 2 2 201 2 4643 5221 3696
10297 2 2 201 2 4374 5288 5280
10298 2 2 201 2 3347 5122 3345
10299 2 2 201 2 5119 5126 3977
10300 2 2 201 2 4620 5123 4623
10301 2 2 201 2 5115 5132 3833
10302 2 2 201 2 5016 5093 4638
10303 2 2 201 2 5221 5229 3696
10304 2 2 201 2 4270 5032 5025
10305 2 2 201 2 444 5125 3077
10306 2 2 201 2 4751 5288 4374
10307 2 2 201 2 4680 5215 4682
10308 2 2 201 2 264 5174 3056
10309 2 2 201 2 4467 5128 4468
10310 2 2 201 2 5122 5133 3345
10311 2 2 201 2 3977 5126 3976
10312 2 2 201 2 4458 5127 4793
10313 2 2 201 2 3696 5229 4593
10314 2 2 201 2 4389 5130 4390
10315 2 2 201 2 3973 5131 3975
10316 2 2 201 2 3833 5132 4524
10317 2 2 201 2 3230 5118 4957
10318 2 2 201 2 4662 5135 5124
10319 2 2 201 2 5316 5349 4236
10320 2 2 201 2 250 5302 251
10321 2 2 201 2 3345 5133 3343
10322 2 2 201 2 3501 5134 3503
10323 2 2 201 2 717 5253 3231
10324 2 2 201 2 4100 5172 3079
10325 2 2 201 2 4660 5135 4662
10326 2 2 201 2 5229 5240 4593
10327 2 2 201 2 3908 5309 5013
10328 2 2 201 2 4857 5296 3904
10329 2 2 201 2 532 5136 531
10330 2 2 201 2 3230 5254 471
10331 2 2 201 2 244 5255 3229
10332 2 2 201 2 4908 5320 3738
10333 2 2 201 2 4712 5137 4710
10334 2 2 201 2 261 5208 3055
10335 2 2 201 2 5132 5139 4524
10336 2 2 201 2 3921 5257 490
10337 2 2 201 2 3905 5154 3903
10338 2 2 201 2 4593 5240 3700
10339 2 2 201 2 4660 5142 5135
10340 2 2 201 2 3122 5138 611
10341 2 2 201 2 3966 5165 3965
10342 2 2 201 2 4024 5187 4023
10343 2 2 201 2 4101 5197 4100
10344 2 2 201 2 4524 5139 3837
10345 2 2 201 2 4199 5327 4200
10346 2 2 201 2 5240 5248 3700
10347 2 2 201 2 5347 5350 4716
10348 2 2 201 2 4545 5140 4621
10349 2 2 201 2 4328 5141 4344
10350 2 2 201 2 4661 5142 4660
10351 2 2 201 2 5004 5273 4892
10352 2 2 201 2 3193 5230 4804
10353 2 2 201 2 4132 5143 4128
10354 2 2 201 2 5139 5149 3837
10355 2 2 201 2 4873 5154 3905
10356 2 2 201 2 3700 5248 4744
10357 2 2 201 2 3179 5145 4677
10358 2 2 201 2 3974 5146 4114
10359 2 2 201 2 3138 5203 5020
10360 2 2 201 2 3407 5147 3405
10361 2 2 201 2 3055 5175 5021
10362 2 2 201 2 4635 5148 4634
10363 2 2 201 2 5248 5259 4744
10364 2 2 201 2 4597 5305 3192
10365 2 2 201 2 3837 5149 4779
10366 2 2 201 2 4625 5150 4624
10367 2 2 201 2 4318 5205 4319
10368 2 2 201 2 3341 5151 3339
10369 2 2 201 2 3505 5152 3507
10370 2 2 201 2 4967 5196 3737
10371 2 2 201 2 4667 5153 4618
10372 2 2 201 2 534 5155 533
10373 2 2 201 2 254 5275 3053
10374 2 2 201 2 4315 5045 5035
10375 2 2 201 2 4111 5156 4113
10376 2 2 201 2 4744 5259 3702
10377 2 2 201 2 4580 5157 4734
10378 2 2 201 2 5149 5160 4779
10379 2 2 201 2 4100 5197 5172
10380 2 2 201 2 4629 5355 5014
10381 2 2 201 2 3885 5223 3896
10382 2 2 201 2 610 5158 609
10383 2 2 201 2 5152 5163 3507
10384 2 2 201 2 251 5302 3052
10385 2 2 201 2 4431 5332 4430
10386 2 2 201 2 5259 5264 3702
10387 2 2 201 2 5231 5357 3945
10388 2 2 201 2 534 5166 5155
10389 2 2 201 2 4779 5160 3840
10390 2 2 201 2 4431 5343 5332
10391 2 2 201 2 4330 5162 4327
10392 2 2 201 2 3507 5163 3509
10393 2 2 201 2 3702 5264 4736
10394 2 2 201 2 3711 5165 4842
10395 2 2 201 2 535 5166 534
10396 2 2 201 2 3242 5161 3244
10397 2 2 201 2 3887 5167 4756
10398 2 2 201 2 5160 5169 3840
10399 2 2 201 2 4946 5196 4471
10400 2 2 201 2 3946 5357 3144
10401 2 2 201 2 4178 5168 4176
10402 2 2 201 2 4514 5343 4431
10403 2 2 201 2 5264 5277 4736
10404 2 2 201 2 4464 5335 4446
10405 2 2 201 2 3890 5301 3898
10406 2 2 201 2 4839 5290 3890
10407 2 2 201 2 3840 5169 4646
10408 2 2 201 2 5040 5270 4698
10409 2 2 201 2 3159 5223 3919
10410 2 2 201 2 4514 5350 5343
10411 2 2 201 2 4095 5171 4098
10412 2 2 201 2 4736 5277 3705
10413 2 2 201 2 3337 5170 3335
10414 2 2 201 2 5074 5345 3884
10415 2 2 201 2 3891 5314 3900
10416 2 2 201 2 4835 5173 4010
10417 2 2 201 2 5169 5183 4646
10418 2 2 201 2 4892 5273 3097
10419 2 2 201 2 4112 5175 4825
10420 2 2 201 2 4716 5350 4514
10421 2 2 201 2 5277 5287 3705
10422 2 2 201 2 3151 5176 4687
10423 2 2 201 2 4792 5178 4057
10424 2 2 201 2 3942 5180 3945
10425 2 2 201 2 3969 5179 3971
10426 2 2 201 2 3159 5236 5223
10427 2 2 201 2 3396 5181 3848
10428 2 2 201 2 4818 5182 4250
10429 2 2 201 2 4646 5183 3760
10430 2 2 201 2 3392 5184 3394
10431 2 2 201 2 3705 5287 4731
10432 2 2 201 2 3919 5223 5214
10433 2 2 201 2 3151 5189 5176
10434 2 2 201 2 5178 5190 4057
10435 2 2 201 2 4446 5335 4445
10436 2 2 201 2 4334 5186 4331
10437 2 2 201 2 3926 5172 3925
10438 2 2 201 2 3714 5187 4819
10439 2 2 201 2 5287 5300 4731
10440 2 2 201 2 3919 5214 3226
10441 2 2 201 2 537 5188 536
10442 2 2 201 2 4676 5189 3151
10443 2 2 201 2 4191 5210 4192
10444 2 2 201 2 4057 5190 4059
10445 2 2 201 2 4682 5184 5029
10446 2 2 201 2 4615 5344 3797
10447 2 2 201 2 5290 5301 3890
10448 2 2 201 2 4678 5347 5097
10449 2 2 201 2 4731 5300 3699
10450 2 2 201 2 3246 5191 3248
10451 2 2 201 2 537 5198 5188
10452 2 2 201 2 4249 5192 4252
10453 2 2 201 2 4696 5200 4698
10454 2 2 201 2 4834 5193 4107
10455 2 2 201 2 3229 5311 3918
10456 2 2 201 2 5075 5089 3830
10457 2 2 201 2 3896 5236 3933
10458 2 2 201 2 3921 5361 4953
10459 2 2 201 2 3979 5194 3982
10460 2 2 201 2 3333 5195 3331
10461 2 2 201 2 3127 5159 4874
10462 2 2 201 2 3225 5154 4873
10463 2 2 201 2 5172 5197 3925
10464 2 2 201 2 538 5198 537
10465 2 2 201 2 4791 5199 4488
10466 2 2 201 2 4091 5201 4094
10467 2 2 201 2 331 5202 332
10468 2 2 201 2 4614 5344 4615
10469 2 2 201 2 4106 5203 4109
10470 2 2 201 2 4177 5204 4178
10471 2 2 201 2 3925 5197 4855
10472 2 2 201 2 3773 5205 4789
10473 2 2 201 2 3968 5206 3970
10474 2 2 201 2 4338 5207 4335
10475 2 2 201 2 4196 5209 4198
10476 2 2 201 2 4011 5211 4014
10477 2 2 201 2 4164 5212 4162
10478 2 2 201 2 3054 5206 5034
10479 2 2 201 2 3923 5236 3159
10480 2 2 201 2 4581 5213 4583
10481 2 2 201 2 5236 5292 3933
10482 2 2 201 2 4133 5217 4134
10483 2 2 201 2 3250 5216 3252
10484 2 2 201 2 5206 5227 3970
10485 2 2 201 2 3329 5218 3327
10486 2 2 201 2 4581 5221 5213
10487 2 2 201 2 540 5219 539
10488 2 2 201 2 5311 5312 3918
10489 2 2 201 2 4817 5220 3956
10490 2 2 201 2 5071 5082 4257
10491 2 2 201 2 4582 5221 4581
10492 2 2 201 2 4088 5222 4090
10493 2 2 201 2 5220 5228 3956
10494 2 2 201 2 3048 5224 442
10495 2 2 201 2 4582 5229 5221
10496 2 2 201 2 3519 5225 3521
10497 2 2 201 2 4342 5226 4339
10498 2 2 201 2 3970 5227 3984
10499 2 2 201 2 4088 5233 5222
10500 2 2 201 2 3956 5228 3957
10501 2 2 201 2 4748 5229 4582
10502 2 2 201 2 5227 5235 3984
10503 2 2 201 2 3144 5231 499
10504 2 2 201 2 4811 5232 3825
10505 2 2 201 2 3920 5323 3889
10506 2 2 201 2 4085 5233 4088
10507 2 2 201 2 5104 5124 4640
10508 2 2 201 2 5292 5304 3931
10509 2 2 201 2 3933 5292 3931
10510 2 2 201 2 4836 5234 3855
10511 2 2 201 2 4748 5240 5229
10512 2 2 201 2 3923 5292 5236
10513 2 2 201 2 3984 5235 3985
10514 2 2 201 2 4846 5313 3738
10515 2 2 201 2 5232 5242 3825
10516 2 2 201 2 4678 5350 5347
10517 2 2 201 2 4486 5237 3854
10518 2 2 201 2 3178 5238 638
10519 2 2 201 2 4121 5279 4937
10520 2 2 201 2 4488 5239 4487
10521 2 2 201 2 4534 5240 4748
10522 2 2 201 2 4444 5241 4441
10523 2 2 201 2 3825 5242 4769
10524 2 2 201 2 3256 5243 3258
10525 2 2 201 2 4534 5248 5240
10526 2 2 201 2 5230 5239 4488
10527 2 2 201 2 4176 5168 5036
10528 2 2 201 2 4418 5245 4416
10529 2 2 201 2 5237 5260 3854
10530 2 2 201 2 674 5246 673
10531 2 2 201 2 326 5247 327
10532 2 2 201 2 4533 5248 4534
10533 2 2 201 2 3937 5244 3938
10534 2 2 201 2 4082 5249 4084
10535 2 2 201 2 3918 5312 3205
10536 2 2 201 2 5245 5252 4416
10537 2 2 201 2 3415 5250 3413
10538 2 2 201 2 4533 5259 5248
10539 2 2 201 2 3418 5251 3864
10540 2 2 201 2 326 5261 5247
10541 2 2 201 2 4082 5262 5249
10542 2 2 201 2 4416 5252 4765
10543 2 2 201 2 3869 5256 3893
10544 2 2 201 2 544 5258 543
10545 2 2 201 2 4535 5259 4533
10546 2 2 201 2 3854 5260 4776
10547 2 2 201 2 4698 5270 4697
10548 2 2 201 2 3041 5082 5071
10549 2 2 201 2 3931 5304 3932
10550 2 2 201 2 325 5261 326
10551 2 2 201 2 5256 5265 3893
10552 2 2 201 2 3737 5196 4946
10553 2 2 201 2 4535 5264 5259
10554 2 2 201 2 4079 5262 4082
10555 2 2 201 2 5260 5267 4776
10556 2 2 201 2 3927 5296 3081
10557 2 2 201 2 5076 5084 3990
10558 2 2 201 2 4538 5264 4535
10559 2 2 201 2 3893 5265 3960
10560 2 2 201 2 3871 5266 3894
10561 2 2 201 2 4776 5267 3856
10562 2 2 201 2 4454 5268 3115
10563 2 2 201 2 3955 5269 3958
10564 2 2 201 2 5138 5185 3897
10565 2 2 201 2 4943 5164 4158
10566 2 2 201 2 4456 5271 4457
10567 2 2 201 2 4538 5277 5264
10568 2 2 201 2 4937 5279 4610
10569 2 2 201 2 5266 5282 3894
10570 2 2 201 2 4498 5272 4501
10571 2 2 201 2 5267 5280 3856
10572 2 2 201 2 3262 5274 3264
10573 2 2 201 2 3934 5292 3923
10574 2 2 201 2 4729 5277 4538
10575 2 2 201 2 4737 5278 3072
10576 2 2 201 2 5272 5285 4501
10577 2 2 201 2 4164 5321 5210
10578 2 2 201 2 3856 5280 4777
10579 2 2 201 2 677 5281 676
10580 2 2 201 2 3894 5282 4018
10581 2 2 201 2 4076 5283 4078
10582 2 2 201 2 4454 5293 5268
10583 2 2 201 2 3139 5304 3934
10584 2 2 201 2 3059 5084 5076
10585 2 2 201 2 4775 5284 4774
10586 2 2 201 2 4729 5287 5277
10587 2 2 201 2 3934 5304 5292
10588 2 2 201 2 5280 5288 4777
10589 2 2 201 2 4501 5285 4573
10590 2 2 201 2 3414 5286 3416
10591 2 2 201 2 5053 5145 3892
10592 2 2 201 2 4076 5295 5283
10593 2 2 201 2 4512 5287 4729
10594 2 2 201 2 5041 5326 3754
10595 2 2 201 2 4777 5288 3790
10596 2 2 201 2 5285 5294 4573
10597 2 2 201 2 547 5289 546
10598 2 2 201 2 4161 5351 4165
10599 2 2 201 2 4238 5291 4237
10600 2 2 201 2 4453 5293 4454
10601 2 2 201 2 4512 5300 5287
10602 2 2 201 2 4573 5294 4235
10603 2 2 201 2 4073 5295 4076
10604 2 2 201 2 321 5298 322
10605 2 2 201 2 3395 5299 3393
10606 2 2 201 2 3124 5209 5051
10607 2 2 201 2 4443 5300 4512
10608 2 2 201 2 4833 5334 3183
10609 2 2 201 2 3107 5301 4342
10610 2 2 201 2 4238 5317 5291
10611 2 2 201 2 4577 5089 5075
10612 2 2 201 2 4372 5237 5050
10613 2 2 201 2 321 5316 5298
10614 2 2 201 2 3192 5305 4435
10615 2 2 201 2 4485 5306 4484
10616 2 2 201 2 4762 5307 3196
10617 2 2 201 2 3268 5308 3270
10618 2 2 201 2 4070 5310 4072
10619 2 2 201 2 3125 5314 4510
10620 2 2 201 2 320 5316 321
10621 2 2 201 2 4240 5317 4238
10622 2 2 201 2 4508 5318 3182
10623 2 2 201 2 4163 5321 4164
10624 2 2 201 2 4319 5319 4317
10625 2 2 201 2 4070 5331 5310
10626 2 2 201 2 4445 5322 4440
10627 2 2 201 2 3715 5324 4843
10628 2 2 201 2 3423 5325 3421
10629 2 2 201 2 4543 5326 4527
10630 2 2 201 2 4320 5327 3141
10631 2 2 201 2 3936 5297 4857
10632 2 2 201 2 4430 5328 4427
10633 2 2 201 2 5324 5333 4843
10634 2 2 201 2 3961 5329 4841
10635 2 2 201 2 4526 5330 3189
10636 2 2 201 2 4067 5331 4070
10637 2 2 201 2 3943 5357 3946
10638 2 2 201 2 3864 5332 4759
10639 2 2 201 2 4843 5333 3718
10640 2 2 201 2 4016 5334 4015
10641 2 2 201 2 498 5336 497
10642 2 2 201 2 551 5337 550
10643 2 2 201 2 4642 5338 4794
10644 2 2 201 2 5332 5343 4759
10645 2 2 201 2 5333 5346 3718
10646 2 2 201 2 4211 5339 4214
10647 2 2 201 2 4019 5340 4324
10648 2 2 201 2 4063 5341 4066
10649 2 2 201 2 3274 5342 3276
10650 2 2 201 2 4759 5343 3798
10651 2 2 201 2 3718 5346 4844
10652 2 2 201 2 4378 5348 4379
10653 2 2 201 2 5343 5350 3798
10654 2 2 201 2 5346 5353 4844
10655 2 2 201 2 4063 5359 5341
10656 2 2 201 2 5348 5354 4379
10657 2 2 201 2 4236 5349 4234
10658 2 2 201 2 3798 5350 4678
10659 2 2 201 2 3822 5352 4827
10660 2 2 201 2 4844 5353 3724
10661 2 2 201 2 4379 5354 4383
10662 2 2 201 2 4691 5355 4692
10663 2 2 201 2 4787 5356 4614
10664 2 2 201 2 3757 5358 4720
10665 2 2 201 2 4062 5359 4063
10666 2 2 201 2 3297 5360 3295
10667 2 2 201 2 3904 5303 3901
10668 2 2 201 2 3738 5313 4908
10669 2 2 201 2 4342 5301 5290
10670 2 2 201 2 5023 5200 4696
10671 2 2 201 2 4802 5234 5059
10672 2 2 201 2 4953 5257 3921
10673 2 2 201 2 3231 5253 4955
10674 2 2 201 2 4957 5254 3230
10675 2 2 201 2 3229 5255 4956
10676 2 2 201 2 3126 5263 4871
10677 2 2 201 2 4162 5212 5058
10678 2 2 201 2 5062 5315 3966
10679 2 2 201 2 5013 5309 3227
10680 2 2 201 2 4872 5345 3224
10681 2 2 201 2 5072 5158 3897
10682 2 2 201 2 4469 5196 4967
10683 2 2 201 2 5057 5214 3885
10684 2 2 201 2 3052 5269 5070
10685 2 2 201 2 3227 5309 4955
10686 2 2 201 2 4953 5361 3228
10687 2 2 201 2 4389 5177 5130
10688 2 2 201 2 5130 5177 4479
10689 2 2 201 2 489 5257 4953
10690 2 2 201 2 4955 5253 718
10691 2 2 201 2 726 5254 4957
10692 2 2 201 2 4956 5255 481
10693 2 2 201 2 3081 5297 5081
10694 2 2 201 2 4566 5276 4942
10695 2 2 201 2 4662 5124 5104
10696 2 2 201 2 4429 5286 5085
10697 2 2 201 2 4934 5320 4170
10698 2 2 201 2 3057 5144 5131
10699 2 2 201 2 5103 5150 3765
10700 2 2 201 2 5091 5319 3787
10701 2 2 201 2 5226 5290 3821
10702 2 2 201 2 3966 5315 4964
10703 2 2 201 2 5083 5305 4597
10704 2 2 201 2 3056 5174 5156
10705 2 2 201 2 4682 5215 5181
10706 2 2 201 2 5131 5144 3975
10707 2 2 201 2 4616 5273 5004
10708 2 2 201 2 3055 5208 5179
10709 2 2 201 2 4804 5230 5199
10710 2 2 201 2 5044 5263 3126
10711 2 2 201 2 3062 5217 5121
10712 2 2 201 2 3122 5185 5138
10713 2 2 201 2 5156 5174 4113
10714 2 2 201 2 3053 5275 5228
10715 2 2 201 2 5097 5347 4425
10716 2 2 201 2 3052 5302 5244
10717 2 2 201 2 5120 5322 3703
10718 2 2 201 2 3224 5345 5074
10719 2 2 201 2 5179 5208 3971
10720 2 2 201 2 5251 5328 3864
10721 2 2 201 2 5181 5215 3848
10722 2 2 201 2 4614 5356 5344
10723 2 2 201 2 5344 5356 4616
10724 2 2 201 2 3889 5323 5129
10725 2 2 201 2 5296 5303 3904
10726 2 2 201 2 4430 5332 5328
10727 2 2 201 2 5328 5332 3864
10728 2 2 201 2 5199 5230 4488
10729 2 2 201 2 3228 5361 5129
10730 2 2 201 2 3927 5303 5296
10731 2 2 201 2 4444 5325 5241
10732 2 2 201 2 4616 5356 5273
10733 2 2 201 2 4165 5351 5164
10734 2 2 201 2 5180 5336 3945
10735 2 2 201 2 5228 5275 3957
10736 2 2 201 2 4342 5290 5226
10737 2 2 201 2 5129 5361 3922
10738 2 2 201 2 5164 5351 4158
10739 2 2 201 2 5244 5302 3938
10740 2 2 201 2 3144 5357 5231
$EndElements
