length_mm,target_coherence,overlap_phase_deg
0.0,0.5047814689363427,-1.1462743666454665e-11
0.05,0.5047441861106756,-1.2107261395367215
0.1,0.504632395657901,-2.42142721484226
0.15,0.5044462713990755,-3.632078170360173
0.2,0.5041861021995008,-4.842653967816254
0.25,0.503852290721362,-6.053129594852066
0.3,0.5034453516920135,-7.263480073617183
0.35,0.5029659097022263,-8.473680469321923
0.4,0.5024146965525009,-9.683705898740715
0.45,0.5017925481690699,-10.893531538656369
0.5,0.5011004011143888,-12.103132634236038
0.55,0.5003392887199118,-13.312484507328874
0.6,0.499510336871388,-14.521562564676206
0.65,0.4986147594791431,-15.730342306025937
0.7,0.4976538536675672,-16.93879933214067
0.75,0.4966289947193303,-18.146909352691683
0.8,0.4955416308108407,-19.354648194030684
0.85,0.49439327757593854,-20.561991806829504
0.9,0.4931855125349449,-21.768916273580533
0.95,0.49191996942591953,-22.975397815950185
1.0,0.49059833247433987,-24.181412801976755
1.05,0.489222330636433,-25.386937753106224
1.1,0.48779373185009245,-26.59194935105808
1.15,0.4863143373257775,-27.796424444514773
1.2,0.4847859759079391,-29.000340055628268
1.25,0.4832104985355367,-30.20367338633689
1.3,0.4815897728280024,-31.406401824486938
1.35,0.4799256778207108,-32.608502949753166
1.4,0.47822009887159367,-33.80995453935302
1.45,0.4764749227580841,-35.01073457354915
1.5,0.47469203298105656,-36.2108212409358
1.55,0.47287330528999844,-37.41019294350466
1.6,0.4710206034411344,-38.60882830148592
1.65,0.46913577519789323,-39.80670615796079
1.7,0.46722064858076995,-41.00380558324246
1.75,0.4652770283714605,-42.20010587902106
1.8,0.4633066928740496,-43.395586582272735
1.85,0.46131139093410284,-44.59022746892579
1.9,0.45929283921471104,-45.78400855728736
1.95,0.4572527197268677,-46.97691011122316
2.0,0.45519267761010734,-48.168912643093215
2.05,0.4531143191579465,-49.35999691643979
2.1,0.45101921008153045,-50.55014394842768
2.15,0.4489088740038357,-51.73933501203527
2.2,0.44678479117594083,-52.92755163799819
2.25,0.44464839740610695,-54.11477561650131
2.3,0.4425010831918502,-55.300988998624426
2.35,0.44034419304473443,-56.48617409753851
2.4,0.4381790249972477,-57.67031348945322
2.45,0.43600683028093534,-58.85339001431906
2.5,0.43382881316482497,-60.03538677628286
2.55,0.43164613094316057,-61.21628714389934
2.6,0.4294598940615285,-62.39607475009932
2.65,0.4272711663705834,-63.57473349191722
2.7,0.4250809654967872,-64.75224752997929
2.75,0.42289026331985013,-65.92860128775474
2.8,0.42069998654683544,-67.10377945057171
2.85,0.41851101737327123,-68.27776696440131
2.9,0.41632419422198474,-69.45054903441115
2.95,0.4141403125507635,-70.62211112329197
3.0,0.4119601257203987,-71.79243894935959
3.05,0.40978434591509605,-72.96151848443427
3.1,0.4076136451076949,-74.12933595150268
3.15,0.40544865606257263,-75.29587782216248
3.2,0.40328997336960903,-76.46113081385512
3.25,0.4011381545029567,-77.6250818868879
3.3,0.39899372089890345,-78.78771824124954
3.35,0.3968571590474675,-79.94902731322253
3.4,0.39472892159282624,-81.10899677179404
3.45,0.39260942843807367,-82.26761451486979
3.5,0.3904990678502124,-83.4248686652931
3.55,0.38839819756162225,-84.58074756667283
3.6,0.38630714586465464,-85.7352397790225
3.65,0.3842262126963134,-86.88833407421343
3.7,0.38215567071030215,-88.04001943124543
3.75,0.38009576633404946,-89.19028503133727
3.8,0.37804672080857027,-90.33912025283932
3.85,0.3760087312093269,-91.48651466597134
3.9,0.3739819714464798,-92.63245802738744
3.95,0.3719665932431479,-93.77694027457059
4.0,0.36996272709054034,-94.91995152005869
4.05,0.36797048317897596,-96.06148204550426
4.1,0.36598995230403353,-97.20152229556916
4.15,0.3640212067472162,-98.34006287165644
4.2,0.3620643011306704,-99.47709452547963
4.25,0.3601192732456484,-100.61260815247233
4.3,0.35818614485451933,-101.74659478503725
4.35,0.35626492246625463,-102.87904558563608
4.4,0.3543555980854069,-104.00995183972141
4.45,0.35245814993471397,-105.13930494850929
4.5,0.35057254315150377,-106.26709642159386
4.55,0.348698730458199,-107.39331786940268
4.6,0.34683665280723336,-108.51796099549252
4.65,0.3449862400007779,-109.64101758868475
4.7,0.34314741128572557,-110.76247951503854
4.75,0.3413200759243953,-111.88233870966091
4.8,0.3395041337414867,-113.00058716835086
4.85,0.33769947564781966,-114.1172169390763
4.9,0.3359059841414349,-115.23222011327968
4.95,0.33412353378663623,-116.34558881701093
5.0,0.33235199167158014,-117.45731520188257
5.05,0.3305912178450278,-118.56739143584397
5.1,0.3288410657328808,-119.67580969377056
5.15,0.32710138253512655,-120.78256214786192
5.2,0.325372009603813,-121.88764095784565
5.25,0.3236527828027007,-122.99103826097834
5.3,0.3219435328491862,-124.09274616184047
5.35,0.320244085639145,-125.19275672191523
5.4,0.3185542625552824,-126.29106194894706
5.45,0.31687388075961465,-127.38765378606908
5.5,0.3152027534706614,-128.4825241006921
5.55,0.3135406902259441,-129.57566467314675
5.6,0.31188749713035474,-130.66706718506686
5.65,0.31024297709095844,-131.75672320750547
5.7,0.3086069300387841,-132.8446241887706
5.75,0.3069791531381236,-133.9307614419695
5.8,0.3053594409838765,-135.01512613224887
5.85,0.3037475857874371,-136.09770926371553
5.9,0.3021433775516176,-137.1785016660257
5.95,0.30054660423509366,-138.25749398062408
6.0,0.29895705190682464,-139.33467664662
6.05,0.29737450489091594,-140.4100398862794
6.1,0.295798745902345,-141.48357369011603
6.15,0.29422955617398167,-142.5552678015629
6.2,0.29266671557531176,-143.62511170120075
6.25,0.2911100027232599,-144.69309459052297
6.3,0.2895591950854952,-145.75920537521398
6.35,0.28801406907658694,-146.82343264791385
6.4,0.28647440014737174,-147.88576467044547
6.45,0.28493996286788537,-148.94618935547433
6.5,0.2834105310041766,-150.00469424757267
6.55,0.28188587758934236,-151.06126650365556
6.6,0.2803657749890933,-152.11589287275655
6.65,0.2788499949621485,-153.16855967510696
6.7,0.2773383087157581,-154.21925278048235
6.75,0.2758304869566311,-155.26795758577614
6.8,0.27432629993754964,-156.31465899175817
6.85,0.2728255174999347,-157.3593413789748
6.9,0.27132790911261645,-158.401988582743
6.95,0.2698332439070684,-159.4425838671883
7.0,0.26834129070934876,-160.48110989827427
7.05,0.26685181806897573,-161.5175487157668
7.1,0.2653645942849919,-162.5518817040744
7.15,0.26387938742941613,-163.58408956190078
7.2,0.26239596536833454,-164.61415227064228
7.25,0.2609140957808239,-165.64204906146045
7.3,0.259433546175935,-166.66775838095154
7.35,0.2579540839079491,-167.69125785533487
7.4,0.2564754761901032,-168.71252425307298
7.45,0.2549974901070075,-169.7315334458332
7.5,0.2535198926259427,-170.74826036769326
7.55,0.2520424506072596,-171.76267897248823
7.6,0.2505649308140686,-172.77476218918892
7.65,0.24908709992143535,-173.78448187519479
7.7,0.2476087245252806,-174.7918087674158
7.75,0.24612957115120093,-175.79671243101174
7.8,0.24464940626340578,-176.79916120564596
7.85,0.24316799627400196,-177.79912214910217
7.9,0.24168510755282338,-178.79656097810343
7.95,0.24020050643804647,-179.79144200615912
8.0,0.2387139592478058,179.216271921743
8.05,0.23722523229304598,178.2266194977986
8.1,0.23573409189185912,177.23964102361336
8.15,0.23424030438554588,176.25537848621983
8.2,0.2327436361566678,175.27387563812738
8.25,0.231243853649359,174.29517808166517
8.3,0.22974072339217638,173.31933335789543
8.35,0.228234012023786,172.3463910403964
8.4,0.2267234863217932,171.37640283423482
8.45,0.22520891323504116,170.40942268047235
8.5,0.2236900599197205,169.44550686657527
8.55,0.22216669377965417,168.484714143125
8.6,0.22063858251113888,167.52710584725705
8.65,0.21910549415274033,166.5727460332875
8.7,0.21756719714049294,165.62170161102412
8.75,0.21602346036893982,164.67404249229355
8.8,0.21447405325851787,163.72984174626262
8.85,0.21291874582979933,162.7891757641718
8.9,0.21135730878515377,161.85212443415244
8.95,0.20978951359842132,160.91877132685144
9.0,0.20821513261323868,159.98920389264399
9.05,0.20663393915070358,159.0635136712808
9.1,0.2050457076271148,158.14179651488377
9.15,0.20345021368257762,157.22415282528138
9.2,0.2018472343213366,156.3106878067549
9.25,0.20023654806474198,155.40151173535907
9.3,0.19861793511786027,154.49674024607657
9.35,0.19699117755079337,153.59649463917773
9.4,0.1953560594958728,152.7009022072655
9.45,0.1937123673619868,151.81009658462565
9.5,0.19205989006740942,150.92421812063148
9.55,0.19039841929261167,150.04341427911626
9.6,0.18872774975467235,149.16784006578592
9.65,0.1870476795050341,148.29765848593792
9.7,0.1853580102525287,147.43304103494742
9.75,0.1836585477137412,146.57416822421123
9.8,0.1819491019930014,145.7212301454756
9.85,0.1802294879944819,144.87442707675126
9.9,0.17849952586912474,144.03397013330294
9.95,0.17675904149938318,143.20008196753068
10.0,0.17500786702503773,142.37299752191004
10.05,0.17324584141368884,141.55296483954845
10.1,0.171472811079856,140.74024593734137
10.15,0.1696886305570404,139.93511774717877
10.2,0.16789316322751754,139.13787313116933
10.25,0.16608628211514828,138.34882197740887
10.3,0.1642678707470242,137.5682923834387
10.35,0.16243782409038535,136.79663193521597
10.4,0.16059604957193668,136.0342090901552
10.45,0.15874246818745374,135.2814146736064
10.5,0.15687701571043056,134.53866349901537
10.55,0.15499964400948568,133.8063961229689
10.6,0.15311032248532447,133.0850807473587
10.65,0.15120903963927143,132.37521528202487
10.7,0.14929580478674845,131.6773295824395
10.75,0.14737064993060484,130.99198787828257
10.8,0.14543363181092925,130.31979141013414
10.85,0.14348483414990185,129.66138129294995
10.9,0.1415243701124288,129.0174416264956
10.95,0.13955238500572079,128.38870287446358
11.0,0.13756905924374982,127.77594553555257
11.05,0.1355746116055519,127.18000413132458
11.1,0.1335693028198331,126.60177153708639
11.15,0.13155343951214302,126.04220368330981
11.2,0.12952737855521612,125.50232465608534
11.25,0.1274915318678546,124.98323222564196
11.3,0.1254463717130249,124.48610383187858
11.35,0.12339243655172286,124.01220305485704
11.4,0.12133033751556918,123.56288659596807
11.45,0.11926076556812039,123.13961179154629
11.5,0.1171844994324099,122.74394467449144
11.55,0.11510241437028261,122.37756859019845
11.6,0.11301549190745422,122.04229335984178
11.65,0.11092483060679653,121.74006496557261
11.7,0.10883165800072062,121.47297570691305
11.75,0.10673734380130703,121.24327474361917
11.8,0.1046434145132788,121.05337889511706
11.85,0.10255156957913991,120.9058835073054
11.9,0.10046369918638554,120.80357312047119
11.95,0.09838190386193847,120.74943157298652
12.0,0.0963085159663271,120.74665104938103
12.05,0.09424612317645822,120.79863942274686
12.1,0.09219759400690357,120.90902504430464
12.15,0.09016610536005623,121.08165789154307
12.2,0.08815517200860862,121.32060569584476
12.25,0.08616867779130923,121.63014332855211
12.3,0.08421090813526284,122.01473333326653
12.35,0.0822865832942416,122.47899506194248
12.4,0.08040089140124608,123.02765942558169
12.45,0.07855952006449013,123.66550584792382
12.5,0.07676868478192712,124.39727767893498
12.55,0.07503515191035792,125.22757218386295
12.6,0.07336625331342053,126.16070141287298
12.65,0.07176988916039571,127.20052095759641
12.7,0.07025451471486181,128.35022503091614
12.75,0.06882910643551512,129.61210869233395
12.8,0.06750310245001433,130.987301572536
12.85,0.06628631263640002,132.47548219875344
12.9,0.06518879436146632,134.07458783160237
12.95,0.0642206915788552,135.78054108992322
13.0,0.06339203761295836,137.58702061541547
13.05,0.06271252553591516,139.48530722099792
13.1,0.06219125434913933,141.464237702678
13.15,0.061836463698240765,143.5102942007049
13.2,0.0616552738137734,145.60784676382852
13.25,0.06165344987271898,147.7395509569124
13.3,0.06183521018901747,149.88688294514876
13.35,0.06220309508702652,152.0307749663134
13.4,0.06275790808414039,154.15229866093333
13.45,0.06349873384650613,156.23333604673692
13.5,0.06442302952425594,158.2571799265874
13.55,0.06552677893488146,160.20901669983024
13.6,0.06680469384649164,162.07626214401583
13.65,0.06825044400080343,163.84874069872095
13.7,0.06985689756330565,165.5187170802897
13.75,0.0716163559122224,167.08080275305312
13.8,0.07352077028476721,168.53176756871824
13.85,0.07556193193962853,169.87028898111757
13.9,0.07773163146147108,171.0966689013129
13.95,0.08002178616134509,172.21254315174252
14.0,0.08242453700158464,173.22060220040476
14.05,0.0849323180805357,174.1243356279898
14.1,0.08753790256422767,174.927807363179
14.15,0.0902344292205895,175.6354644629863
14.2,0.09301541357713838,176.25197916505354
14.25,0.09587474734344545,176.78212196644301
14.3,0.09880668923863438,177.23066237620867
14.35,0.10180584982890825,177.60229351958048
14.4,0.10486717246614766,177.90157673570639
14.45,0.10798591195710898,178.13290254357005
14.5,0.1111576121973159,178.30046472905465
14.55,0.11437808367684,178.40824474478552
14.6,0.11764338150260367,178.46000405818847
14.65,0.12094978437610264,178.4592824994973
14.7,0.12429377480773841,178.40940103337485
14.75,0.12767202073067857,178.31346769886642
14.8,0.13108135859035178,178.1743857325708
14.85,0.1345187779235098,177.99486311271804
14.9,0.13798140739757705,177.7774229426751
14.95,0.14146650225207807,177.52441423713114
15.0,0.14497143306567079,177.23802278872864
15.05,0.14849367576179087,176.92028188248312
15.1,0.152030802760993,176.5730826947346
15.15,0.15558047518704515,176.1981842665502
15.2,0.15914043603546021,175.79722298182176
15.25,0.16270850421654207,175.37172151051425
15.3,0.1662825693894423,174.92309719983345
15.35,0.16986058750880947,174.45266991228084
15.4,0.17344057701087254,173.96166932107093
15.45,0.1770206155711665,173.45124168130434
15.5,0.18059883737129342,172.9224561005068
15.55,0.18417343081711535,172.37631033532645
15.6,0.18774263665548233,171.813736142873
15.65,0.19130474644102047,171.23560421576803
15.7,0.19485810130859202,170.64272872978987
15.75,0.1984010910108649,170.03587153224726
15.8,0.20193215318390584,169.41574599811554
15.85,0.20544977280698312,168.78302057961383
15.9,0.20895248182571438,168.1383220734241
15.95,0.21243885891047584,167.48223862820345
16.0,0.21590752932453433,166.8153225134816
16.05,0.21935716487869583,166.13809266950202
16.1,0.2227864839514865,165.45103705607923
16.15,0.22619425155590356,164.75461481713285
16.2,0.22957927943565234,164.04925827621514
16.25,0.2329404261755814,163.33537477709777
16.3,0.236276597312684,162.6133483823091
16.35,0.23958674543556804,161.8835414414311
16.4,0.2428698702617669,161.14629603995715
16.45,0.24612501868364497,160.4019353385941
16.5,0.24935128477489227,159.65076481203585
16.55,0.25254780975087104,158.8930733954629
16.6,0.25571378187714217,158.1291345463056
16.65,0.25884843632160687,157.35920722816044
16.7,0.2619510549466539,156.58353682315413
16.75,0.2650209660386375,155.80235597850347
16.8,0.2680575439728634,155.01588539253012
16.85,0.27106020881304643,154.22433454493483
16.9,0.2740284258449233,153.42790237572456
16.95,0.2769617050443839,152.62677791681523
17.0,0.27985960048106195,151.82114087998784
17.05,0.2827217096589051,151.01116220456757
17.1,0.28554767279569115,150.19700456791293
17.15,0.2883371720439181,149.37882286154237
17.2,0.29108993065585764,148.5567646354932
17.25,0.29380571209588274,147.7309705132917
17.3,0.2964843191034653,146.90157457971964
17.35,0.29912559271045086,146.06870474338257
17.4,0.3017294112163982,145.2324830759252
17.45,0.3042956891259292,144.39302612958744
17.5,0.3068243760520786,143.55044523466367
17.55,0.30931545558975737,142.70484677829816
17.6,0.3117689441634005,141.85633246594284
17.65,0.31418488985289933,141.00499956669384
17.7,0.3165633712018653,140.15094114363328
17.75,0.31890449601219617,139.2942462702138
17.8,0.32120840012882945,138.43500023364274
17.85,0.32347524621846124,137.57328472615245
17.9,0.3257052225458592,136.7091780249753
17.95,0.3278985417512632,135.842755161779
18.0,0.3300554396321892,134.9740880822649
18.05,0.33217617393280874,134.1032457965762
18.1,0.3342610231438523,133.23029452111868
18.15,0.3363102853158193,132.35529781235113
18.2,0.3383242768880885,131.47831669306234
18.25,0.3403033315363076,130.599409771615
18.3,0.34224779904025454,129.71863335460236
18.35,0.34415804417415075,128.83604155333228
18.4,0.34603444562124325,127.95168638452331
18.45,0.3478773949142235,127.06561786557123
18.5,0.3496872954029298,126.17788410472123
18.55,0.35146456125052883,125.28853138645374
18.6,0.35320961645925114,124.39760425237634
18.65,0.3549228939265509,123.50514557788868
18.7,0.35660483453239505,122.6111966448754
18.75,0.3582558862582625,121.71579721065955
18.8,0.35987650333825116,120.81898557343655
18.85,0.3614671454425684,119.92079863439552
18.9,0.3630282768935497,119.02127195671608
18.95,0.36456036591423785,118.12043982162324
19.0,0.36606388390940287,117.21833528166636
19.05,0.3675393047788419,116.31499021137928
19.1,0.3689871042626482,115.41043535546868
19.15,0.3704077593180666,114.50470037466894
19.2,0.3718017475275054,113.59781388939125
19.25,0.3731695465371397,112.68980352129056
19.3,0.37451163352555605,111.78069593286071
19.35,0.3758284847017534,110.87051686516723
19.4,0.3771205748318341,109.95929117381667
19.45,0.3783883767936381,109.04704286325611
19.5,0.3796323611585349,108.13379511949283
19.55,0.3808529957995946,107.2195703413163
19.6,0.38205074552528867,106.30439017010016
19.65,0.3832260717378808,105.38827551825975
19.7,0.3843794321156674,104.47124659643184
19.75,0.38551128031814563,103.55332293944538
19.8,0.3866220657133025,102.6345234311412
19.85,0.38771223312608727,101.71486632810122
19.9,0.3887822226072233,100.79436928234085
19.95,0.38983246922148296,99.87304936301574
20.0,0.39086340285454313,98.95092307719366
20.05,0.39187544803760577,98.02800638973497
20.1,0.3928690237888942,97.10431474232638
20.15,0.39384454347123676,96.17986307170976
20.2,0.3948024146649062,95.25466582714236
20.25,0.3957430390549249,94.32873698712925
20.3,0.3966668123320648,93.40209007545776
20.35,0.3975741241067821,92.47473817657087
20.4,0.3984653578353478,91.5466939503082
20.45,0.39934089075747947,90.61796964604486
20.5,0.40020109384475117,89.68857711625681
20.55,0.40104633175914983,88.75852782953751
20.6,0.4018769628210995,87.82783288309194
20.65,0.40269333898635107,86.89650301473188
20.7,0.4034958058311177,85.96454861439418
20.75,0.4042847025449099,85.03197973520473
20.8,0.4050603619304685,84.09880610410616
20.85,0.4058231104103051,83.16503713207149
20.9,0.40657326803931965,82.23068192391895
20.95,0.40731114852299544,81.29574928774794
21.0,0.4080370592407358,80.36024774401093
21.05,0.408751301273852,79.42418553423784
21.1,0.4094541694378174,78.48757062942732
21.15,0.4101459523183548,77.55041073811951
21.2,0.4108269323109662,76.61271331416322
21.25,0.41149738566356137,75.67448556419177
21.3,0.4121575825218058,74.7357344548176
21.35,0.41280778697686976,73.79646671955862
21.4,0.4134482571152523,72.85668886550773
21.45,0.4140792450703936,71.9164071797548
21.5,0.4147009970757676,70.97562773557233
21.55,0.41531375351920485,70.03435639837379
21.6,0.41591774899817957,69.09259883145363
21.65,0.41651321237581634,68.15036050151829
21.7,0.4171003668373956,67.2076466840159
21.75,0.4176794299471227,66.26446246827314
21.8,0.4182506137049837,65.32081276244674
21.85,0.4188141246034629,64.37670229829557
21.9,0.41937016368395535,63.4321356357829
21.95,0.41991892659270097,62.48711716751261
22.0,0.42046060363607024,61.541651123007576
22.05,0.4209953798350489,60.59574157283473
22.1,0.42152343497877365,59.64939243258437
22.15,0.42204494367698725,58.702607466707626
22.2,0.42256007541126694,57.75539029221701
22.25,0.4230689945849303,56.80774438225775
22.3,0.4235718605714597,55.85967306955114
22.35,0.4240688277613786,54.91117954971731
22.4,0.42456004560744504,53.962266884480044
22.45,0.4250456586680748,53.01293800475842
22.5,0.4255258066488936,52.06319571365071
22.55,0.42600062444233866,51.11304268931037
22.6,0.426470242165207,50.16248148772352
22.65,0.4269347851940942,49.21151454538602
22.7,0.4273943741986147,48.26014418188656
22.75,0.42784912517235774,47.30837260239886
22.8,0.42829914946148717,46.35620190008478
22.85,0.42874455379093407,45.40363405841206
22.9,0.4291854402880973,44.450670953389555
22.95,0.42962190650400456,43.497314355722686
23.0,0.43005404543186493,42.543565932891504
23.05,0.4304819455229547,41.58942725115328
23.1,0.43090569069978374,40.63489977747389
23.15,0.4313253603664687,39.67998488138818
23.2,0.4317410294162885,38.72468383679213
23.25,0.4321527682363386,37.768997823669736
23.3,0.4325606427092487,36.812927929755595
23.35,0.4329647142119057,35.856475152136014
23.4,0.4333650396111374,34.89964039878897
23.45,0.433761671256296,33.942424490066614
23.5,0.43415465696870453,32.984828160120536
23.55,0.4345440400279049,32.02685205827252
23.6,0.4349298591546739,31.068496750330592
23.65,0.4353121484907368,30.10976271985478
23.7,0.4356909375751632,29.150650369369398
23.75,0.43606625131735977,28.19116002152954
23.8,0.4364381099666447,27.231291920236583
23.85,0.43680652907834205,26.271046231708073
23.9,0.43717151947634536,25.310423045502468
23.95,0.43753308721212514,24.3494223754975
24.0,0.4378912335201053,23.388044160827654
24.05,0.43824595476938744,22.42628826677731
24.1,0.43859724241177617,21.464154485632797
24.15,0.4389450829260406,20.501642537494398
24.2,0.4392894577583986,19.538752071048055
24.25,0.43963034325916134,18.575482664299187
24.3,0.4399677106155008,17.611833825267492
24.35,0.44030152578031334,16.647804992644637
24.4,0.44063174939712224,15.683395536416246
24.45,0.4409583367209979,14.71860475844656
24.5,0.44128123753544796,13.753431893029488
24.55,0.4416003960652694,12.787876107403388
24.6,0.4419157508852932,11.821936502233292
24.65,0.44222723482504334,10.855612112057855
24.7,0.4425347748692414,9.888901905704813
24.75,0.4428382920541745,8.92180478667285
24.8,0.4431377013598791,7.9543195934817685
24.85,0.44343291159815557,6.986445099990486
24.9,0.4437238252963953,6.018180015683526
24.95,0.4440103385772153,5.049522985926832
25.0,0.44429234103391696,4.080472592192589
25.05,0.44456971560177827,3.111027352253051
25.1,0.4448423384251916,2.141185720344886
25.15,0.445110078720684,1.1709460873022621
25.2,0.44537279863586277,0.20030678066084934
25.25,0.44563035310430704,-0.7707339352679254
25.3,0.4458825896964905,-1.7421778593528605
25.35,0.44612934846679986,-2.714026853628531
25.4,0.44637046179670836,-3.6862828433099497
25.45,0.44660575423422477,-4.658947816837112
25.5,0.44683504232970905,-5.632023825948905
25.55,0.44705813446819836,-6.605512985786594
25.6,0.4472748306983575,-7.5794174750273715
25.65,0.4474849225582336,-8.553739536046866
25.7,0.4476881928979986,-9.528481475112175
25.75,0.447884415699855,-10.503645662604441
25.8,0.44807335589534864,-11.479234533272015
25.85,0.4482547691803231,-12.45525058651404
25.9,0.4484284018277959,-13.431696386693936
25.95,0.44859399049904086,-14.408574563485262
26.0,0.4487512620532105,-15.385887812247455
26.05,0.4488999333558552,-16.36363889443398
26.1,0.4490397110867358,-17.341830638032473
26.15,0.4491702915473269,-18.320465938036822
26.2,0.4492913604685013,-19.2995477569532
26.25,0.44940259281886535,-20.27907912533789
26.3,0.44950365261430286,-21.259063142370724
26.35,0.44959419272928486,-22.2395029764621
26.4,0.4496738547105916,-23.220401865894985
26.45,0.44974226859408295,-24.20176311950382
26.5,0.4497990527252702,-25.183590117388345
26.55,0.449843813584418,-26.165886311666135
26.6,0.44987614561702355,-27.148655227262417
26.65,0.4498956310705315,-28.131900462738617
26.7,0.44990183983820436,-29.11562569116163
26.75,0.4498943293111523,-30.099834661012366
26.8,0.44987264423955814,-31.084531197137906
26.85,0.44983631660418644,-32.0697192017444
26.9,0.44978486549938185,-33.05540265543562
26.95,0.4497177970287442,-34.041585618295805
27.0,0.4496346042148153,-35.02827223101867
27.05,0.4495347669241093,-36.015466716084184
27.1,0.44941775180892946,-37.0031733789852
27.15,0.44928301226746115,-37.991396609502836
27.2,0.44912998842369667,-38.98014088303583
27.25,0.44895810712881984,-39.96941076198198
27.3,0.44876678198573144,-40.95921089717511
27.35,0.4485554133984751,-41.94954602938003
27.4,0.4483233886483651,-42.94042099084531
27.45,0.4480700819986861,-43.93184070691746
27.5,0.44779485482988984,-44.92381019771794
27.55,0.4474970558072541,-45.91633457988525
27.6,0.4471760210830183,-46.90941906838425
27.65,0.44683107453506066,-47.90306897838551
27.7,0.44646152804418576,-48.89728972721696
27.75,0.44606668181214476,-49.89208683638974
27.8,0.4456458247225157,-50.88746593370272
27.85,0.44519823474655856,-51.88343275542648
27.9,0.44472317939618733,-52.8799931485723
27.95,0.44421991622616147,-53.87715307324651
28.0,0.4436876933875766,-54.87491860509628
28.05,0.44312575023467116,-55.873295937848006
28.1,0.44253331798695,-56.87229138594464
28.15,0.4419096204484875,-57.87191138728274
28.2,0.44125387478622957,-58.872162506057165
28.25,0.44056529236896663,-59.8730514357134
28.3,0.4398430796685216,-60.87458500201605
28.35,0.43908643922454926,-61.876770166235886
28.4,0.43829457067414607,-62.8796140284612
28.45,0.4374666718472862,-63.88312383103983
28.5,0.43660193992883733,-64.8873069621546
28.55,0.4356995726877054,-65.89217095954196
28.6,0.4347587697733255,-66.89772351435661
28.65,0.4337787340794481,-67.90397247519114
28.7,0.4327586731748219,-68.91092585225626
28.75,0.4316978008000159,-69.91859182172891
28.8,0.430595338429256,-70.92697873027707
28.85,0.429450516895701,-71.93609509976788
28.9,0.4282625780782274,-72.94594963216952
28.95,0.427030776647239,-73.95655121465346
29.0,0.42575438186664194,-74.96790892490931
29.05,0.4244326794485428,-75.98003203668011
29.1,0.4230649734567921,-76.99293002553044
29.15,0.4216505882549218,-78.00661257485811
29.2,0.4201888704935293,-79.02108958216016
29.25,0.4186791911315865,-80.03637116556803
29.3,0.4171209474856544,-81.05246767066359
29.35,0.4155135653004265,-82.0693896775913
29.4,0.41385650083350467,-83.0871480084802
29.45,0.41214924294678223,-84.1057537351932
29.5,0.4103913151963573,-85.12521818741945
29.55,0.408582277912397,-86.14555296112785
29.6,0.4067217302599442,-87.16676992740182
29.65,0.40480931227129435,-88.1888812416728
29.7,0.40284470684017926,-89.21189935337753
29.75,0.40082764166770274,-90.23583701605843
29.8,0.39875789114978766,-91.26070729793335
29.85,0.3966352781956192,-92.28652359296032
29.9,0.3944596759665436,-93.31329963242224
29.95,0.3922310095248131,-94.34104949706494
30.0,0.38994925738161856,-95.36978762981472
30.05,0.3876144529339716,-96.39952884911203
30.1,0.38522668578024394,-97.43028836289493
30.15,0.38278610290443305,-98.4620817832692
30.2,0.3802929097196502,-99.49492514190729
30.25,0.3777473709618359,-100.52883490621569
30.3,0.37514981142521087,-101.56382799631929
30.35,0.3725006165317237,-102.59992180290995
30.4,0.3698002327274561,-103.63713420601063
30.45,0.36704916769981294,-104.67548359471338
30.5,0.36424799041019884,-105.71498888794702
30.55,0.3613973309379285,-106.75566955634321
30.6,0.3584978801320934,-107.79754564526368
30.65,0.3555503890692665,-108.84063779906697
30.7,0.3525556683160203,-109.884967286691
30.75,0.3495145869964719,-110.93055602863505
30.8,0.3464280716661986,-111.97742662543523
30.85,0.34329710499515337,-113.02560238772624
30.9,0.34012272426335877,-114.07510736799915
30.95,0.336906019674395,-115.1259663941641
31.0,0.3336481324928527,-116.17820510504288
31.05,0.3303502530130803,-117.23184998791834
31.1,0.3270136183675744,-118.28692841828634
31.15,0.3236395101844874,-119.34346870195908
31.2,0.3202292521045737,-120.40150011968638
31.25,0.31678420716884453,-121.4610529744721
31.3,0.31330577508892193,-122.52215864177731
31.35,0.30979538941280443,-123.58484962282132
31.4,0.30625451459930875,-124.6491596012005
31.45,0.30268464301492115,-125.71512350307711
31.5,0.29908729186715943,-126.78277756119451
31.55,0.2954640000887521,-127.85215938301442
31.6,0.2918163251871034,-128.92330802328416
31.65,0.2881458400734813,-129.99626406137634
31.7,0.2844541298862758,-131.07106968377056
31.75,0.28074278882246956,-132.14776877208055
31.8,0.27701341699110704,-133.2264069970678
31.85,0.2732676173021623,-134.3070319191206
31.9,0.2695069924036792,-135.38969309572428
31.95,0.26573314167945145,-136.47444219649617
32.0,0.2619476583188702,-137.56133312641262
32.05,0.25815212646979324,-138.65042215791792
32.1,0.254348118484511,-139.7417680726692
32.15,0.25053719226807886,-140.83543231374523
32.2,0.24672088873732942,-141.93147914923395
32.25,0.242900729398088,-143.0299758481961
32.3,0.2390782140470864,-144.13099287011576
32.35,0.235254818604226,-145.23460406905144
32.4,0.23143199307990692,-146.34088691383434
32.45,0.22761115968117732,-147.4499227258057
32.5,0.223793711059673,-148.56179693573117
32.55,0.21998100870333806,-149.67659936172743
32.6,0.21617438147320947,-150.79442451021927
32.65,0.21237512428567643,-151.91537190217866
32.7,0.20858449693993095,-153.0395464271576
32.75,0.20480372308965336,-154.1670587278939
32.8,0.20103398935729136,-155.29802561861766
32.85,0.1972764445888167,-156.4325705405295
32.9,0.19353219924622067,-157.57082405834925
32.95,0.1898023249346649,-158.71292440230928
33.0,0.1860878540607805,-159.85901806048517
33.05,0.18238977961828762,-161.00926042698615
33.1,0.17870905509690974,-162.16381651221835
33.15,0.17504659451034338,-163.32286172222425
33.2,0.1714032725389429,-164.4865827150327
33.25,0.16777992478279297,-165.65517834298439
33.3,0.1641773481208131,-166.82886069122398
33.35,0.16059630117169157,-168.0078562239291
33.4,0.15703750485263207,-169.19240705146112
33.45,0.15350164303211764,-170.38277233349172
33.5,0.14998936327330478,-171.57922983530852
33.55,0.14650127766500118,-172.78207765703425
33.6,0.1430379637377725,-173.9916361584204
33.65,0.13959996546331344,-175.2082501053051
33.7,0.1361877943359109,-176.43229106785537
33.75,0.13280193053573458,-177.66416010542338
33.8,0.12944282417464958,-178.9042907784283
33.85,0.12611089662639927,179.8468474657599
33.9,0.12280654194438784,178.58874547816458
33.95,0.11953012837182597,177.3208501007389
34.0,0.11628199995091303,176.04255929103806
34.05,0.11306247823986088,174.75321659076658
34.1,0.10987186414920301,173.45210483413297
34.15,0.10671043991188521,172.13843897290474
34.2,0.10357847120533456,170.81135787208459
34.25,0.10047620944816969,169.4699149023128
34.3,0.09740389429957834,168.11306712127248
34.35,0.09436175639595716,166.73966279513755
34.4,0.0913500203674632,165.348426960627
34.45,0.08836890818698506,163.93794466620005
34.5,0.08541864291637227,162.50664145448982
34.55,0.0824994529299824,161.05276055345863
34.6,0.07961157671479296,159.5743361262729
34.65,0.07675526837045572,158.06916178349567
34.7,0.07393080396323257,156.53475337808987
34.75,0.071138488926717,154.96830487406544
34.8,0.06837866675217831,153.36663579062983
34.85,0.06565172927568881,151.72612835927654
34.9,0.06295812895255698,150.04265207083273
34.95,0.06029839361818051,148.31147270729153
35.0,0.05767314437666058,146.52714221748124
35.05,0.055083117445711864,144.68336486804907
35.1,0.05252919103386374,142.77283393813184
35.15,0.050012418654358445,140.78703178203827
35.2,0.04753407071710368,138.71598432160116
35.25,0.04509568682201086,136.5479589404869
35.3,0.042699141951053475,134.26909240270248
35.35,0.04034673078026139,131.86293303712415
35.4,0.03804127567184621,129.30987958808882
35.45,0.03578626562003466,126.58649906915838
35.5,0.03358603552974843,123.66471020178074
35.55,0.03144599759784209,120.51083250220904
35.6,0.029372938827799917,117.08453303979574
35.65,0.027375399744994488,113.33776989681076
35.7,0.025464146693811116,109.21396128053057
35.75,0.023652738536745713,104.64784399879751
35.8,0.021958158512029154,99.56687384893313
35.85,0.020401417855699686,93.89558069512432
35.9,0.019007920655776247,87.56488926174507
35.95,0.01780720381378294,80.52852102774875
36.0,0.016831486211945933,72.78699620879698
36.05,0.01611246260481111,64.41490975472989
36.1,0.015676274875383076,55.57938928931168
36.15,0.015537733787477014,46.53287284354603
36.2,0.015696057218117534,37.57163580582472
36.25,0.016134338263143908,28.973442869983128
36.3,0.016823119026045052,20.94426585316565
36.35,0.017726243768938083,13.596579485563998
36.4,0.018806487528070973,6.95896073979664
36.45,0.02002942267562136,1.0015747635106154
36.5,0.02136530851904393,-4.337501593648965
36.55,0.02278953000149896,-9.13254400757467
36.6,0.024282231675332555,-13.458096122856773
36.65,0.025827624289063985,-17.382792586681248
36.7,0.02741323632610905,-20.966921830556384
36.75,0.029029235639257484,-24.26205010221574
36.8,0.030667862689283305,-27.311636633355914
36.85,0.03232297679720525,-30.152033561371667
36.9,0.03398970104337252,-32.81355831324639
36.95,0.035664147511715906,-35.321494402921324
37.0,0.0373432056575409,-37.696965941570944
37.05,0.039024379334838204,-39.95767532216551
37.1,0.040705660985332744,-42.11851334569088
37.15,0.0423854341102858,-44.19205840078057
37.2,0.04406239727200232,-46.18898264758361
37.25,0.04573550452625091,-48.11838185771036
37.3,0.04740391844508027,-49.9880433106297
37.35,0.049066972835384325,-51.804663741655865
37.4,0.05072414296562496,-53.57402712255777
37.45,0.05237502164094761,-55.301150153468164
37.5,0.05401929986135895,-56.990401769923096
37.55,0.05565675109320903,-58.64560169268331
37.6,0.05728721840659529,-60.27010202664281
37.65,0.058910603899362014,-61.86685510349923
37.7,0.06052685995604803,-63.43847012014744
37.75,0.06213598198761261,-64.98726061646057
37.8,0.0637380023726691,-66.51528443401153
37.85,0.0653329853787317,-68.0243774786895
37.9,0.06692102288690553,-69.51618235723325
37.95,0.06850223077846262,-70.99217275632004
38.0,0.07007674586926098,-72.45367427201447
38.05,0.07164472329967793,-73.90188226855227
38.1,0.07320633430491012,-75.3378772417965
38.15,0.07476176430424143,-76.76263807912272
38.2,0.07631121125884406,-78.17705353977674
38.25,0.07785488425651885,-79.58193222470497
38.3,0.07939300228894865,-80.97801125998848
38.35,0.0809257931927993,-82.3659638812275
38.4,0.08245349273077522,-83.74640607605615
38.45,0.08397634379258005,-85.11990241705223
38.5,0.08549459569891775,-86.48697119671509
38.55,0.08700850359431718,-87.84808895910503
38.6,0.08851832791670973,-89.2036945084763
38.65,0.0900243339335133,-90.55419246336848
38.7,0.09152679133548136,-91.89995641464184
38.75,0.09302597388083532,-93.24133173756832
38.8,0.09452215908325629,-94.57863810103504
38.85,0.0960156279382038,-95.91217171093686
38.9,0.09750666468278696,-97.24220731978464
38.95,0.09899555658504595,-98.56900003024815
39.0,0.10048259375904042,-99.89278691668443
39.05,0.10196806900261905,-101.2137884855769
39.1,0.10345227765510924,-102.53220999311384
39.15,0.10493551747253661,-103.84824263584643
39.2,0.10641808851824404,-105.16206462836728
39.25,0.10790029306704253,-106.47384218024614
39.3,0.10938243552124409,-107.78373038298501
39.35,0.11086482233709435,-109.09187401645818
39.4,0.11234776196029356,-110.39840828320135
39.45,0.1138315647694397,-111.70345947794615
39.5,0.11531654302632288,-113.007145598934
39.55,0.11680301083212953,-114.30957690683333
39.6,0.11829128408868493,-115.61085643641003
39.65,0.11978168046395249,-116.9110804655517
39.7,0.12127451936107383,-118.2103389457478
39.75,0.12277012189027812,-119.50871589767749
39.8,0.12426881084306783,-120.80628977518857
39.85,0.12577091066810214,-122.10313380059348
39.9,0.12727674744825304,-123.39931627391518
39.95,0.1287866488783446,-124.69490085845437
40.0,0.1303009442430997,-125.9899468447919
40.05,0.1318199643948585,-127.28450939515803
40.1,0.13334404173063408,-128.5786397698859
40.15,0.13487351016810417,-129.87238553751408
40.2,0.13640870512015169,-131.16579076995575
40.25,0.13794996346754895,-132.4588962240054
40.3,0.13949762352944278,-133.75173951035018
40.35,0.1410520250312385,-135.04435525113195
40.4,0.1426135090695465,-136.3367752270188
40.45,0.14418241807381582,-137.6290285146605
40.5,0.14575909576429422,-138.9211416153098
40.55,0.14734388710596424,-140.21313857534253
40.6,0.14893713825807858,-141.50504109932572
40.65,0.15053919651893485,-142.7968686562409
40.7,0.1521504102655265,-144.08863857941236
40.75,0.15377112888767103,-145.38036616063684
40.8,0.15540170271625733,-146.6720647389837
40.85,0.1570424829452021,-147.9637457846806
40.9,0.15869382154672132,-149.25541897847162
40.95,0.16035607117950865,-150.5470922868078
41.0,0.16202958508939216,-151.8387720331871
41.05,0.16371471700204684,-153.13046296594862
41.1,0.16541182100731583,-154.42216832279433
41.15,0.16712125143466758,-155.71388989228527
41.2,0.1688433627193507,-157.00562807255352
41.25,0.17057850925872964,-158.2973819274317
41.3,0.17232704525832201,-159.5891492402054
41.35,0.17408932456701678,-160.88092656516244
41.4,0.17586570050094347,-162.1727092771054
41.45,0.17765652565545537,-163.46449161898414
41.5,0.17946215170465007,-164.7562667477798
41.55,0.1812829291878768,-166.0480267787767
41.6,0.18311920728261155,-167.33976282833558
41.65,0.18497133356310558,-168.63146505527538
41.7,0.18683965374419065,-169.923122700969
41.75,0.18872451140958327,-171.21472412823437
41.8,0.1906262477240521,-172.50625685911254
41.85,0.19254520112876825,-173.79770761160532
41.9,0.19448170701916412,-175.0890623354371
41.95,0.196436097404609,-176.38030624691635
42.0,0.19840870054918086,-177.67142386293804
42.05,0.20039984059283905,-178.9623990341929
42.1,0.2024098371522702,179.74678502237637
42.15,0.20443900490066,178.4561456918301
42.2,0.2064876531256828,177.16570093015335
42.25,0.20855608526495695,175.87546923381854
42.3,0.21064459841823957,174.58546960995147
42.35,0.21275348283562734,173.2957215470754
42.4,0.21488302138103496,172.00624498641398
42.45,0.21703348897027072,170.7170602937219
42.5,0.21920515198296928,169.4281882316361
42.55,0.22139826764775325,168.13964993252324
42.6,0.22361308339995828,166.85146687181341
42.65,0.22584983621130794,165.5636608418102
42.7,0.22810875189097268,164.2762539259621
42.75,0.2303900443574806,162.98926847359445
42.8,0.2326939148810198,161.70272707509008
42.85,0.23502055129569702,160.4166525375172
42.9,0.2373701271814375,159.13106786070114
42.95,0.23974280101526127,157.84599621373587
43.0,0.24213871529175926,156.56146091193656
43.05,0.24455799561271202,155.27748539423138
43.1,0.24700074974590824,153.99409320099483
43.15,0.2494670666533197,152.71130795232375
43.2,0.2519570154889717,151.429153326757
43.25,0.25447064456695495,150.14765304044354
43.3,0.2570079803002414,148.86683082676004
43.35,0.25956902611110927,147.58671041638326
43.4,0.2621537613142033,146.3073155178199
43.45,0.2647621399734714,145.02866979839882
43.5,0.2673940897344484,143.75079686572815
43.55,0.27004951063360094,142.47372024962448
43.6,0.2727282738867379,141.19746338451296
43.65,0.2754302206587385,139.9220495923101
43.7,0.2781551608172022,138.64750206578677
43.75,0.2809028716728999,137.3738438524163
43.8,0.28367309671027513,136.10109783871494
43.85,0.2864655443115862,134.82928673507305
43.9,0.28927988647864594,133.55843306108525
43.95,0.2921157575565212,132.2885591313768
44.0,0.29497275296393394,131.01968704193249
44.05,0.2978504279355257,129.75183865692838
44.1,0.30074829628155725,128.48503559606857
44.15,0.3036658291710712,127.21929922242695
44.2,0.30660245394494146,125.9546506307959
44.25,0.3095575529656925,124.69111063654053
44.3,0.3125304625113903,123.42869976495923
44.35,0.3155204717213371,122.16743824115
44.4,0.3185268216017142,120.9073459803799
44.45,0.3215487040997088,119.64844257895508
44.5,0.32458526125503995,118.39074730559308
44.55,0.3276355844381517,117.1342790932881
44.6,0.33069871368463777,115.87905653167216
44.65,0.3337736371357441,114.62509785986397
44.7,0.3368592905950333,113.37242095980187
44.75,0.33995455721141293,112.12104335005822
44.8,0.34305826729890226,110.8709821801259
44.85,0.3461691983034819,109.62225422517487
44.9,0.34928607492735747,108.374875881271
44.95,0.35240756942082624,107.1288631610487
45.0,0.3555323020517064,105.88423168983353
45.05,0.35865884176194796,104.64099670220361
45.1,0.36178570702061746,103.39917303898683
45.15,0.3649113668818816,102.15877514467917
45.2,0.36803424225596115,100.91981706528107
45.25,0.371152707400171,99.68231244654076
45.3,0.37426509163632976,98.44627453259315
45.35,0.37736968129964615,97.21171616499068
45.4,0.3804647219231145,95.9786497821094
45.45,0.3835484206600605,94.74708741892559
45.5,0.38661894894609344,93.51704070714976
45.55,0.38967444540011426,92.28852087570873
45.6,0.3927130189624239,91.06153875156689
45.65,0.3957327522661654,89.83610476087239
45.7,0.3987317052365128,88.61222893041955
45.75,0.4017079189100605,87.38992088941981
45.8,0.40465941946495726,86.16918987156234
45.85,0.40758422245023374,84.95004471736213
45.9,0.4104803372008114,83.73249387677879
45.95,0.4133457714226394,82.51654541209683
46.0,0.41617853593041937,81.30220700105838
46.05,0.4189766495184744,80.08948594023234
46.1,0.4217381439434696,78.87838914861568
46.15,0.42446106899598623,77.66892317145097
46.2,0.4271434976363541,76.46109418425051
46.25,0.4297835311687776,75.25490799701967
46.3,0.43237930442653777,74.05037005866279
46.35,0.434928990940066,72.84748546156767
46.4,0.4374308080589604,71.64625894635414
46.45,0.43988302199848545,70.4466949067775
46.5,0.4422839527808879,69.24879739477981
46.55,0.4446319790419376,68.05257012567223
46.6,0.4469255426734482,66.85801648344892
46.65,0.44916315327322237,65.66513952621362
46.7,0.4513433923747945,64.47394199171437
46.75,0.4534649174306268,63.28442630297949
46.8,0.45552646552395787,62.096594574038846
46.85,0.4575268567862829,60.91044861573062
46.9,0.4594649974995391,59.72598994157882
46.95,0.46133988286434785,58.543219773735274
47.0,0.46315059941812603,57.362139048981945
47.05,0.4648963270895862,56.18274842477802
47.1,0.46657634087889854,55.005048285353666
47.15,0.4681900121556903,53.82903874783651
47.2,0.46973680957002656,52.654719668405995
47.25,0.4712162995745105,51.48209064847275
47.3,0.47262814655856333,50.311151040868744
47.35,0.4739721125989653,49.14189995604986
47.4,0.4752480568334528,47.97433626830261
47.45,0.4764559344670307,46.80845862194452
47.5,0.4775957954231072,45.64426543752271
47.55,0.4786677826540453,44.48175491799483
47.6,0.479672130127858,43.320925054895085
47.65,0.48060916050980435,42.161773634479495
47.7,0.4814792825593005,41.0042982438405
47.75,0.4822829882641115,39.848496276995654
47.8,0.48302084973495457,38.6943649409375
47.85,0.4836935158846199,37.541901261648675
47.9,0.48430170891639124,36.39110209007376
47.95,0.4848462206469677,35.241964108044996
48.0,0.4853279086892851,34.09448383416205
48.05,0.4857476925205141,32.94865762961922
48.1,0.4861065494602541,31.804481703978848
48.15,0.4864055105833998,30.66195212089131
48.2,0.4866456565914415,29.521064803751955
48.25,0.48682811366509715,28.3818155413026
48.3,0.48695404932009967,27.244199993166248
48.35,0.4870246682868005,26.10821369532084
48.4,0.48704120843297466,24.97385206550628
48.45,0.48700493674780726,23.84111040856323
48.5,0.4869171454036169,22.70998392170574
48.55,0.4867791479103806,21.580467699722647
48.6,0.4865922753765745,20.452556740108875
48.65,0.48635787288836085,19.32624594812807
48.7,0.48607729601758365,18.201530141798163
48.75,0.48575190746755725,17.07840405681142
48.8,0.48538307386417845,15.956862351374914
48.85,0.4849721626984439,14.836899610982995
48.9,0.48452053942513607,13.718510353115642
48.95,0.484029564721121,12.601689031860623
49.0,0.4835005919055177,11.486430042466699
49.05,0.482934964522834,10.37272772582101
49.1,0.4823340140891291,9.260576372854842
49.15,0.4816990580003085,8.149970228878027
49.2,0.48103139760076397,7.040903497838403
49.25,0.4803323164097882,5.933370346514072
49.3,0.4796030785024938,4.8273649086319415
49.35,0.4788449270413548,3.722881288916658
49.4,0.47805908295394717,2.61991356707303
49.45,0.47724674375201265,1.5184558016954757
49.5,0.47640908248658964,0.4185020341146304
49.55,0.4755472468336483,-0.679953707825178
49.6,0.47466235830443354,-1.776917406053765
49.65,0.47375551157451007,-2.8723950486248384
49.7,0.4728277739254352,-3.9663926261328366
49.75,0.4718801847928572,-5.058916128187553
49.8,0.4709137554148421,-6.149971539951879
49.85,0.46992946857427625,-7.239564838739323
49.9,0.4689282784291919,-8.327701990666318
49.95,0.4679111104250083,-9.414388947365332
50.0,0.4668788612827739,-10.499631642749872
50.05,0.4658323990576548,-11.583435989834545
50.1,0.4647725632620629,-12.6658078776079
50.15,0.46370016504802836,-13.746753167953306
50.2,0.4626159874436035,-14.826277692622897
50.25,0.46152078563829596,-15.904387250254954
50.3,0.46041528731275394,-16.98108760343947
50.35,0.4593001930081414,-18.05638447582802
50.4,0.4581761765309043,-19.130283549283362
50.45,0.45704388538878804,-20.20279046107418
50.5,0.455903941254284,-21.273910801104186
50.55,0.45475694045184345,-22.343650109181798
50.6,0.4536034544654515,-23.412013872324334
50.65,0.45244403046337567,-24.47900752209418
50.7,0.45127919183710663,-25.544636431969725
50.75,0.4501094387517373,-26.608905914743612
50.8,0.4489352487051976,-27.67182121995041
50.85,0.4477570770939949,-28.733387531320467
50.9,0.4465753577832723,-29.793609964257076
50.95,0.44539050367918215,-30.85249356333695
51.0,0.4442029073017413,-31.910043299830257
51.05,0.4430129413565134,-32.96626406923996
51.1,0.4418209593035826,-34.02116068885693
51.15,0.440627295922478,-35.07473789532856
51.2,0.439432267871783,-36.12700034224118
51.25,0.43823617424236355,-37.1779525977123
51.3,0.43703929710320927,-38.227599141989856
51.35,0.4358419020390185,-39.27594436505902
51.4,0.43464423867879043,-40.32299256425186
51.45,0.4334465412147258,-41.368747941858494
51.5,0.4322490289108913,-42.41321460273865
51.55,0.4310519066011361,-43.45639655192973
51.6,0.4298553651758668,-44.4982976922504
51.65,0.42865958205733556,-45.538921821895634
51.7,0.4274647216631652,-46.578272632023626
51.75,0.42627093585790055,-47.61635370432989
51.8,0.4250783643924323,-48.65316850860648
51.85,0.42388713533118194,-49.68872040028608
51.9,0.4226973654669922,-50.72301261796404
51.95,0.4215091607236913,-51.75604828090107
52.0,0.4203226165463626,-52.787830386499735
52.05,0.41913781827936436,-53.818361807754556
52.1,0.41795484153218015,-54.84764529067303
52.15,0.41677375253320537,-55.875683451661814
52.2,0.41559460847160967,-56.902478774880144
52.25,0.41441745782742273,-57.92803360955424
52.3,0.4132423406900079,-58.952350167249435
52.35,0.4120692890651264,-59.97543051910051
52.4,0.4108983271707754,-60.997276592992144
52.45,0.4097294717220253,-62.017890170691885
52.5,0.40856273220506883,-63.037272884927624
52.55,0.40739811114071856,-64.05542621640923
52.6,0.4062356043375848,-65.07235149078974
52.65,0.4050752011351812,-66.08804987556326
52.7,0.4039168846372032,-67.10252237689512
52.75,0.4027606319352107,-68.11576983638146
52.8,0.4016064143230019,-69.12779292773484
52.85,0.4004541975018942,-70.1385921533901
52.9,0.39930394177717704,-71.14816784102784
52.95,0.39815560224599894,-72.15652014001255
53.0,0.39700912897690943,-73.16364901773802
53.05,0.3958644671813361,-74.16955425587902
53.1,0.39472155737721243,-75.17423544654112
53.15,0.39358033554502586,-76.17769198830763
53.2,0.3924407332764936,-77.17992308217676
53.25,0.39130267791612927,-78.18092772738257
53.3,0.3901660926959184,-79.18070471709869
53.35,0.3890308968633312,-80.1792526340147
53.4,0.387897005802891,-81.1765698457829
53.45,0.3867643311515317,-82.17265450032812
53.5,0.3856327809079417,-83.16750452101493
53.55,0.3845022595361139,-84.16111760166629
53.6,0.3833726680633006,-85.15349120142616
53.65,0.3822439041725859,-86.14462253946004
53.7,0.3811158622902507,-87.13450858948772
53.75,0.37998843366814583,-88.12314607413681
53.8,0.3788615064612401,-89.11053145911565
53.85,0.3777349658005384,-90.09666094719127
53.9,0.37660869386154466,-91.08153047196873
53.95,0.37548256992844375,-92.06513569146195
54.0,0.37435647045416975,-93.04747198144464
54.05,0.3732302691165322,-94.0285344285781
54.1,0.372103836870566,-95.00831782329806
54.15,0.3709770419972466,-95.98681665245729
54.2,0.3698497501487519,-96.96402509171078
54.25,0.36872182439040385,-97.93993699763024
54.3,0.36759312523944315,-98.91454589954182
54.35,0.3664635107007967,-99.88784499106893
54.4,0.3653328362999626,-100.85982712137155
54.45,0.3642009551131636,-101.83048478606914
54.5,0.3630677177949188,-102.7998101178282
54.55,0.36193297260315643,-103.76779487660839
54.6,0.3607965654220034,-104.73443043954434
54.65,0.35965833978240125,-105.69970779045147
54.7,0.3585181368806694,-106.66361750894002
54.75,0.3573757955951513,-107.62614975911485
54.8,0.35623115250107446,-108.58729427785111
54.85,0.35508404188375936,-109.54704036261774
54.9,0.35393429575030655,-110.50537685883565
54.95,0.35278174383989147,-111.46229214674719
55.0,0.35162621363279767,-112.41777412777299
55.05,0.35046753035833034,-113.37181021033854
55.1,0.3493055170017287,-114.32438729513916
55.15,0.34813999431022774,-115.27549175982466
55.2,0.3469707807983871,-116.22510944307297
55.25,0.3457976927528532,-117.17322562802484
55.3,0.3446205442366557,-118.11982502505417
55.35,0.343439147093225,-119.0648917538367
55.4,0.34225331095024064,-120.00840932468904
55.45,0.3410628432234812,-120.95036061914413
55.5,0.33986754912082306,-121.89072786972224
55.55,0.33866723164653684,-122.82949263886597
55.6,0.3374616916060603,-123.76663579699422
55.65,0.3362507276113958,-124.70213749963462
55.7,0.3350341360873101,-125.63597716359253
55.75,0.33381171127852616,-126.56813344210447
55.8,0.3325832452580654,-127.4985841989327
55.85,0.33134852793694713,-128.42730648134483
55.9,0.33010734707544453,-129.35427649192349
55.95,0.3288594882960841,-130.27946955915382
56.0,0.32760473509861615,-131.2028601067178
56.05,0.3263428688771682,-132.1244216214417
56.1,0.32507366893981504,-133.0441266198208
56.15,0.3237969125308056,-133.96194661305086
56.2,0.3225123748556812,-134.8778520704956
56.25,0.32121982910956937,-135.79181238150082
56.3,0.3199190465088982,-136.70379581547851
56.35,0.3186097963268334,-137.61376948016567
56.4,0.31729184593271953,-138.52169927796444
56.45,0.31596496083584197,-139.42754986026364
56.5,0.3146289047338315,-140.3312845796328
56.55,0.3132834395660325,-141.23286543977957
56.6,0.31192832557221534,-142.13225304314545
56.65,0.3105633213569724,-143.0294065360173
56.7,0.3091881839601969,-143.92428355102012
56.75,0.30780266893404484,-144.8168401468447
56.8,0.3064065304267944,-145.7070307450642
56.85,0.30499952127405416,-146.59480806387532
56.9,0.3035813930977691,-147.48012304859424
56.95,0.3021518964135069,-148.3629247987306
57.0,0.3007107807465371,-149.24316049144144
57.05,0.2992577947572188,-150.1207753011661
57.1,0.29779268637624806,-150.995712315224
57.15,0.29631520295035935,-151.86791244514427
57.2,0.29482509139904484,-152.7373143334844
57.25,0.29332209838297185,-153.60385425587629
57.3,0.2918059704847131,-154.46746601802352
57.35,0.2902764544024999,-155.32808084735672
57.4,0.28873329715773033,-156.18562727903085
57.45,0.2871762463169509,-157.04003103593547
57.5,0.2856050502291393,-157.89121490235925
57.55,0.28401945827908953,-158.7390985909331
57.6,0.2824192211577668,-159.5835986024499
57.65,0.28080409115054206,-160.4246280781297
57.7,0.2791738224442398,-161.26209664387886
57.75,0.2775281714539943,-162.09591024605098
57.8,0.27586689717094554,-162.92597097819646
57.85,0.2741897615318601,-163.7521768982462
57.9,0.2724965298118071,-164.57442183554008
57.95,0.27078697104107036,-165.39259518707692
58.0,0.26906085844755495,-166.20658170231286
58.05,0.26731796992597634,-167.01626125580015
58.1,0.26555808853520135,-167.82150860690513
58.15,0.26378100302518065,-168.62219314579625
58.2,0.261986508394961,-169.41817862484504
58.25,0.2601744064833733,-170.2093228745163
58.3,0.2583445065940424,-170.9954775027758
58.35,0.25649662615646035,-171.77648757697483
58.4,0.25463059142497313,-172.55219128710252
58.45,0.2527462382175867,-173.32241958923495
58.5,0.2508434126966608,-174.08699582792613
58.55,0.24892197219360407,-174.8457353362173
58.6,0.24698178607986043,-175.59844501185526
58.65,0.2450227366865792,-176.3449228682256
58.7,0.2430447202754948,-177.0849575584244
58.75,0.2410476480637103,-177.81832787079514
58.8,0.23903144730522569,-178.54480219416922
58.85,0.23699606243223553,-179.26413795095306
58.9,0.23494145625940763,-179.9760809961087
58.95,0.23286761125455277,179.31963502001724
59.0,0.23077453087932037,178.62328932715766
59.05,0.2286622410037987,177.93517475110824
59.1,0.2265307913991569,177.25559847254306
59.15,0.224380257312728,176.58488283104646
59.2,0.22221074113026157,175.92336617680738
59.25,0.22002237413038028,175.2714037724658
59.3,0.21781531833663256,174.62936874762462
59.35,0.21558976847290526,173.99765310852933
59.4,0.2133459540283801,173.3766688053763
59.45,0.21108414143860998,172.76684885961672
59.5,0.20880463638980282,172.16864855347436
59.55,0.2065077862538207,171.58254668367113
59.6,0.20419398266196084,171.00904688104137
59.65,0.2018636642260775,170.4486789972944
59.7,0.19951731941615203,169.90200055962399
59.75,0.19715548960397047,169.3695982931435
59.8,0.19477877228310106,168.852089710208
59.85,0.19238782447589442,168.35012476452346
59.9,0.1899833663387321,167.86438756650256
59.95,0.18756618497714836,167.39559815453606
60.0,0.18513713848282576,166.9445143146583
60.05,0.18269716020464868,166.51193343840072
60.1,0.18024726326605717,166.09869440537744
60.15,0.17778854534071473,165.7056794732178
60.2,0.1753221936979902,165.33381615274152
60.25,0.17284949052883125,164.9840790406359
60.3,0.17037181856112424,164.65749157518349
60.35,0.16789066697154723,164.35512767266496
60.4,0.16540763759792676,164.07811319272582
60.45,0.1629244514521487,163.82762717009112
60.5,0.1604429555283887,163.60490273734501
60.55,0.15796512989460554,163.41122764888698
60.6,0.1554930950465415,163.2479442994823
60.65,0.15302911949249978,163.11644911193764
60.7,0.15057562752353476,163.0181911472996
60.75,0.14813520710691105,162.9546697676764
60.8,0.14571061782026357,162.92743115654528
60.85,0.14330479871931884,162.9380634746756
60.9,0.14092087600279213,162.98819040232354
60.95,0.1385621703037379,163.0794627912797
61.0,0.1362322033968072,163.21354812532772
61.05,0.1339347040654363,163.392117466959
61.1,0.13167361282209897,163.61682955481248
61.15,0.12945308511897594,163.8893117141207
61.2,0.12727749262686536,164.21113725625437
61.25,0.12515142209898097,164.58379907896082
61.3,0.12307967127629177,165.00867924263903
61.35,0.12106724123655613,165.48701439703316
61.4,0.11911932454578339,166.0198570741207
61.45,0.11724128854557954,166.6080330529492
61.5,0.11543865311125776,167.25209524496813
61.55,0.11371706225347658,167.95227484470445
61.6,0.11208224902079984,168.7084308357091
61.65,0.11053999330196676,169.51999932354988
61.7,0.10909607233311416,170.38594456501
61.75,0.10775620399142824,171.30471394410392
61.8,0.106525983301888,172.27419946937786
61.85,0.1054108129894299,173.29170858323386
61.9,0.1044158293569793,174.35394712892915
61.95,0.10354582523213525,175.45701716352417
62.0,0.10280517216394927,176.59643189665564
62.05,0.10219774442086778,177.7671493590412
62.1,0.1017268475937758,178.9636254757748
62.15,0.10139515469976156,-179.8201139101229
62.2,0.10120465257956215,-178.59038375964633
62.25,0.10115660106925167,-177.35373623458872
62.3,0.1012515069124419,-176.11684679020135
62.35,0.10148911369571965,-174.88639480512998
62.4,0.10186840829231504,-173.66894403626728
62.45,0.10238764345800741,-172.47082820058864
62.5,0.10304437541592353,-171.2980465667758
62.55,0.103835514565303,-170.15617364072983
62.6,0.10475738691077145,-169.0502859513287
62.65,0.10580580346855462,-167.98490771426935
62.7,0.1069761347751782,-166.96397590724555
62.75,0.10826338768974796,-165.99082414972085
62.8,0.10966228191165968,-165.06818383663014
62.85,0.11116732398841267,-164.19820028204427
62.9,0.11277287701571387,-163.38246120317925
62.95,0.1144732246886786,-162.62203470239686
63.0,0.11626262881004286,-161.91751394736895
63.05,0.11813537976960384,-161.26906595698173
63.1,0.12008583985954936,-160.67648221898426
63.15,0.1221084795733791,-160.13922924446
63.2,0.12419790725005274,-159.65649756161625
63.25,0.12634889257387266,-159.22724803500668
63.3,0.12855638453231397,-158.8502547442243
63.35,0.13081552447810538,-158.5241439558133
63.4,0.13312165494867348,-158.24742896844856
63.45,0.1354703248752245,-158.01854080475292
63.5,0.1378572917738074,-157.8358548675215
63.55,0.14027852145895836,-157.69771377969633
63.6,0.1427301857625646,-157.60244669327972
63.65,0.14520865868084656,-157.54838538950415
63.7,0.14771051131386276,-157.53387750762158
63.75,0.15023250590676257,-157.55729723837644
63.8,0.1527715892515487,-157.61705380544456
63.85,0.1553248856627795,-157.711598037799
63.9,0.1578896897009257,-157.83942731112936
63.95,0.16046345878266297,-157.99908910945473
64.0,0.163043805787999,-158.18918343058232
64.05,0.16562849174945396,-158.40836423224766
64.1,0.16821541868788772,-158.65534009043205
64.15,0.17080262264263302,-158.9288742179103
64.2,0.17338826692977663,-159.22778396981022
64.25,0.17597063565134805,-159.55093994393113
64.3,0.1785481274692748,-159.89726476672843
64.35,0.18111924965105988,-160.26573164114575
64.4,0.18368261238875208,-160.65536271967665
64.45,0.18623692338866238,-161.06522735502685
64.5,0.18878098272629648,-161.494440271324
64.55,0.19131367795870627,-161.94215969079488
64.6,0.19383397948501174,-162.40758544406134
64.65,0.1963409361448233,-162.88995708649304
64.7,0.19883367104370195,-163.38855203828632
64.75,0.20131137759463227,-163.9026837619611
64.8,0.20377331576436206,-164.43169998767075
64.85,0.20621880851373164,-164.9749809940107
64.9,0.20864723842138322,-165.53193794978415
64.95,0.21105804448063537,-166.10201132037025
65.0,0.21345071905980517,-166.68466934088227
65.05,0.2158248050166932,-167.27940655711893
65.1,0.21817989295852758,-167.88574243438634
65.15,0.2205156186391299,-168.50322003353196
65.2,0.22283166048559785,-169.1314047529622
65.25,0.22512773724729285,-169.76988313499177
65.3,0.2274036057603731,-170.41826173454083
65.35,0.2296590588215969,-171.07616604797968
65.4,0.2318939231655117,-171.7432394997599
65.45,0.2341080575395613,-172.41914248437394
65.5,0.23630135087201604,-173.10355146114716
65.55,0.23847372052794155,-173.79615809934236
65.6,0.24062511064879136,-174.49666847108975
65.65,0.24275549057144777,-175.2048022896919
65.7,0.24486485332284655,-175.92029219091037
65.75,0.24695321418653923,-176.64288305492704
65.8,0.2490206093377864,-177.3723313667344
65.85,0.2510670945439805,-178.10840461281833
65.9,0.253092743927391,-178.85088071207676
65.95,0.25509764878738206,-179.59954747901637
66.0,0.25708191647944334,179.64579788263546
66.05,0.259045669348485,178.88534925767235
66.1,0.26098904371400766,178.11929207018116
66.15,0.26291218890487356,177.3478037089305
66.2,0.2648152663415145,176.5710539288731
66.25,0.2666984486635333,175.78920523017507
66.3,0.26856191890072156,175.00241321610474
66.35,0.27040586968563884,174.21082693103716
66.4,0.272230502505975,173.41458917975322
66.45,0.27403602699496044,172.61383682914473
66.5,0.27582266025822905,171.80870109336894
66.55,0.2775906262355436,170.9993078034331
66.6,0.27934015509587073,170.1857776621314
66.65,0.28107148266440973,169.3682264851976
66.7,0.2827848498801332,168.5467654294867
66.75,0.28448050228255384,167.72150120894622
66.8,0.28615868952641976,166.8925362990916
66.85,0.28781966492310634,166.05996913066056
66.9,0.2894636850075317,165.22389427307138
66.95,0.2910910091294446,164.38440260827937
67.0,0.2927018990680062,163.54158149558347
67.05,0.29429661866858664,162.69551492790373
67.1,0.2958754335007957,161.84628368002126
67.15,0.29743861053672604,160.993965449232
67.2,0.2989864178485101,160.13863498885348
67.25,0.3005191243242625,159.28036423497954
67.3,0.3020369994015407,158.41922242686766
67.35,0.3035403128174905,157.555276221315
67.4,0.3050293343748639,156.68858980135488
67.45,0.30650433372314473,155.81922497959158
67.5,0.30796558015401315,154.94724129646494
67.55,0.3094133424104702,154.0726961137259
67.6,0.3108478885088918,153.19564470338278
67.65,0.3122694855733813,152.31614033236355
67.7,0.31367839968176753,151.43423434312606
67.75,0.31507489572264713,150.54997623043263
67.8,0.3164592372628793,149.66341371449286
67.85,0.3178316864249733,148.77459281067033
67.9,0.3191925037738224,147.88355789593084
67.95,0.32054194821227666,146.9903517722062
68.0,0.32188027688505244,146.09501572683166
68.05,0.32320774509049355,145.19758959021092
68.1,0.3245246061997404,144.29811179085075
68.15,0.32583111158286676,143.39661940790046
68.2,0.3271275105415505,142.49314822132362
68.25,0.32841405024789566,141.58773275982105
68.3,0.3296909756890072,140.68040634661915
68.35,0.33095852961695094,139.7712011432316
68.4,0.33221695250374755,138.8601481912934
68.45,0.3334664825010624,137.94727745256532
68.5,0.3347073554042613,137.03261784719595
68.55,0.33593980462052064,136.1161972903277
68.6,0.3371640611407054,135.19804272713031
68.65,0.33838035351471024,134.2781801663334
68.7,0.3395889078300071,133.3566347123347
68.75,0.34078994769312154,132.43343059594804
68.8,0.3419836942138034,131.50859120385786
68.85,0.34317036599162914,130.58213910684447
68.9,0.34435017910481874,129.65409608683103
68.95,0.3455233471010401,128.72448316281526
69.0,0.34669008098998594,127.79332061572973
69.05,0.3478505892375157,126.86062801228896
69.1,0.3490050777611699,125.92642422786133
69.15,0.3501537499268539,124.99072746841776
69.2,0.35129680654652706,124.05355529159503
69.25,0.3524344458766945,123.11492462691392
69.3,0.3535668636175504,122.17485179519286
69.35,0.35469425291259876,121.23335252718982
69.4,0.35581680434859064,120.29044198150913
69.45,0.35693470595561544,119.34613476180644
69.5,0.35804814320721656,118.40044493331773
69.55,0.3591572990203556,117.45338603875071
69.6,0.36026235375509746,116.50497111355625
69.65,0.3613634852138837,115.55521270061476
69.7,0.36246086864022753,114.60412286436068
69.75,0.36355467671673464,113.65171320436485
69.8,0.3646450795622854,112.69799486840567
69.85,0.3657322447282694,111.74297856504197
69.9,0.36681633719372986,110.78667457571761
69.95,0.3678975193593007,109.82909276641045
70.0,0.3689759510398075,108.8702425988474
70.05,0.3700517894554086,107.91013314130574
70.1,0.37112518922115373,106.94877307901304
70.15,0.3721963023348275,105.98617072416708
70.2,0.3732652781629743,105.0223340255892
70.25,0.37433226342496245,104.05727057802437
70.3,0.37539740217496836,103.09098763110715
70.35,0.37646083578176615,102.12349209800098
70.4,0.3775227029061892,101.15479056372936
70.45,0.3785831394761308,100.18488929320978
70.5,0.37964227865898464,99.21379423899768
70.55,0.3807002508313455,98.24151104876226
70.6,0.38175718354590904,97.26804507249261
70.65,0.3828132014953695,96.29340136945414
70.7,0.3838684264732288,95.3175847149023
70.75,0.38492297733135283,94.34059960655973
70.8,0.38597696993415914,93.36245027087323
70.85,0.38703051710927566,92.38314066905107
70.9,0.3880837285945269,91.40267450289615
70.95,0.38913671098111935,90.42105522044031
71.0,0.39018956765284685,89.43828602138383
71.05,0.39124239872119465,88.45436986235639
71.1,0.39229530095615833,87.4693094619964
71.15,0.3933483677126322,86.48310730586377
71.2,0.3944016888521964,85.49576565118916
71.25,0.3954553506601505,84.50728653146408
71.3,0.3965094357575967,83.51767176088339
71.35,0.3975640230084219,82.52692293864004
71.4,0.39861918742099667,81.53504145308213
71.45,0.3996750000443936,80.54202848573667
71.5,0.4007315278589691,79.54788501520164
71.55,0.4017888336610773,78.5526118209187
71.6,0.4028469759417827,77.55620948682281
71.65,0.4039060087593154,76.55867840488071
71.7,0.40496598160510994,75.56001877851939
71.75,0.4060269392632185,74.56023062594674
71.8,0.4070889216628769,73.55931378337529
71.85,0.40815196372404705,72.55726790814441
71.9,0.4092160951956955,71.55409248175272
71.95,0.41028134048661796,70.54978681280063
72.0,0.4113477184885935,69.54435003984472
72.05,0.4124152423916457,68.53778113417383
72.1,0.41348391949121543,67.5300789025029
72.15,0.4145537509870109,66.52124198959292
72.2,0.41562473177334314,65.5112688808009
72.25,0.41669685022072356,64.5001579045563
72.3,0.4177700879485184,63.4879072347752
72.35,0.41884441958846047,62.474514893210355
72.4,0.41991981253881516,61.45997875174009
72.45,0.420996226709009,60.44429653460204
72.5,0.42207361425453166,59.42746582056963
72.55,0.423151919301939,58.40948404507898
72.6,0.42423107766378476,57.390348502306026
72.65,0.42531101654332637,56.370056347194776
72.7,0.426391654228868,55.3486045974444
72.75,0.4274728997776034,54.32599013545153
72.8,0.4285546526888626,53.302209710214605
72.85,0.4296368025666618,52.27725993920129
72.9,0.4307192287715115,51.25113731017888
72.95,0.4318018000614054,50.223838183014884
73.0,0.4328843742220285,49.19535879144332
73.05,0.4339667976861558,48.16569524480615
73.1,0.4350489051423287,47.134843529766975
73.15,0.43613051913288653,46.10279951199872
73.2,0.43721144964150016,45.069558937852854
73.25,0.4382914936703754,44.035117436003745
73.3,0.4393704348073711,42.99947051907885
73.35,0.44044804278331373,41.96261358527104
73.4,0.44152407301985963,40.92454191993502
73.45,0.442598266168315,39.885250697174456
73.5,0.4436703476399026,38.84473498141534
73.55,0.44474002712803434,37.802989728972484
73.6,0.4458069981232243,36.760009789609846
73.65,0.44687093742138845,35.71578990809236
73.7,0.4479315046263474,34.670324725740144
73.75,0.44898834164745305,33.62360878197481
73.8,0.45004107219339123,32.575636515871224
73.85,0.45108930126329694,31.526402267709827
73.9,0.45213261463645527,30.475900280531356
73.95,0.4531705783620017,29.424124701700446
74.0,0.45420273825013824,28.371069584473116
74.05,0.4552286193665759,27.316728889576034
74.1,0.45624772553200343,26.261096486796482
74.15,0.45725953882860715,25.204166156582847
74.2,0.4582635191157749,24.145931591663285
74.25,0.45925910355731825,23.086386398676176
74.3,0.4602457061627305,22.025524099821876
74.35,0.46122271734515174,20.963338134533316
74.4,0.4621895034989463,19.89982186116598
74.45,0.46314540659993586,18.83496855871413
74.5,0.4640897438315848,17.768771428548273
74.55,0.4650218072406072,16.7012235961817
74.6,0.46594086342564256,15.632318113065587
74.65,0.4668461532629215,14.562047958409515
74.7,0.467736891672946,13.490406041040561
74.75,0.46861226743249706,12.417385201289479
74.8,0.469471443036415,11.342978212914469
74.85,0.4703135546138119,10.267177785063142
74.9,0.4711377119035286,9.189976564269003
74.95,0.47194299829384956,8.111367136492195
75.0,0.4727284709315865,7.031342029198625
75.05,0.4734931609058145,5.949893713484313
75.1,0.47423607351163943,4.867014606246162
75.15,0.4749561885994479,3.7826970723948423
75.2,0.47565246101515934,2.696933427122443
75.25,0.4763238211370192,1.6097159382147337
75.3,0.4769691755144826,0.5210368284186145
75.35,0.47758740761460894,-0.5691117221386328
75.4,0.47817737868140586,-1.6607375734738041
75.45,0.47873792871329873,-2.7538486232161454
75.5,0.4792678775637984,-3.8484528040198565
75.55,0.47976602617008907,-4.944558080912104
75.6,0.4802311579140419,-6.042172448583576
75.65,0.48066204011966857,-7.141303928613748
75.7,0.4810574256906785,-8.241960566633246
75.75,0.48141605489120737,-9.344150429420749
75.8,0.48173665727220605,-10.447881601930188
75.85,0.48201795374534095,-11.553162184251905
75.9,0.4822586588054365,-12.660000288501216
75.95,0.4824574829017463,-13.768404035637364
76.0,0.48261313495735636,-14.878381552209966
76.05,0.48272432503508766,-15.989940967029234
76.1,0.48278976714721744,-17.103090407763368
76.15,0.48280818220517224,-18.217837997456694
76.2,0.48277830110421455,-19.334191850973795
76.25,0.482698867936859,-20.45216007136309
76.3,0.4825686433274979,-21.571750746140527
76.35,0.4823864078793488,-22.69297194349451
76.4,0.4821509657235106,-23.815831708406762
76.45,0.4818611481585421,-24.940338058693943
76.5,0.4815158173675581,-26.066498980965974
76.55,0.4811138701985493,-27.194322426500072
76.6,0.48065424199222034,-28.323816307031763
76.65,0.480135910440451,-29.454988490460696
76.7,0.47955789945716387,-30.587846796473197
76.75,0.4789192830423553,-31.72239899208028
76.8,0.47821918911893996,-32.85865278706982
76.85,0.47745680332120577,-33.99661582937461
76.9,0.4766313727129044,-35.136295700355056
76.95,0.4757422094123807,-36.27769990999972
77.0,0.474788694101779,-37.42083589204086
77.05,0.47377027939707045,-38.565710998986376
77.1,0.4726864930557128,-39.712332497070264
77.15,0.4715369409988564,-40.86070756112175
77.2,0.4703213101255445,-42.010843269352186
77.25,0.4690393708969691,-43.16274659806726
77.3,0.46769097966973167,-44.316424416297195
77.35,0.4662760807582786,-45.47188348035312
77.4,0.4647947082079823,-46.62913042830879
77.45,0.4632469872619984,-47.78817177441098
77.5,0.46163313550682034,-48.949013903420564
77.55,0.45995346368350243,-50.111663064884496
77.6,0.4582083761536969,-51.276125367346474
77.65,0.4563983710120401,-52.44240677249175
77.7,0.4545240398388928,-53.61051308923848
77.75,0.4525860670900668,-54.78044996777195
77.8,0.4505852291228297,-55.9522228935278
77.85,0.4485223928602101,-57.125837181129256
77.9,0.44639851409835524,-58.30129796827985
77.95,0.4442146354643991,-59.478610209620946
78.0,0.4419718840349527,-60.65777867055542
78.05,0.43967146862789797,-61.83880792104131
78.1,0.43731467678258157,-63.02170232936558
78.15,0.4349028714458318,-64.20646605589975
78.2,0.432437487383279,-65.39310304684625
78.25,0.42992002733742296,-66.58161702798094
78.3,0.4273520579554983,-67.77201149839762
78.35,0.42473520551171057,-68.96428972426352
78.4,0.4220711514494796,-70.15845473259236
78.45,0.4193616277703757,-71.3545093050405
78.5,0.41660841229691137,-72.55245597174284
78.55,0.4138133238368837,-73.7522970051852
78.6,0.41097821727690453,-74.95403441412984
78.65,0.40810497863268236,-76.15766993760407
78.7,0.4051955200831734,-77.36320503895384
78.75,0.40225177501500436,-78.57064089998534
78.8,0.3992756931027492,-79.77997841519169
78.85,0.396269235449534,-80.99121818608299
78.9,0.39323436981110726,-82.20436051563127
78.95,0.39017306592517365,-83.41940540283538
79.0,0.3870872909661347,-84.63635253743075
79.05,0.38397900514374916,-85.85520129474016
79.1,0.3808501574624338,-87.07595073069017
79.15,0.37770268165609544,-88.29859957700258
79.2,0.37453849231152964,-89.5231462365705
79.25,0.3713594811915024,-90.74958877904395
79.3,0.36816751376680823,-91.97792493662377
79.35,0.3649644259647038,-93.20815210009188
79.4,0.3617520211393217,-94.44026731508521
79.45,0.3585320672679333,-95.67426727862836
79.5,0.35530629437525013,-96.91014833594915
79.55,0.3520763921863994,-98.14790647757945
79.6,0.34884400800768806,-99.38753733676832
79.65,0.34561074483292703,-100.62903618721938
79.7,0.3423781596718289,-101.87239794116662
79.75,0.3391477620958087,-103.11761714781495
79.8,0.33592101299553073,-104.36468799215017
79.85,0.33269932354363935,-105.61360429414489
79.9,0.3294840543552845,-106.86435950837547
79.95,0.3262765148384403,-108.11694672406342
80.0,0.3230779627253729,-109.37135866557053
80.05,0.3198896037762982,-110.6275876933523
80.1,0.31671259164576243,-111.88562580539731
80.15,0.31354802790217406,-113.14546463916803
80.2,0.31039696219067564,-114.40709547405909
80.25,0.3072603925294835,-115.6705092344003
80.3,0.3041392657298695,-116.93569649301219
80.35,0.3010344779299812,-118.20264747533896
80.4,0.297946875232858,-119.4713520641805
80.45,0.29487725443920776,-120.74179980503253
80.5,0.2918263638656917,-122.01397991206993
80.55,0.28879490423984316,-123.28788127477301
80.6,0.28578352966295323,-124.56349246523259
80.65,0.28279284863268234,-125.84080174614337
80.7,0.27982342511748753,-127.11979707950529
80.75,0.27687577967534666,-128.40046613606222
80.8,0.27395039060966864,-129.68279630548045
80.85,0.27104769515567834,-130.96677470729983
80.9,0.26816809069096587,-132.25238820267157
80.95,0.2653119359643362,-133.53962340689898
81.0,0.26247955233744,-134.82846670281157
81.05,0.25967122503415335,-136.11890425497526
81.1,0.2568872043929929,-137.41092202477427
81.15,0.2541277071182803,-138.70450578637372
81.2,0.2513929175261393,-139.99964114358505
81.25,0.2486829887817383,-141.29631354766187
81.3,0.24599804412458331,-142.59450831603334
81.35,0.24333817807896535,-143.89421065200585
81.4,0.24070345764696827,-145.1954056654506
81.45,0.2380939234817885,-146.4980783944958
81.5,0.23550959103932906,-147.8022138282535
81.55,0.23295045170637085,-149.10779693059376
81.6,0.23041647390380518,-150.4148126649939
81.65,0.22790760416368067,-151.72324602049088
81.7,0.2254237681790226,-153.03308203875048
81.75,0.22296487182555366,-154.3443058422959
81.8,0.22053080215469686,-155.6569026639074
81.85,0.2181214283573193,-156.97085787722915
81.9,0.2157366026979031,-158.2861570286148
81.95,0.2133761614189328,-159.60278587023805
82.0,0.2110399256154182,-160.9207303945081
82.05,0.20872770207961033,-162.2399768698246
82.1,0.20643928411603205,-163.56051187770478
82.15,0.20417445232708117,-164.88232235133455
82.2,0.20193297536951813,-166.20539561557527
82.25,0.19971461068221744,-167.52971942848615
82.3,0.19751910518565782,-168.8552820244049
82.35,0.19534619595365244,-170.18207215864197
82.4,0.1931956108578817,-171.51007915385338
82.45,0.19106706918583405,-172.8392929481478
82.5,0.18896028223278133,-174.16970414500648
82.55,0.18687495386845998,-175.5013040650838
82.6,0.18481078107915141,-176.834084799972
82.65,0.1827674544858563,-178.16803926801947
82.7,0.1807446588392994,-179.50316127229462
82.75,0.17874207349248103,179.16055443919652
82.8,0.17675937285152743,177.82311211092878
82.85,0.17479622680557766,176.4845149147935
82.9,0.1728523011364472,175.14476488241334
82.95,0.1709272579088206,173.8038628346978
83.0,0.1690207558416927,172.46180830847769
83.05,0.16713245066182283,171.11859948005352
83.1,0.1652619954398943,169.77423308547296
83.15,0.16340904091012545,168.42870433733333
83.2,0.16157323577403046,167.0820068378976
83.25,0.15975422698902814,165.73413248828126
83.3,0.15795166004259714,164.38507139345634
83.35,0.15616517921265236,163.0348117627944
83.4,0.15439442781481547,161.68333980584026
83.45,0.1526390484372347,160.33063962299258
83.5,0.15089868316360794,158.97669309072432
83.55,0.14917297378504243,157.62147974095683
83.6,0.14746156200138638,156.26497663416313
83.65,0.1457640896126501,154.90715822573281
83.7,0.1440801987011359,153.547996225099
83.75,0.14240953180487706,152.18745944707308
83.8,0.14075173208298603,150.82551365478994
83.85,0.13910644347353315,149.46212139361506
83.9,0.1374733108445164,148.0972418152938
83.95,0.13585198013854372,146.73083049157148
84.0,0.13424209851181734,145.36283921643167
84.05,0.13264331446801192,143.99321579602494
84.1,0.1310552779876718,142.621903825279
84.15,0.12947764065371628,141.24884245007394
84.2,0.12791005577370504,139.8739661137733
84.25,0.12635217849948432,138.49720428677745
84.3,0.12480366594487648,137.11848117763947
84.35,0.1232641773021022,135.73771542414818
84.4,0.12173337395763258,134.35481976261417
84.45,0.12021091960820994,132.9697006734331
84.5,0.11869648037781191,131.58225800079515
84.55,0.11718972493637805,130.19238454420645
84.6,0.1156903246211585,128.7999656192442
84.65,0.11419795356160566,127.4048785846952
84.7,0.11271228880880596,126.00699233295279
84.75,0.11123301047049493,124.60616674018345
84.8,0.10975980185281167,123.20225207243911
84.85,0.10829234961003155,121.7950883434558
84.9,0.10683034390363087,120.38450461942854
84.95,0.10537347857215816,118.97031826552819
85.0,0.10392145131352849,117.5523341283432
85.05,0.10247396388154055,116.13034364778878
85.1,0.10103072229856197,114.70412389126707
85.15,0.09959143708659222,113.27343650205866
85.2,0.09815582351910027,111.83802655297477
85.25,0.09672360189635779,110.39762129524624
85.3,0.09529449784727259,108.9519287914452
85.35,0.0938682426610926,107.50063641986627
85.4,0.09244457365279078,106.04340923628483
85.45,0.09102323456637441,104.5798881772606
85.5,0.08960397602093324,103.10968808718566
85.55,0.08818655600487607,101.63239554905772
85.6,0.08677074042449087,100.14756649637376
85.65,0.08535630371383758,98.65472358067443
85.7,0.0839430295139161,97.1533532659437
85.75,0.08253071143017775,95.64290261728888
85.8,0.08111915387874531,94.12277574703938
85.85,0.07970817303318974,92.59232987646102
85.9,0.07829759788547533,91.0508709656768
85.95,0.07688727143671319,89.49764885796196
86.0,0.07547705203572587,87.9318518772303
86.05,0.0740668148862277,86.3526008091785
86.1,0.07265645374665397,84.75894218696673
86.15,0.07124588285051113,83.14984079145201
86.2,0.06983503907959351,81.52417126359147
86.25,0.06842388442769083,79.88070871259858
86.3,0.06701240879865511,78.21811818758685
86.35,0.06560063319000653,76.53494286261409
86.4,0.06418861332195148,74.82959076516401
86.45,0.06277644378192716,73.10031985615993
86.5,0.06136426276689186,71.34522124564491
86.55,0.05995225751992213,69.56220030268783
86.6,0.05854067057456062,67.74895539138
86.65,0.05712980694035865,65.90295393825069
86.7,0.05572004238651075,64.02140551172094
86.75,0.05431183300805331,62.10123157438151
86.8,0.05290572629126933,60.139031558387785
86.85,0.05150237393216729,58.1310449198034
86.9,0.05010254670466194,56.073108859548924
86.95,0.04870715172331393,53.96061147126999
87.0,0.04731725249886186,51.78844021148467
87.05,0.04593409224186446,49.550925815254615
87.1,0.044559120927711304,47.24178214459775
87.15,0.043194026689815715,44.85404301711293
87.2,0.04184077214789622,42.3799979010414
87.25,0.04050163629015367,39.81112959014128
87.3,0.03917926248882138,37.138058729434576
87.35,0.03787671310264945,34.35050252571235
87.4,0.036597530855578576,31.437258343463427
87.45,0.035345806704336284,28.386227351477608
87.5,0.03412625311874789,25.18449907156474
87.55,0.032944280469609205,21.818524515338815
87.6,0.03180607240302218,18.27441308517235
87.65,0.03071865353815954,14.538395303695532
87.7,0.029689939486944917,10.597497231918775
87.75,0.028728755169342816,6.440468924526794
87.8,0.02784480315188937,2.0589922988779663
87.85,0.02704856030723817,-2.5508440520632996
87.9,0.026351080264038203,-7.38688046497503
87.95,0.025763683358262478,-12.439201311572289
88.0,0.02529752766592362,-17.68870327607631
88.05,0.024963075473536347,-23.106274204836584
88.1,0.024769497290973354,-28.652951942315966
88.15,0.02472408358767408,-34.28132405330396
88.2,0.024831752185044024,-39.93818798588826
88.25,0.025094736115083546,-45.56817166161269
88.3,0.025512508609481416,-51.11773331410136
88.35,0.02608195533135061,-56.5388407482875
88.4,0.02679775462885775,-61.79173075386612
88.45,0.027652891335902013,-66.84642097835196
88.5,0.02863921800902902,-71.68296802292134
88.55,0.029747988242980732,-76.29071682264859
88.6,0.030970310885802224,-80.6669066538449
88.65,0.03229750093054518,-84.81499582063175
88.7,0.03372132497131542,-88.74298736670903
88.75,0.03523415325582493,-92.46193373771406
88.8,0.036829036929070434,-95.98470468771295
88.85,0.03849973012643759,-99.32503536799135
88.9,0.040240674471998125,-102.4968315543334
88.95,0.04204696010864467,-105.51369049580968
89.0,0.04391427379484471,-108.3885914651957
89.05,0.045838841442408615,-111.13371345065296
89.1,0.04781736995417074,-113.76034416953452
89.15,0.04984699135138126,-116.27885208714368
89.2,0.051925210863955296,-118.69870004177281
89.25,0.05404985977182329,-121.02848486960784
89.3,0.05621905321814673,-123.2759919897607
89.35,0.058431152870991675,-125.44825736387234
89.4,0.06068473411696944,-127.5516317774762
89.45,0.06297855737599686,-129.5918442013755
89.5,0.06531154309417822,-131.57406225815237
89.55,0.06768274997681377,-133.50294868636826
89.6,0.0700913560495192,-135.3827132756717
89.65,0.07253664217178758,-137.21716012428047
89.7,0.0750179776674506,-139.00973030800228
89.75,0.07753480777676848,-140.76354019164748
89.8,0.08008664267273007,-142.4814156907763
89.85,0.08267304781892428,-144.1659228263833
89.9,0.08529363547727967,-145.81939492250987
89.95,0.08794805720121354,-147.44395678732258
90.0,0.0906359971734808,-149.04154619898011
90.05,0.09335716626845053,-150.6139329931917
90.1,0.09611129673617619,-152.16273602288663
90.15,0.09889813742067581,-153.6894382337154
90.2,0.1017174494377251,-155.1954000733539
90.25,0.10456900224848055,-156.68187142851608
90.3,0.10745257007459581,-158.150002261419
90.35,0.11036792860855095,-159.60085209740652
90.4,0.11331485197974536,-161.0353984974505
90.45,0.11629310994275707,-162.4545446332099
90.5,0.11930246525924047,-163.8591260681723
90.55,0.1223426712492074,-165.24991683584574
90.6,0.12541346949122417,-166.62763489498982
90.65,0.12851458765425125,-167.99294703219488
90.7,0.131645737446652,-169.34647327363837
90.75,0.13480661267036761,-170.68879086044603
90.8,0.13799688737036123,-172.02043783556599
90.85,0.14121621407132198,-173.34191628439967
90.9,0.1444642220952952,-174.65369526644722
90.95,0.14774051595532695,-175.95621347086248
91.0,0.1510446738215612,-177.24988162501532
91.05,0.15437624605736147,-178.53508468179047
91.1,0.15773475382407168,-179.81218380843535
91.15,0.161119687754001,178.91848180281252
91.2,0.16453050669198327,177.6565932843579
91.25,0.16796663650671614,176.40185058715664
91.3,0.1714274689736694,175.1539711046877
91.35,0.1749123607320335,173.9126884143043
91.4,0.17842063231864183,172.6777511246583
91.45,0.18195156728239703,171.4489218190827
91.5,0.1855044113830251,170.2259760858951
91.55,0.18907837187840631,169.00870162752
91.6,0.19267261690505053,167.79689744116962
91.65,0.1962862749564656,166.59037306456102
91.7,0.19991843446441712,165.38894788080762
91.75,0.20356814348815003,164.1924504772128
91.8,0.20723440951674482,163.00071805321517
91.85,0.2109161993897385,161.81359587319562
91.9,0.21461243934112664,160.6309367602821
91.95,0.21832201517169722,159.4526006276492
92.0,0.22204377255445715,158.27845404414975
92.05,0.22577651747765187,157.10836983141292
92.1,0.22951901682954975,155.94222668980498
92.15,0.2332699991287621,154.77990885089656
92.2,0.23702815540335398,153.62130575428733
92.25,0.2407921402215657,152.46631174684117
92.3,0.24456057287622496,151.3148258025542
92.35,0.24833203872436746,150.16675126143681
92.4,0.2521050906827889,149.02199558593466
92.45,0.2558782508794942,147.8804701335374
92.5,0.25965001246014185,146.74208994434525
92.55,0.2634188415476971,145.60677354246664
92.6,0.26718317935257596,144.47444275021294
92.65,0.2709414444295968,143.34502251414796
92.7,0.27469203507704065,142.21844074212004
92.75,0.27843333187213815,141.0946281504841
92.8,0.2821637003362417,139.97351812078375
92.85,0.2858814937219654,138.8550465652158
92.9,0.28958505591352013,137.73915180026415
92.95,0.29327272443052865,136.62577442792892
93.0,0.2969428335246523,135.51485722402612
93.05,0.30059371735740215,134.4063450330786
93.1,0.30422371324676595,133.30018466934322
93.15,0.30783116496940577,132.19632482356826
93.2,0.31141442610457354,131.0947159750955
93.25,0.3149718634051999,129.99531030895272
93.3,0.31850186018119214,128.8980616376161
93.35,0.32200281967952754,127.80292532713212
93.4,0.3254731684454537,126.70985822732425
93.45,0.32891135964897145,125.61881860581992
93.5,0.3323158763607235,124.52976608565794
93.55,0.3356852347615006,123.44266158625378
93.6,0.3390179872698221,122.3574672675101
93.65,0.3423127255724075,121.27414647688269
93.7,0.3455680835428039,120.1926636992192
93.75,0.3487827400341173,119.11298450920097
93.8,0.35195542153243586,118.03507552623651
93.85,0.35508490465844894,116.95890437165549
93.9,0.3581700185057058,115.88443962807196
93.95,0.3612096468049552,114.81165080078326
94.0,0.3642027299052025,113.74050828109283
94.05,0.36714826656327476,112.67098331144277
94.1,0.37004531553495446,111.60304795225261
94.15,0.372892996962074,110.53667505036884
94.2,0.37569049355127265,109.47183820903261
94.25,0.3784370515414897,108.40851175928114
94.3,0.38113198145860944,107.3466707327064
94.35,0.38377465865706206,106.28629083549133
94.4,0.3863645236494586,105.2273484236578
94.45,0.3889010822266565,104.16982047946202
94.5,0.39138390537190126,103.11368458886673
94.55,0.3938126289738165,102.05891892004546
94.6,0.39618695334418846,101.00550220285649
94.65,0.3985066425474639,99.95341370923352
94.7,0.4007715235498298,98.90263323445639
94.75,0.4029814851966387,97.85314107923988
94.8,0.40513647702760275,96.80491803261462
94.85,0.40723650793990873,95.75794535554955
94.9,0.40928164470989975,94.7122047652816
94.95,0.41127201038441097,93.66767842032073
95.0,0.41320778255321733,92.62434890608564
95.05,0.41508919151422974,91.58219922115445
95.1,0.4169165183432393,90.54121276408746
95.15,0.41869009288005077,89.50137332079963
95.2,0.42041029164277294,88.46266505245828
95.25,0.42207753568191775,87.42507248387187
95.3,0.42369228838571216,86.38858049235917
95.35,0.42525505324777757,85.35317429706491
95.4,0.42676637160794867,84.31883944870732
95.45,0.4282268203765983,83.28556181973775
95.5,0.42963700975238983,82.25332759488492
95.55,0.4309975809428454,81.22212326207982
95.6,0.43230920389660754,80.19193560373185
95.65,0.43357257505569413,79.16275168834662
95.7,0.43478841513544747,78.13455886246997
95.75,0.43595746693930226,77.10734474293774
95.8,0.4370804932148538,76.0810972094273
95.85,0.43815827455712114,75.05580439728996
95.9,0.4391916073642862,74.03145469065437
95.95,0.44018130185056675,73.00803671579287
96.0,0.44112818012032773,71.98553933473036
96.05,0.4420330743069241,70.96395163909617
96.1,0.44289682477925046,69.94326294420152
96.15,0.4437202784184195,68.92346278333572
96.2,0.44450428696647004,67.90454090227328
96.25,0.4452497054485921,66.88648725397698
96.3,0.44595739066981316,65.86929199349814
96.35,0.446628199786747,64.85294547306057
96.4,0.44726298895455446,63.83743823731896
96.45,0.4478626120489741,62.82276101879302
96.5,0.44842791946285815,61.80890473345758
96.55,0.44895975697644364,60.795860476496266
96.6,0.4494589647002305,59.7836195182034
96.65,0.44992637608917924,58.772173300030616
96.7,0.450362817026647,57.761513430776894
96.75,0.450769104976353,56.751631682905646
96.8,0.4511460482004765,55.74251998899908
96.85,0.45149444504184816,54.73417043833252
96.9,0.45181508326809905,53.72657527357006
96.95,0.4521087394755184,52.7197268875777
97.0,0.4523761785503197,51.71361782034316
97.05,0.4526181531849466,50.70824075600912
97.1,0.45283540344700485,49.70358852000657
97.15,0.45302865639841233,48.699654076288724
97.2,0.4531986257623299,47.69643052466598
97.25,0.4533460116354425,46.693911098226586
97.3,0.45347150024319993,45.69208916085487
97.35,0.4535757637356153,44.69095820483357
97.4,0.4536594600213064,43.69051184853138
97.45,0.4537232326374609,42.690743834174135
97.5,0.45376771065349086,41.69164802569052
97.55,0.4537935086062051,40.693218406640156
97.6,0.4538012264643426,39.695449078213436
97.65,0.4537914496204466,38.69833425730316
97.7,0.45376474890807256,37.70186827464973
97.75,0.45372168064242874,36.70604557304844
97.8,0.4536627866826031,35.71086070562843
97.85,0.4535885945136241,34.71630833419333
97.9,0.45349961734666644,33.722383227625
97.95,0.4533963542357872,32.72908026034877
98.0,0.4532792902096815,31.736394410856047
98.05,0.4531488964169797,30.744320760286314
98.1,0.45300563028371854,29.75285449106531
98.15,0.45284993568167464,28.76199088559706
98.2,0.4526822431063435,27.77172532501076
98.25,0.4525029698633645,26.78205328795975
98.3,0.4523125202623397,25.792970349469993
98.35,0.4521112858169855,24.80447217984124
98.4,0.4518996454506746,23.816554543595018
98.45,0.4516779657064498,22.829213298473316
98.5,0.45144660096067785,21.842444394481035
98.55,0.45120589363956,20.85624387297624
98.6,0.4509561744377623,19.870607865806733
98.65,0.4506977625384893,18.885532594489426
98.7,0.4504309658343824,17.901014369435433
98.75,0.4501560811486463,16.917049589216944
98.8,0.4498733944558883,15.933634739876014
98.85,0.44958318110216905,14.950766394277814
98.9,0.44928570602380763,13.968441211502697
98.95,0.44898122396454115,12.986655936281656
99.0,0.4486699796906549,12.005407398469858
99.05,0.44835220820374094,11.024692512561108
99.1,0.4480281349507794,10.044508277242647
99.15,0.44769797603125494,9.064851774988583
99.2,0.4473619384010659,8.085720171692849
99.25,0.44702022007299286,7.107110716340514
99.3,0.4466730103135216,6.1290207407172135
99.35,0.4463204898358703,5.151447659158128
99.4,0.4459628309890169,4.174388968334381
99.45,0.44560019794263317,3.1978422470785604
99.5,0.44523274686779507,2.2218051562472914
99.55,0.4448606261133494,1.2462754386214145
99.6,0.44448397637787773,0.2712509188461567
99.65,0.4441029308771783,-0.7032704965927329
99.7,0.4437176155071969,-1.6772908193518614
99.75,0.4433281490023786,-2.6508119791774045
99.8,0.44293464308940167,-3.6238358238135655
99.85,0.4425372026362673,-4.596364118870043
99.9,0.4421359257967282,-5.568398547653433
99.95,0.4417309041500681,-6.539940710956671
100.0,0.44132222283621786,-7.510992126811014
100.05,0.44090996068622024,-8.481554230197906
100.1,0.4404941903480707,-9.451628372719224
100.15,0.44007497840794463,-10.421215822228385
100.2,0.4396523855068523,-11.390317762418073
100.25,0.43922646645273217,-12.358935292368944
100.3,0.4387972703280423,-13.3270694260549
100.35,0.4383648405928739,-14.294721091804586
100.4,0.4379292151836383,-15.261891131720756
100.45,0.437490426607367,-16.22858030105357
100.5,0.43704850203168166,-17.19478926753169
100.55,0.43660346337047573,-18.160518610645152
100.6,0.43615532736536633,-19.12576882088283
100.65,0.4357041056629687,-20.090540298922363
100.7,0.43524980488804293,-21.054833354770633
100.75,0.4347924267125868,-22.018648206856223
100.8,0.4343319679209012,-22.981984981071562
100.85,0.43386842047072444,-23.94484370976173
100.9,0.43340177155045867,-24.9072243306625
100.95,0.4329320036325758,-25.86912668578221
101.0,0.43245909452323705,-26.83055052023233
101.05,0.4319830174082108,-27.791495480996005
101.1,0.4315037408951262,-28.751961115644274
101.15,0.4310212290521392,-29.71194687098859
101.2,0.43053544144305933,-30.671452091673743
101.25,0.4300463331590085,-31.630476018709725
101.3,0.4295538548466554,-32.58901778793628
101.35,0.4290579527331107,-33.547076428424205
101.4,0.42855856864751224,-34.50465086080676
101.45,0.4280556400393904,-35.461739895541136
101.5,0.42754909999385393,-36.418342231100006
101.55,0.4270388772436652,-37.37445645208607
101.6,0.426524896178265,-38.330081027272534
101.65,0.426007076849806,-39.28521430756424
101.7,0.42548533497626595,-40.23985452387607
101.75,0.4249595819416844,-41.19399978493124
101.8,0.42442972479360874,-42.147648074968636
101.85,0.4238956662377991,-43.1007972513658
101.9,0.4233573046302573,-44.053445042165926
101.95,0.42281453396665486,-45.005589043511485
102.0,0.4222672438692252,-45.95722671698069
102.05,0.42171531957117947,-46.90835538681939
102.1,0.4211586418987306,-47.858972237070965
102.15,0.4205970872507894,-48.8090743085964
102.2,0.4200305275764165,-49.75865849597959
102.25,0.41945883035009346,-50.70772154432119
102.3,0.4188818585449114,-51.6562600459064
102.35,0.41829947060374123,-52.60427043675254
102.4,0.4177115204084924,-53.551748993023665
102.45,0.4171178572475273,-54.49869182731245
102.5,0.4165183257813467,-55.445094884783835
102.55,0.4159127660066246,-56.39095393917207
102.6,0.41530101321871393,-57.336264588630755
102.65,0.41468289797270713,-58.28102225142517
102.7,0.41405824604319297,-59.22522216146402
102.75,0.41342687838279013,-60.1688593636653
102.8,0.412788611079618,-61.11192870914457
102.85,0.4121432553138103,-62.0544248502268
102.9,0.4114906173132128,-62.99634223526695
102.95,0.4108304983084231,-63.93767510327537
103.0,0.410162694487288,-64.87841747834362
103.05,0.40948699694907464,-65.81856316385344
103.1,0.408803191658416,-66.75810573647065
103.15,0.40811105939926356,-67.69703853990765
103.2,0.4074103757290014,-68.63535467844717
103.25,0.4067009109329302,-69.57304701022079
103.3,0.4059824299793242,-70.51010814022469
103.35,0.4052546924752786,-71.4465304130705
103.4,0.4045174526235788,-72.38230590545217
103.45,0.4037704591808331,-73.3174264183204
103.5,0.40301345541712263,-74.25188346875466
103.55,0.4022461790774266,-75.18566828151216
103.6,0.40146836234512623,-76.11877178024933
103.65,0.4006797318078602,-77.05118457839295
103.7,0.3998800084260528,-77.98289696965008
103.75,0.39906890750444285,-78.91389891814171
103.8,0.3982461386669481,-79.84418004813813
103.85,0.39741140583523343,-80.77372963338446
103.9,0.3965644072113466,-81.70253658599302
103.95,0.3957048352648282,-82.63058944488415
104.0,0.3948323767246929,-83.55787636375759
104.05,0.3939467125767321,-84.48438509856695
104.1,0.3930475180665629,-85.41010299448092
104.15,0.3921344627089117,-86.33501697230137
104.2,0.39120721030361105,-87.2591135143153
104.25,0.390265418958821,-88.1823786495558
104.3,0.3893087411220022,-89.10479793843973
104.35,0.3883368236191865,-90.0263564567534
104.4,0.3873493077031294,-90.94703877895898
104.45,0.3863458291109114,-91.86682896078021
104.5,0.3853260181316141,-92.78571052104118
104.55,0.38428949968469905,-93.70366642271397
104.6,0.38323589340974995,-94.6206790531389
104.65,0.3821648137682101,-95.53673020337915
104.7,0.3810758701578626,-96.45180104665654
104.75,0.37996866704071286,-97.36587211583496
104.8,0.37884280408501836,-98.27892327989119
104.85,0.3776978763222109,-99.19093371932603
104.9,0.37653347431944945,-100.10188190046355
104.95,0.3753491843686051,-101.01174554857262
105.0,0.37414458869242495,-101.9205016197581
105.05,0.3729192656686903,-102.82812627154843
105.1,0.3716727900731761,-103.73459483211487
105.15,0.37040473334219565,-104.63988176804895
105.2,0.3691146638555629,-105.54396065061589
105.25,0.36780214724077737,-106.44680412040722
105.3,0.3664667466992332,-107.34838385029981
105.35,0.3651080233552707,-108.24867050662854
105.4,0.3637255366288542,-109.14763370847703
105.45,0.3623188446326592,-110.04524198497455
105.5,0.3608875045943264,-110.94146273049388
105.55,0.35943107330463797,-111.83626215762298
105.6,0.3579491075923108,-112.72960524778868
105.65,0.356441164826096,-113.62145569939631
105.7,0.35490680344482844,-114.51177587333541
105.75,0.35334558351601325,-115.40052673570611
105.8,0.35175706732351425,-116.28766779759398
105.85,0.3501408199848222,-117.17315705172103
105.9,0.34849641009832383,-118.05695090578853
105.95,0.34682341042095904,-118.93900411230504
106.0,0.3451213985765079,-119.81926969469417
106.05,0.3433899577947351,-120.69769886944648
106.1,0.34162867768147565,-121.57424096407517
106.15,0.33983715501968464,-122.44884333061553
106.2,0.33801499460133,-123.32145125438382
106.25,0.3361618100899328,-124.19200785770177
106.3,0.334277224913404,-125.0604539982609
106.35,0.332360873186726,-125.92672816178549
106.4,0.33041240066387484,-126.79076634862625
106.45,0.32843146571824533,-127.65250195388366
106.5,0.32641774035069554,-128.5118656406451
106.55,0.32437091122417383,-129.3687852058697
106.6,0.32229068072374095,-130.22318543843642
106.65,0.32017676804062395,-131.074987968828
106.7,0.3180289102788133,-131.92411110987993
106.75,0.31584686358249725,-132.77046968798965
106.8,0.3136304042825158,-133.61397486412383
106.85,0.31137933005983875,-134.45453394391785
106.9,0.30909346112388203,-135.2920501761085
106.95,0.3067726414033822,-136.12642253846795
107.0,0.30441673974733646,-136.95754551036418
107.05,0.30202565113344104,-137.7853088309786
107.1,0.29959929788127226,-138.60959724215368
107.15,0.2971376308673687,-139.43029021475286
107.2,0.2946406307393058,-140.2472616573207
107.25,0.29210830912567654,-141.0603796057453
107.3,0.2895407098389453,-141.8695058925022
107.35,0.2869379100680147,-142.67449579395813
107.4,0.28430002155739414,-143.4751976540747
107.45,0.28162719176981815,-144.27145248272362
107.5,0.27891960502927843,-145.0630935266687
107.55,0.27617748364146516,-145.84994581110956
107.6,0.2734010889887648,-146.63182564950608
107.65,0.27059072259712413,-147.4085401192066
107.7,0.2677467271722898,-148.17988650019487
107.75,0.2648694876032074,-148.94565167404343
107.8,0.2619594319306803,-149.70561147990716
107.85,0.25901703227971445,-150.45953002412756
107.9,0.256042805754475,-151.2071589397208
107.95,0.2530373152951722,-151.9482365917052
108.0,0.2500011704968216,-152.68248722387892
108.05,0.24693502839041925,-153.40962004228308
108.1,0.24383959418772932,-154.12932823018394
108.15,0.24071562199169305,-154.8412878889702
108.2,0.2375639154752776,-155.54515689889018
108.25,0.23438532853251853,-156.24057369305436
108.3,0.23118076590651612,-156.92715593757927
108.35,0.22795118380023327,-157.60449911018378
108.4,0.22469759047715437,-158.2721749689312
108.45,0.22142104686011307,-158.92972990216833
108.5,0.21812266713802542,-159.57668315003997
108.55,0.2148036193917424,-160.21252488725614
108.6,0.2114651262518357,-160.83671415607787
108.65,0.2081084656028704,-161.44867663776316
108.7,0.20473497135056282,-162.04780225000823
108.75,0.20134603427019274,-162.63344255724127
108.8,0.1979431029567786,-163.20490798000702
108.85,0.19452768489973649,-163.76146478917062
108.9,0.19110134770720444,-164.30233187029663
108.95,0.1876657205076767,-164.8266772434162
109.0,0.18422249555936587,-165.33361432354064
109.05,0.18077343010049235,-165.82219790783984
109.1,0.17732034847666084,-166.29141987651755
109.15,0.17386514458455998,-166.7402045962426
109.2,0.17040978467434667,-167.16740401777656
109.25,0.16695631055621296,-167.57179246345336
109.3,0.1635068432597548,-167.95206110575322
109.35,0.16006358719764072,-168.3068121458258
109.4,0.15662883488771123,-168.63455271100327
109.45,0.15320497228969146,-168.9336885037529
109.5,0.1497944848139652,-169.2025172520006
109.55,0.14639996405994019,-169.4392220332862
109.6,0.1430241153399164,-169.64186457400046
109.65,0.13966976604044837,-169.80837866141246
109.7,0.13633987486611443,-169.93656385199336
109.75,0.13303754199925039,-170.02407971655828
109.8,0.1297660201923647,-170.06844093310622
109.85,0.12652872678574084,-170.06701362418485
109.9,0.12332925660927635,-170.01701343938296
109.95,0.12017139568224453,-169.91550600722599
110.0,0.1170591355645757,-169.75941052573845
110.05,0.11399668813494923,-169.5455074275065
110.1,0.1109885004707996,-169.27045124155322
110.15,0.10803926937943914,-168.93078997581532
110.2,0.10515395497420496,-168.52299255100343
110.25,0.10233779250219442,-168.04348601292668
110.3,0.09959630140978235,-167.48870441089858
110.35,0.09693529038099308,-166.85515131807605
110.4,0.09436085680918727,-166.13947793536403
110.45,0.09187937887904173,-165.3385784989577
110.5,0.08949749816787154,-164.44970422404108
110.55,0.08722209046022024,-163.47059617651144
110.6,0.08506022235848323,-162.39963618630202
110.65,0.08301909133131148,-161.23601313766616
110.7,0.0811059471473517,-159.97989968189353
110.75,0.07932799327414512,-158.632631692228
110.8,0.07769226784799195,-157.1968798212585
110.85,0.07620550527316193,-155.67679968594905
110.9,0.07487398136041172,-154.0781450123155
110.95,0.0737033470509866,-152.408327153632
111.0,0.07269845797643479,-150.67640539583172
111.05,0.0718632090631179,-148.8929958673725
111.1,0.07120038472934645,-147.07009280860643
111.15,0.07071153557849227,-145.22080403386315
111.2,0.07039689160143094,-143.35901165798234
111.25,0.07025531969754698,-141.4989781037651
111.3,0.07028432998620253,-139.65492442429445
111.35,0.07048013133385199,-137.8406116640804
111.4,0.07083773235534475,-136.06895557349227
111.45,0.07135108048526904,-134.35170056891903
111.5,0.07201322907148723,-132.69917131550116
111.55,0.0728165211147201,-131.12011117964104
111.6,0.07375277829936443,-129.6216076834158
111.65,0.07481348513227674,-128.2090973724547
111.7,0.07598995997588476,-126.88643705132293
111.75,0.07727350712530065,-125.65602542861465
111.8,0.0786555464670563,-124.51895863303521
111.85,0.08012771939279355,-123.47520427998451
111.9,0.08168197135996566,-122.52378113331012
111.95,0.08331061273272049,-121.66293430203709
112.0,0.08500636031803073,-120.89029884881394
112.05,0.08676236240181759,-120.20304733913483
112.1,0.0885722101764325,-119.59801905333373
112.15,0.09042993832493594,-119.0718302613818
112.2,0.09233001726948464,-118.62096614771932
112.25,0.09426733926498801,-118.24185573837875
112.3,0.09623720017169887,-117.93093161181127
112.35,0.09823527840329553,-117.68467635414527
112.4,0.10025761223886558,-117.49965772538862
112.45,0.10230057641766291,-117.37255439730176
112.5,0.10436085870748532,-117.30017395370665
112.55,0.10643543694980039,-117.27946464396388
112.6,0.1085215569339657,-117.30752217340505
112.65,0.11061671133418229,-117.38159261536012
112.7,0.11271861985138991,-117.49907234656658
112.75,0.11482521063327933,-117.65750574530945
112.8,0.11693460299466626,-117.85458125086294
112.85,0.1190450914238807,-118.0881262631563
112.9,0.12115513083541084,-118.35610126143236
112.95,0.1232633230121616,-118.65659343794232
113.0,0.1253684041703378,-118.98781007513432
113.05,0.12746923357429965,-119.34807184010606
113.1,0.1295647831266976,-119.73580612626898
113.15,0.13165412785952935,-120.14954053731168
113.2,0.1337364372538352,-120.58789658109552
113.25,0.13581096731899253,-121.04958361964896
113.3,0.13787705336642567,-121.5333931048106
113.35,0.1399341034168703,-122.0381931163482
113.4,0.14198159218474743,-122.56292320974647
113.45,0.14401905558760658,-123.10658957367497
113.5,0.146046085732952,-123.66826049189989
113.55,0.14806232633880403,-124.24706210064842
113.6,0.15006746854828157,-124.84217442986746
113.65,0.15206124710207736,-125.45282771513723
113.7,0.1540434368360286,-126.07829896601159
113.75,0.1560138494741116,-126.71790877609041
113.8,0.1579723306899203,-127.3710183600379
113.85,0.15991875741232903,-128.03702680296493
113.9,0.16185303535332632,-128.71536850799103
113.95,0.16377509673812526,-129.4055108283365
114.0,0.16568489821956792,-130.10695187093427
114.05,0.16758241896055964,-130.81921845922773
114.1,0.16946765886983128,-131.54186424353753
114.15,0.1713406369777104,-132.27446794810365
114.2,0.1732013899398702,-133.0166317446154
114.25,0.17504997065813982,-133.76797974274305
114.3,0.176886447008492,-134.5281565888476
114.35,0.17871090066723483,-135.296826164686
114.4,0.18052342602727717,-136.07367037853302
114.45,0.1823241291970752,-136.85838804170646
114.5,0.18411312707553373,-137.6506938240227
114.55,0.1858905464967578,-138.45031728219865
114.6,0.18765652343907815,-139.25700195568422
114.65,0.1894112022932855,-140.07050452483978
114.7,0.19115473518542364,-140.89059402676665
114.75,0.1928872813499399,-141.71705112447535
114.8,0.19460900654931038,-142.54966742540557
114.85,0.19632008253659988,-143.38824484563284
114.9,0.19802068655773183,-144.23259501638424
114.95,0.19971100089048832,-145.08253872974663
115.0,0.20139121241751712,-145.93790542070371
115.05,0.2030615122308483,-146.79853268285584
115.1,0.2047220952656071,-147.66426581538346
115.15,0.20637315996082417,-148.53495739901123
115.2,0.2080149079453661,-149.41046689889643
115.25,0.20964754374721514,-150.29066029253167
115.3,0.21127127452442038,-151.175409720896
115.35,0.2128863098161863,-152.06459316122258
115.4,0.21449286131269266,-152.95809411988049
115.45,0.21609114264231394,-153.85580134397586
115.5,0.21768136917504924,-154.7576085503901
115.55,0.2192637578409958,-155.66341417106133
115.6,0.22083852696286072,-156.57312111341056
115.65,0.22240589610150868,-157.48663653489314
115.7,0.2239660859136513,-158.40387163072938
115.75,0.22551931802083477,-159.32474143394302
115.8,0.22706581488894387,-160.24916462689532
115.85,0.2286057997174863,-161.17706336355883
115.9,0.23013949633796713,-162.1083631018392
115.95,0.23166712912073,-163.04299244529088
116.0,0.2331889228896538,-163.98088299362868
116.05,0.23470510284414955,-164.92196920147418
116.1,0.2362158944879298,-165.8661882448154
116.15,0.23772152356405973,-166.8134798946976
116.2,0.23922221599582444,-167.7637863976927
116.25,0.2407181978329683,-168.71705236273002
116.3,0.24220969520291605,-169.67322465389648
116.35,0.2436969342665528,-170.6322522888388
116.4,0.2451801411782284,-171.59408634243323
116.45,0.24665954204961493,-172.55867985540036
116.5,0.24813536291709745,-173.52598774757365
116.55,0.24960782971238402,-174.49596673554177
116.6,0.2510771682360233,-175.46857525440723
116.65,0.2525436041335593,-176.44377338342022
116.7,0.2540073628740428,-177.42152277526077
116.75,0.25546866973063637,-178.40178658875894
116.8,0.2569277497630621,-179.38452942485532
116.85,0.25838482780165156,179.63028273438647
116.9,0.25984012843276116,178.64268258388557
116.95,0.261293875985322,177.65270155093378
117.0,0.26274629451831916,176.66036984801806
117.05,0.2641976078089626,175.66571652322617
117.1,0.26564803934136116,174.66876950836166
117.15,0.2670978122954839,173.6695556649007
117.2,0.2685471495362037,172.66810082790977
117.25,0.269996273602232,171.66442984802885
117.3,0.2714454066947455,170.65856663163476
117.35,0.2728947706655089,169.6505341792753
117.4,0.2743445870042945,168.64035462247273
117.45,0.2757950768254113,167.62804925898212
117.5,0.2772464608531567,166.61363858658416
117.55,0.2786989594059679,165.5971423354974
117.6,0.2801527923791179,164.578579499474
117.65,0.2816081792257195,163.55796836565634
117.7,0.2830653389358608,162.53532654325548
117.75,0.2845244900136685,161.51067099111077
117.8,0.2859858504520732,160.4840180441971
117.85,0.2874496377050973,159.4553834391228
117.9,0.2889160686574173,158.42478233868104
117.95,0.2903853595910133,157.39222935549813
118.0,0.2918577261486582,156.35773857482215
118.05,0.2933333832940218,155.321323576506
118.1,0.29481254526816864,154.28299745621305
118.15,0.29629542554218263,153.24277284589564
118.2,0.2977822367656826,152.20066193357772
118.25,0.2992731907109743,151.15667648247666
118.3,0.3007684982125634,150.11082784950196
118.35,0.3022683691017574,149.06312700315584
118.4,0.30377301213608093,148.0135845408708
118.45,0.30528263492320135,146.96221070581197
118.5,0.3067974438390748,145.90901540316514
118.55,0.3083176439399882,144.85400821594592
118.6,0.30984343886818616,143.7971984203429
118.65,0.3113750307507403,142.73859500062744
118.7,0.3129126200913178,141.67820666364537
118.75,0.3144564056545043,140.61604185291242
118.8,0.3160065843422984,139.55210876233528
118.85,0.31756335106240413,138.4864153495731
118.9,0.3191268985879302,137.41896934905938
118.95,0.3206974174080919,136.34977828470053
119.0,0.32227509556949707,135.27884948226355
119.05,0.3238601185075806,134.20619008147398
119.1,0.32545266886775764,133.13180704783042
119.15,0.3270529263158217,132.05570718415558
119.2,0.3286610673371394,130.9778971418932
119.25,0.3302772650241468,129.8983834321609
119.3,0.33190168885164895,128.81717243657602
119.35,0.333534504439443,127.73427041785754
119.4,0.33517587330171356,126.6496835302205
119.45,0.33682595258269465,125.56341782956935
119.5,0.33848489477806376,124.47547928349694
119.55,0.34015284744149066,123.38587378110412
119.6,0.34182995287582146,122.29460714263945
119.65,0.34351634780830953,121.20168512897166
119.7,0.3452121630493249,120.10711345090348
119.75,0.3469175231339803,119.01089777832418
119.8,0.3486325459460808,117.91304374921911
119.85,0.35035734232383314,116.81355697852993
119.9,0.352092015646724,115.71244306687937
119.95,0.35383666140300635,114.60970760916223
120.0,0.3555913667372137,113.50535620300379
120.05,0.35735620997716616,112.39939445709537
120.1,0.3591312601398984,111.29182799940682
120.15,0.3609165764160163,110.1826624852789
120.2,0.3627122076319433,109.07190360540253
120.25,0.3645181916896154,107.95955709368124
120.3,0.36633455498314443,106.84562873498504
120.35,0.36816131179206496,105.73012437279552
120.4,0.36999846365079714,104.61304991674044
120.45,0.37184599869399043,103.49441135002677
120.5,0.37370389097752627,102.3742147367633
120.55,0.37557209977494194,101.25246622918482
120.6,0.3774505688492021,100.12917207476961
120.65,0.3793392256997547,99.00433862325265
120.7,0.3812379807849345,97.8779723335394
120.75,0.3831467267198737,96.75007978051198
120.8,0.38506533745020693,95.620667661734
120.85,0.3869936674019472,94.48974280405159
120.9,0.3889315506080927,93.35731217008532
120.95,0.3908787998126506,92.22338286462086
121.0,0.39283520555292933,91.08796214088638
121.05,0.3948005352211468,89.95105740672493
121.1,0.3967745321065708,88.81267623065432
121.15,0.39875691441965694,87.67282634781202
121.2,0.4007473742998485,86.53151566578933
121.25,0.40274557680893946,85.38875227034363
121.3,0.404751158912202,84.24454443099441
121.35,0.4067637284497243,83.09890060649549
121.4,0.408782863100706,81.95182945018239
121.45,0.4108081093437758,80.80333981519279
121.5,0.41283898141674713,79.65344075955402
121.55,0.41487496027953963,78.50214155113858
121.6,0.4169154925843595,77.34945167248307
121.65,0.4189599896576592,76.19538082546256
121.7,0.4210078264987248,75.039938935827
121.75,0.4230583408001904,73.88313615758426
121.8,0.4251108319961608,72.72498287723543
121.85,0.4271645603440889,71.56548971785588
121.9,0.42921874604693333,70.40466754301372
121.95,0.4312725684225943,69.24252746053172
122.0,0.43332516512804214,68.07908082607725
122.05,0.43537563144596564,66.91433924658575
122.1,0.43742301964220837,65.74831458351161
122.15,0.4394663384026484,64.58101895589475
122.2,0.4415045523585323,63.41246474325451
122.25,0.44353658170970783,62.242664588290275
122.3,0.44556130195539345,61.071631399397305
122.35,0.44757754374254843,59.8993783529884
122.4,0.449584092842006,58.72591889561681
122.45,0.45157969026278777,57.551266745902666
122.5,0.45356303251510516,56.37543589625036
122.55,0.45553277203258064,55.19844061436182
122.6,0.45748751776417074,54.02029544453869
122.65,0.4594258359461486,52.841015208767
122.7,0.4613462510642417,51.660615007588504
122.75,0.46324724701568104,50.47911022074799
122.8,0.46512726848043284,49.29651650761939
122.85,0.4669847225102863,48.11284980740517
122.9,0.4688179803437537,46.9281263391055
122.95,0.4706253794538192,45.74236260126016
123.0,0.4724052258346061,44.55557537145158
123.05,0.47415579653179474,43.36778170557769
123.1,0.4758753424203633,42.178998936886785
123.15,0.477562091231692,40.989244674771236
123.2,0.4792142508304755,39.798536803324765
123.25,0.4808300127400925,38.60689347965682
123.3,0.4824075559131963,37.41433313196649
123.35,0.483945050742221,36.22087445737438
123.4,0.4854406633023597,35.02653641951247
123.45,0.48689255981732615,33.831338245871535
123.5,0.48829891133584563,32.63529942490614
123.55,0.4896578986044732,31.4384397028998
123.6,0.49096771711987286,30.240779080589395
123.65,0.49222658234129957,29.04233780955214
123.7,0.4934327350415982,27.843136388353642
123.75,0.49458444677273483,26.643195558460373
123.8,0.4956800254195639,25.442536299922082
123.85,0.4967178208134987,24.24117982682074
123.9,0.49769623037574695,23.039147582495243
123.95,0.4986137047580667,21.83646123453944
124.0,0.4994687534474762,20.633142669579748
124.05,0.5002599503001173,19.429213987838672
124.1,0.5009859389685963,18.224697497483305
124.15,0.501645438186466,17.019615708769084
124.2,0.5022372468733538,15.813991327978856
124.25,0.5027602490243943,14.607847251163701
124.3,0.5032134183481017,13.40120655769511
124.35,0.5035958226179125,12.194092503628957
124.4,0.5039066277038627,10.986528514891637
124.45,0.5041451012527481,9.778538180291381
124.5,0.5043106159872089,8.570145244363937
124.55,0.5044026525968051,7.361373600060404
124.6,0.5044208021969535,6.152247281282045
124.65,0.5043647683349227,4.942790455271809
124.7,0.5042343685255111,3.7330274148705276
124.75,0.5040295353027971,2.5229825706430025
124.8,0.5037503167783128,1.3126804428872667
124.85,0.5033968767000084,0.10214565353145312
124.9,0.5029694940105853,-1.1085970820692344
124.95,0.5024685619079382,-2.3195229634311296
125.0,0.501894586414583,-3.530607113323179
125.05,0.5012481844670463,-4.7418245862212824
125.1,0.5005300815400742,-5.953150376828473
125.15,0.49974110882429684,-7.164559428650449
125.2,0.49888219997941513,-8.37602664261333
125.25,0.4979543874881973,-9.587526885722824
125.3,0.4969587986394544,-10.799034999743485
125.35,0.49589665117064996,-12.010525809895533
125.4,0.4947692486029384,-13.221974133557676
125.45,0.49357797530316555,-14.433354788961761
125.5,0.4923242913086521,-15.644642603880309
125.55,0.4910097269515013,-16.855812424280924
125.6,0.4896358773196692,-18.06683912295008
125.65,0.488204396592062,-19.277697608073225
125.7,0.48671699228469034,-20.488362831754742
125.75,0.4851754194441642,-21.698809798482056
125.8,0.48358147482388775,-22.909013573506815
125.85,0.4819369910768644,-24.118949291147313
125.9,0.48024383099753687,-25.328592162996294
125.95,0.4785038818431842,-26.537917486023016
126.0,0.4767190497633136,-27.74690065057039
126.05,0.4748912543633499,-28.955517148224104
126.1,0.4730224234264949,-30.163742579555542
126.15,0.471114487815221,-31.37155266172613
126.2,0.4691693765713802,-32.57892323594206
126.25,0.4671890122313355,-33.78583027476033
126.3,0.46517530637005394,-34.99224988922626
126.35,0.46313015538562935,-36.19815833584192
126.4,0.46105543653321324,-37.4035320233599
126.45,0.45895300421513086,-38.6083475193854
126.5,0.4568246865316133,-39.81258155679612
126.55,0.45467228209458954,-41.0162110399551
126.6,0.4524975571049265,-42.21921305072412
126.65,0.4503022426917941,-43.42156485426511
126.7,0.44808803251108603,-44.62324390462294
126.75,0.4458565805983697,-45.82422785009357
126.8,0.4436094994705039,-47.02449453835907
126.85,0.4413483584688897,-48.224022021393694
126.9,0.43907468233624686,-49.42278856013633
126.95,0.43678995001803456,-50.62077262891931
127.0,0.4344955936788088,-51.81795291965894
127.05,0.4321929979233398,-53.01430834579591
127.1,0.4298834992117645,-54.20981804598653
127.15,0.42756838545783304,-55.40446138754122
127.2,0.42524889579898345,-56.59821796960805
127.25,0.4229262205270106,-57.791067626099355
127.3,0.42060150116795914,-58.98299042835961
127.35,0.41827583070007557,-60.173966687569084
127.4,0.41595025389868406,-61.36397695689113
127.45,0.4136257677972158,-62.55300203334745
127.5,0.4113033222537269,-63.74102295944055
127.55,0.40898382061276534,-64.92802102450273
127.6,0.4066681204526516,-66.11397776578148
127.65,0.4043570344087139,-67.29887496926588
127.7,0.4020513310634745,-68.48269467023687
127.75,0.39975173589511925,-69.66541915356811
127.8,0.3974589322762167,-70.8470309537486
127.85,0.3951735625149001,-72.02751285465179
127.9,0.39289622893144477,-73.20684788903785
127.95,0.39062749496339066,-74.38501933779631
128.0,0.38836788629305086,-75.5620107289296
128.05,0.38611789199152474,-76.7378058362795
128.1,0.38387796567393107,-77.91238867798843
128.15,0.3816485266608454,-79.08574351472308
128.2,0.37942996114157357,-80.25785484762011
128.25,0.3772226233349734,-81.4287074160079
128.3,0.3750268366443218,-82.5982861948513
128.35,0.3728428948026886,-83.76657639196888
128.4,0.37067106300593144,-84.93356344499944
128.45,0.36851157903063203,-86.09923301811119
128.5,0.36636465433453275,-87.26357099849444
128.55,0.3642304751375268,-88.42656349258523
128.6,0.3621092034812853,-89.58819682207452
128.65,0.36000097826606103,-90.74845751967145
128.7,0.3579059162633163,-91.90733232462708
128.75,0.3558241131031026,-93.06480817803805
128.8,0.35375564423528144,-94.2208722179067
128.85,0.3517005658639122,-95.37551177397731
128.9,0.34965891585421255,-96.5287143623517
128.95,0.34763071461178524,-97.68046767985767
129.0,0.3456159659337609,-98.83075959821844
129.05,0.3436146578318691,-99.97957815797004
129.1,0.3416267633272906,-101.12691156217579
129.15,0.3396522412174933,-102.2727481699085
129.2,0.3376910368151955,-103.41707648950468
129.25,0.335743082659706,-104.55988517160827
129.3,0.33380829920104604,-105.70116300197377
129.35,0.3318865954571541,-106.84089889406086
129.4,0.329977869644727,-107.97908188139724
129.45,0.3280820097841282,-109.11570110971113
129.5,0.32619889427894455,-110.25074582884626
129.55,0.3243283924707392,-111.38420538443674
129.6,0.32247036516963357,-112.51606920935465
129.65,0.32062466516127863,-113.64632681493126
129.7,0.31879113769096445,-114.77496778191984
129.75,0.31696962092538516,-115.901981751244
129.8,0.3151599463928558,-117.02735841447506
129.85,0.3133619394025474,-118.15108750407835
129.9,0.31157541944346706,-119.27315878339961
129.95,0.30980020056383695,-120.39356203638258
130.0,0.3080360917315481,-121.51228705703568
130.05,0.3062828971763375,-122.62932363861003
130.1,0.3045404167143612,-123.7446615625061
130.15,0.30280844605580226,-124.85829058689198
130.2,0.3010867770961527,-125.97020043501523
130.25,0.2993751981918065,-127.08038078322053
130.3,0.2976734944205579,-128.18882124863717
130.35,0.29598144782764124,-129.29551137654457
130.4,0.29429883765784176,-130.40044062740395
130.45,0.29262544057434586,-131.50359836351683
130.5,0.2909610308647708,-132.60497383534215
130.55,0.28930538063504263,-133.70455616740625
130.6,0.28765825999154326,-134.8023343438342
130.65,0.2860194372121145,-135.89829719345752
130.7,0.284388678906389,-136.99243337448732
130.75,0.2827657501659348,-138.08473135874246
130.8,0.2811504147046765,-139.1751794153958
130.85,0.279542434990072,-140.26376559422957
130.9,0.27794157236543043,-141.35047770837903
130.95,0.2763475871638731,-142.4353033165151
131.0,0.2747602388142786,-143.51822970447637
131.05,0.27317928593963686,-144.59924386628683
131.1,0.2716044864482103,-145.67833248455133
131.15,0.27003559761782486,-146.75548191019678
131.2,0.2684723761737286,-147.8306781414983
131.25,0.26691457836025534,-148.90390680239975
131.3,0.2653619600067423,-149.97515312003785
131.35,0.2638142765879195,-151.04440190147423
131.4,0.2622712832791739,-152.11163750956567
131.45,0.260732735006913,-153.17684383792664
131.5,0.25919838649438026,-154.2400042849517
131.55,0.2576679923031604,-155.30110172682248
131.6,0.25614130687068415,-156.36011848946276
131.65,0.2546180845439592,-157.4170363193718
131.7,0.2530980796098468,-158.47183635326783
131.75,0.25158104632204586,-159.5244990864952
131.8,0.25006673892513015,-160.57500434009017
131.85,0.24855491167580188,-161.6233312264614
131.9,0.24704531886161948,-162.6694581135844
131.95,0.24553771481745787,-163.7133625876214
132.0,0.24403185393985724,-164.75502141389498
132.05,0.2425274906995756,-165.7944104960797
132.1,0.24102437965245888,-166.83150483354925
132.15,0.239522275448949,-167.86627847672824
132.2,0.2380209328423496,-168.8987044803512
132.25,0.23652010669613246,-169.9287548544951
132.3,0.23501955199046062,-170.95640051323758
132.35,0.233519023828166,-171.9816112208093
132.4,0.2320182774403537,-173.00435553507347
132.45,0.2305170681919198,-174.02460074815937
132.5,0.22901515158711386,-175.04231282408966
132.55,0.22751228327545303,-176.05745633317613
132.6,0.22600821905815813,-177.0699943830086
132.65,0.22450271489535323,-178.07988854579594
132.7,0.2229955269143041,-179.08709878181847
132.75,0.22148641141886255,179.90841664124346
132.8,0.21997512490048537,178.9067012334139
132.85,0.2184614240509555,177.90780037221683
132.9,0.21694506577719927,176.91176139751377
132.95,0.2154258072184047,175.9186337117062
133.0,0.21390340576578162,174.9284688856756
133.05,0.21237761908525757,173.9413207708682
133.1,0.2108482051434523,172.95724561793884
133.15,0.2093149222372594,171.97630220242436
133.2,0.20777752902744223,170.99855195795163
133.25,0.20623578457657213,170.02405911749707
133.3,0.20468944839180458,169.0528908633167
133.35,0.2031382804728517,168.08511748613594
133.4,0.2015820413656913,167.1208125543149
133.45,0.20002049222248186,166.16005309371553
133.5,0.1984533948682157,165.20291977905853
133.55,0.19688051187473896,164.2494971376728
133.6,0.1953016066426823,163.29987376653904
133.65,0.19371644349206255,162.35414256368858
133.7,0.19212478776219852,161.41240097504692
133.75,0.19052640592177833,160.47475125794094
133.8,0.18892106568988967,159.5413007625947
133.85,0.18730853616894474,158.6121622330371
133.9,0.18568858799046684,157.68745412899534
133.95,0.1840609934748619,156.7673009704863
134.0,0.18242552680626342,155.8518337069515
134.05,0.18078196422383552,154.9411901130055
134.1,0.17913008423079563,154.03551521298687
134.15,0.17746966782278023,153.1349617367855
134.2,0.17580049873714443,152.23969060959354
134.25,0.17412236372501547,151.34987147850927
134.3,0.17243505284812888,150.46568327922216
134.35,0.17073835980253763,149.58731484627035
134.4,0.1690320822716869,148.71496557077197
134.45,0.16731602231139994,147.84884610986626
134.5,0.1655899867697305,146.9891791525492
134.55,0.1638537877448419,146.13620024706523
134.6,0.16210724308446858,145.29015869552103
134.65,0.1603501769308305,144.45131852198872
134.7,0.15858242031537406,143.61995952101066
134.75,0.15680381180805458,142.7963783941118
134.8,0.15501419822658621,141.98088998277487
134.85,0.15321343541145346,141.1738286071544
134.9,0.15140138907340103,140.37554952085668
134.95,0.149577935720636,139.58643049316464
135.0,0.1477429636740208,138.80687353132237
135.05,0.14589637417939208,138.03730675685605
135.1,0.14403808262727813,137.27818645138663
135.15,0.14216801989154607,136.52999928908645
135.2,0.1402861337998608,135.79326477475536
135.25,0.13839239075053228,135.0685379085474
135.3,0.1364867774920632,134.35641210064068
135.35,0.13456930308386195,133.65752236161111
135.4,0.13264000105887336,132.97254879701944
135.45,0.13069893181170011,132.3022204376929
135.5,0.1287461852386789,131.64731944042398
135.55,0.12678188366015786,131.0086856973358
135.6,0.12480618505891795,130.38722189588378
135.65,0.12281928667357947,129.78389907547734
135.7,0.12082142899081151,129.199762730827
135.75,0.11881290018631309,128.6359395163644
135.8,0.11679404107122479,128.09364461029458
135.85,0.11476525060845623,127.57418980078546
135.9,0.11272699207213298,127.07899236029783
135.95,0.11067979993343766,126.60958477663463
136.0,0.10862428756726711,126.16762541045958
136.05,0.10656115588682809,125.7549101480587
136.1,0.10449120302737784,125.37338511393669
136.15,0.10241533521587114,125.02516049915101
136.2,0.10033457898041113,124.71252554617847
136.25,0.0982500948715814,124.43796470714912
136.3,0.09616319288728424,124.20417495620377
136.35,0.09407534981205812,124.0140841842071
136.4,0.0919882287011829,123.87087052950469
136.45,0.08990370075649526,123.77798239460093
136.5,0.08782386985338761,123.73915875633602
136.55,0.08575109998288709,123.75844918489459
136.6,0.08368804586459853,123.8402327305187
136.65,0.0816376869585548,123.9892344994557
136.7,0.07960336504758683,124.21053830304554
136.75,0.077588825463752,124.50959320553964
136.8,0.07559826187642613,124.89221109759204
136.85,0.07363636432438708,125.36455156924916
136.9,0.07170836983357042,125.93308934751461
136.95,0.0698201144858191,126.60455842273447
137.0,0.06797808515849466,127.38586578192039
137.05,0.0661894683103956,128.28396652957048
137.1,0.06446219212514288,129.30569134114594
137.15,0.06280495704538763,130.457517026607
137.2,0.061227248290402464,131.7452720066991
137.25,0.05973932247295639,133.17377140492115
137.3,0.0583521591511115,134.746382011436
137.35,0.05707736743326399,136.46452628934915
137.4,0.05592703810267449,138.32714719873192
137.45,0.05491353373344983,140.33017140398937
137.5,0.05404921348926673,142.46602554189454
137.55,0.05334609602861274,144.72327506653178
137.6,0.05281547293752457,147.0864625766181
137.65,0.052467495313650594,149.5362167561962
137.7,0.052310765586527114,152.04967994695778
137.75,0.05235197283109082,154.60126188980186
137.8,0.05259561028103692,157.16367534526898
137.85,0.053043807121697505,159.70915788244525
137.9,0.05369629346253457,162.21074729075633
137.95,0.054550500209072955,164.64346707140308
138.0,0.05560177824124964,166.98529681117046
138.05,0.05684370772456533,169.2178441174494
138.1,0.05826846109117837,171.3266876597165
138.15,0.059867182803489044,173.30141070058627
138.2,0.0616303542062869,175.13538083065484
138.25,0.06354812029629243,176.82535006333725
138.3,0.06561056467958142,178.3709513308576
138.35,0.06780792748887451,179.7741575654298
138.4,0.07013076755461613,-178.9612463149076
138.45,0.07257007438091641,-177.83014523911316
138.5,0.07511733769732704,-176.82651144410312
138.55,0.07776458301734035,-175.94375103513553
138.6,0.08050438125948456,-175.17498111332426
138.65,0.08332983953103433,-174.51324373477343
138.7,0.08623457897698229,-173.95166531153072
138.75,0.08921270437922794,-173.48357072385255
138.8,0.09225876907995922,-173.10256103033703
138.85,0.09536773785645837,-172.80256272034725
138.9,0.09853494960683476,-172.57785528024124
138.95,0.1017560811066225,-172.42308264598014
139.0,0.10502711264304171,-172.33325300352953
139.05,0.10834429600046429,-172.30373042878057
139.1,0.11170412503295332,-172.3302210460405
139.15,0.1151033088945501,-172.40875572333331
139.2,0.11853874788798038,-172.53567079734742
139.25,0.12200751182192435,-172.70758791103296
139.3,0.12550682072541783,-172.9213937320079
139.35,0.12903402774631578,-173.17422008150527
139.4,0.1325866040525592,-173.4634248254331
139.45,0.1361621255562493,-173.78657374770185
139.5,0.13975826128699081,-174.14142353050536
139.55,0.1433727632512574,-174.5259058979485
139.6,0.14700345762617056,-174.938112931633
139.65,0.15064823714872552,-175.37628353417412
139.7,0.15430505457378405,-175.83879099524933
139.75,0.1579719170862552,-176.32413160151182
139.8,0.1616468815638926,-176.83091422432642
139.85,0.16532805059766145,-177.35785081604925
139.9,0.1690135691857184,-177.90374774523323
139.95,0.17270162202577002,-178.4674979027234
140.0,0.17639043133787655,-179.0480735134851
140.05,0.1800782551566797,-179.64451959262288
140.1,0.18376338603787434,179.74405201187955
140.15,0.18744415012907892,179.1184680429682
140.2,0.19111890655999283,178.47949877390414
140.25,0.19478604711075811,177.82786250815124
140.3,0.19844399612128805,177.16422968077023
140.35,0.20209121060744714,176.48922659862106
140.4,0.20572618055306086,175.8034388532515
140.45,0.20934742934918085,175.10741443715315
140.5,0.2129535143546337,174.4016665911683
140.55,0.21654302755377966,173.68667640815403
140.6,0.2201145962896658,172.9628952155826
140.65,0.2236668840522613,172.23074675757067
140.7,0.22719859130345615,171.49062919482242
140.75,0.23070845632179118,170.74291693918042
140.8,0.234195256051593,169.9879623378548
140.85,0.23765780694239186,169.22609722092983
140.9,0.24109496576597128,168.45763432444176
140.95,0.2445056303995193,167.68286860012523
141.0,0.24788874056465587,166.90207842186214
141.05,0.25124327851324185,166.1155266979086
141.1,0.2545682696519202,165.32346189710663
141.15,0.25786278309849897,164.5261189965167
141.2,0.2611259321642004,163.72372035720358
141.25,0.26435687475692116,162.91647653427947
141.3,0.26755481370138945,162.1045870267444
141.35,0.2707189969732457,161.28824097214263
141.4,0.2738487178446622,160.4676177906141
141.45,0.27694331494017493,159.64288778248164
141.5,0.28000217220195267,158.81421268315705
141.55,0.2830247187646168,157.98174617880375
141.6,0.2860104287402614,157.14563438588644
141.65,0.2889588209150497,156.30601629747062
141.7,0.2918694583592201,155.46302419887635
141.75,0.2947419479530035,154.616784055066
141.8,0.29757593983126734,153.7674158719506
141.85,0.30037112675021643,152.9150340335914
141.9,0.3031272433798698,152.05974761713503
141.95,0.30584406552622323,151.20166068714207
142.0,0.3085214092874672,150.34087257083985
142.05,0.3111591301486434,149.47747811571114
142.1,0.31375712201952727,148.61156793069492
142.15,0.3163153162204109,147.74322861219898
142.2,0.3188336804207993,146.8725429560009
142.25,0.32131221753586137,145.99959015604728
142.3,0.32375096458567953,145.12444599107167
142.35,0.32614999152216706,144.24718299987924
142.4,0.3285094000285844,143.36787064608504
142.45,0.33082932229641276,142.48657547303208
142.5,0.33310991978432913,141.60336124954898
142.55,0.33535138196376457,140.7182891071737
142.6,0.33755392505551646,139.83141766940707
142.65,0.3397177907616131,138.9428031735282
142.7,0.34184324499644403,138.05249958546125
142.75,0.3439305766210447,137.16055870814085
142.8,0.34598009618410025,136.2670302838071
142.85,0.3479921346731309,135.37196209060278
142.9,0.34996704227896036,134.47540003385419
142.95,0.3519051871764949,133.57738823235448
143.0,0.35380695432443793,132.67796909997242
143.05,0.35567274428649487,131.7771834228716
143.1,0.35750297207626164,130.8750704326101
143.15,0.35929806602785513,129.97166787537384
143.2,0.36105846669404634,129.0670120775799
143.25,0.36278462577352266,128.16113800805817
143.3,0.3644770050685896,127.25407933703144
143.35,0.36613607547455435,126.34586849206379
143.4,0.3677623160016927,125.43653671117183
143.45,0.36935621283061787,124.5261140932561
143.5,0.37091825840168885,123.61462964600491
143.55,0.3724489505388364,122.70211133142614
143.6,0.3739487916081803,121.78858610912505
143.65,0.3754182877114979,120.87407997747502
143.7,0.3768579479146234,119.95861801278208
143.75,0.3782682835105992,119.04222440656704
143.8,0.37964980731740144,118.12492250106169
143.85,0.3810030330098488,117.20673482301943
143.9,0.3823284744853189,116.28768311593277
143.95,0.3836266452626724,115.3677883707436
144.0,0.38489805791388093,114.44707085512351
144.05,0.38614322352760383,113.52555014140945
144.1,0.3873626512040551,112.60324513325016
144.15,0.3885568475803286,111.6801740910491
144.2,0.3897263163854013,110.75635465625221
144.25,0.39087155802391865,109.83180387454821
144.3,0.3919930691878789,108.90653821803521
144.35,0.39309134249532374,107.98057360640458
144.4,0.3941668661550423,107.05392542719376
144.45,0.3952201236564084,106.12660855515415
144.5,0.3962515934833151,105.19863737078065
144.55,0.3972617488513274,104.27002577803869
144.6,0.3982510574669952,103.34078722133691
144.65,0.39921998130845576,102.41093470177012
144.7,0.40016897642630467,101.4804807926838
144.75,0.4010984927638373,100.54943765457749
144.8,0.4020089739956937,99.61781704939057
144.85,0.4029008573840262,98.68563035419264
144.9,0.4037745736512614,97.75288857430921
144.95,0.4046305468686078,96.81960235590877
145.0,0.4054691943594124,95.88578199807984
145.05,0.40629092661656796,94.9514374644136
145.1,0.40709614723314014,94.01657839412574
145.15,0.40788525284540833,93.08121411272761
145.2,0.40865863308759826,92.14535364227453
145.25,0.4094166705575187,91.20900571121115
145.3,0.41015974079242207,90.27217876382247
145.35,0.4108882122543745,89.33488096932395
145.4,0.41160244632450516,88.397120230587
145.45,0.4123027973054516,87.45890419253637
145.5,0.4129896124314379,86.52024025021689
145.55,0.41366323188535664,85.58113555655571
145.6,0.4143239888223234,84.64159702982654
145.65,0.4149722093991473,83.7016313608303
145.7,0.415608212809215,82.76124501980522
145.75,0.41623231132229344,81.82044426307968
145.8,0.41684481032877985,80.87923513947158
145.85,0.4174460083879718,79.93762349645742
145.9,0.41803619727990976,78.9956149861027
145.95,0.41861566206041845,78.0532150707835
146.0,0.4191846811189299,77.11042902869339
146.05,0.4197435262387699,76.16726195914853
146.1,0.4202924626595199,75.22371878770562
146.15,0.42083174914117827,74.27980427108538
146.2,0.42136163802976256,73.33552300192862
146.25,0.4218823753241039,72.39087941337324
146.3,0.4223942007435366,71.44587778347395
146.35,0.42289734779623583,70.50052223946116
146.4,0.4233920438479482,69.55481676184927
146.45,0.42387851019090256,68.60876518839953
146.5,0.42435696211265955,67.6623712179461
146.55,0.4248276089647202,66.71563841408265
146.6,0.4252906542306856,65.76857020872772
146.65,0.4257462955938041,64.82116990555645
146.7,0.42619472500369915,63.87344068332072
146.75,0.4266361287421744,62.92538559905054
146.8,0.4270706874878942,61.977007591144925
146.85,0.4274985763798251,61.02830948236086
146.9,0.42791996507930713,60.07929398269
146.95,0.4283350178306111,59.129963692147584
147.0,0.42874389351989,58.18032110345751
147.05,0.4291467457323943,57.23036860465147
147.1,0.42954372280785674,56.280108481576846
147.15,0.42993496789395325,55.329542920319035
147.2,0.43032061899773627,54.37867400954163
147.25,0.4307008090349686,53.42750374275051
147.3,0.43107566587726837,52.47603402047446
147.35,0.43144531239698297,51.52426665238254
147.4,0.43180986650973874,50.57220335931602
147.45,0.43216944121457496,49.61984577526471
147.5,0.432524144631614,48.66719544926783
147.55,0.43287408003719724,47.71425384725552
147.6,0.433219345896435,46.761022353826604
147.65,0.4335600358931054,45.807502273963756
147.7,0.4338962389568562,44.853694834695894
147.75,0.4342280392876599,43.89960118669844
147.8,0.43455551637746526,42.9452224058447
147.85,0.43487874502900487,41.990559494701046
147.9,0.4351977953717092,41.03561338397194
147.95,0.4355127328746913,40.08038493389515
148.0,0.435823618356742,39.12487493559198
148.05,0.4361305079933239,38.16908411236669
148.1,0.4364334533204801,37.21301312096726
148.15,0.4367325012356767,36.25666255279369
148.2,0.43702769399547053,35.3000329350742
148.25,0.43731906921004143,34.34312473199229
148.3,0.4376066598344768,33.385938345779834
148.35,0.4378904941568399,32.428474117769106
148.4,0.4381705957829243,31.47073232940537
148.45,0.43844698361771683,30.512713203228532
148.5,0.4387196718434865,29.55441690381352
148.55,0.4389886698945023,28.595843538681308
148.6,0.43925398242831654,27.636993159173652
148.65,0.43951560929360234,26.677865761295866
148.7,0.43977354549450776,25.71846128652729
148.75,0.440027781151486,24.758779622604848
148.8,0.44027830145858127,23.798820604269427
148.85,0.44052508663713713,22.83858401399286
148.9,0.44076811188589754,21.878069582665088
148.95,0.4410073473274786,20.917276990263534
149.0,0.4412427579511657,19.95620586648882
149.05,0.44147430355204265,18.994855791378047
149.1,0.4417019386663996,18.033226295890405
149.15,0.4419256125034104,17.071316862466983
149.2,0.44214526887306654,16.109126925566688
149.25,0.4423608461103346,15.14665587217847
149.3,0.4425722769955388,14.183903042309565
149.35,0.4427794886709402,13.220867729450799
149.4,0.4429824025535188,12.257549181017719
149.45,0.44318093424394583,11.2939465987711
149.5,0.44337499343174425,10.330059139215951
149.55,0.44356448379664914,9.36588591397589
149.6,0.4437493029061529,8.401425990153683
149.65,0.4439293421092947,7.436678390659921
149.7,0.4441044864266503,6.471642094532858
149.75,0.44427461443660676,5.506316037229535
149.8,0.4444395981579186,4.5406991109027
149.85,0.44459930292859545,3.5747901646557505
149.9,0.44475358728117587,2.608588004777977
149.95,0.44490230281443116,1.6420913949613483
150.0,0.44504529406158255,0.6752990565007067
150.05,0.4451823983550943,-0.29179033152926753
150.1,0.44531344568814296,-1.2591781321099231
150.15,0.44543825857285313,-2.2268657501369975
150.2,0.44555665189542226,-3.194854632297033
150.25,0.44566843276827406,-4.163146266957447
150.3,0.44577340037934404,-5.131742184080806
150.35,0.44587134583871085,-6.100643955148112
150.4,0.44596205202271255,-7.069853193113675
150.45,0.4460452934157488,-8.039371552358837
150.5,0.4461208359500127,-9.009200728682103
150.55,0.44618843684335247,-9.979342459293255
150.6,0.4462478444355441,-10.949798522830683
150.65,0.44629879802325817,-11.920570739398691
150.7,0.44634102769402273,-12.891660970614442
150.75,0.44637425415952414,-13.863071119680573
150.8,0.4463981885886082,-14.834803131473231
150.85,0.4464125324403741,-15.80685899264122
150.9,0.4464169772977946,-16.779240731738344
150.95,0.44641120470231366,-17.751950419355015
151.0,0.44639488598992144,-18.724990168282254
151.05,0.44636768212923666,-19.69836213368941
151.1,0.4463292435621646,-20.672068513315136
151.15,0.4462792100477382,-21.646111547690904
151.2,0.4462172105098076,-22.620493520363873
151.25,0.44614286288924887,-23.595216758158788
151.3,0.44605577400146273,-24.570283631445143
151.35,0.4459555393999173,-25.545696554430037
151.4,0.44584174324659503,-26.521457985473617
151.45,0.44571395819022935,-27.497570427416445
151.5,0.4455717452532442,-28.474036427937033
151.55,0.4454146537284104,-29.45085857992614
151.6,0.44524222108626066,-30.428039521879246
151.65,0.4450539728943379,-31.405581938323273
151.7,0.4448494227494612,-32.38348856024759
151.75,0.4446280722241946,-33.36176216557667
151.8,0.4443894108288011,-34.34040557965497
151.85,0.4441329159899978,-35.31942167575594
151.9,0.44385805304788645,-36.298813375627795
151.95,0.4435642752725109,-37.27858365004602
152.0,0.443251023901502,-38.25873551941131
152.05,0.44291772820039826,-39.2392720543606
152.1,0.44256380554717706,-40.220196376411934
152.15,0.44218866154269615,-41.201511658640506
152.2,0.44179169014869896,-42.18322112637597
152.25,0.4413722738551292,-43.16532805793808
152.3,0.4409297838785141,-44.147835785402286
152.35,0.4404635803932447,-45.13074769539125
152.4,0.43997301279754086,-46.11406722991387
152.45,0.43945742001599586,-47.097797887220274
152.5,0.43891613084052616,-48.08194322271193
152.55,0.43834846431163577,-49.06650684987507
152.6,0.43775373014181856,-50.051492441258276
152.65,0.437131229182978,-51.03690372949454
152.7,0.43648025393969625,-52.02274450835212
152.75,0.43580008913009677,-53.009018633844796
152.8,0.43509001229609573,-53.99573002537408
152.85,0.4343492944646759,-54.982882666924155
152.9,0.4335772008617789,-55.97048060830673
152.95,0.4327729916803312,-56.95852796645062
153.0,0.4319359229037642,-57.94702892674997
153.05,0.43106524718628325,-58.935987744466054
153.1,0.4301602147909895,-59.92540874618016
153.15,0.4292200745867608,-60.91529633132047
153.2,0.4282440751046626,-61.90565497373214
153.25,0.42723146565434716,-62.89648922333109
153.3,0.4261814975007951,-63.88780370781306
153.35,0.42509342510135417,-64.87960313443827
153.4,0.4239665074028739,-65.87189229189616
153.45,0.42280000919834393,-66.8646760522333
153.5,0.4215932025421566,-67.85795937288098
153.55,0.4203453682227677,-68.85174729875476
153.6,0.4190557972911472,-69.84604496444871
153.65,0.4177237926430207,-70.84085759652616
153.7,0.4163486706525312,-71.83619051590222
153.75,0.4149297628544647,-72.83204914033686
153.8,0.4134664176717894,-73.82843898703359
153.85,0.41195800218482614,-74.82536567534788
153.9,0.41040390393779586,-75.82283492962885
153.95,0.40880353277820386,-76.82085258216813
154.0,0.4071563227238368,-77.81942457630043
154.05,0.4054617338518716,-78.81855696963119
154.1,0.40371925420397026,-79.8182559374156
154.15,0.4019284017008806,-80.81852777609703
154.2,0.40008872605957646,-81.81937890699975
154.25,0.39819981070552873,-82.8208158802051
154.3,0.3962612746723414,-83.82284537860038
154.35,0.3942727744805626,-84.82547422212573
154.4,0.39223400598717667,-85.82870937222596
154.45,0.39014470619697245,-86.83255793650856
154.5,0.38800465502672865,-87.83702717363816
154.55,0.3858136770129427,-88.8421244984683
154.6,0.3835716429537394,-89.847857487422
154.65,0.3812784714753894,-90.85423388415568
154.7,0.3789341305140333,-91.86126160548943
154.75,0.3765386387030368,-92.86894874765946
154.8,0.3740920666567396,-93.87730359287804
154.85,0.3715945381413878,-94.8863346162396
154.9,0.3690462311244389,-95.8960504929925
154.95,0.3664473786937073,-96.9064601061868
155.0,0.3637982698383145,-97.91757255473868
155.05,0.3610992500838525,-98.9293971619298
155.1,0.35835072197487405,-99.9419434843631
155.15,0.3555531453983651,-100.95522132142298
155.2,0.35270703774270173,-101.96924072524985
155.25,0.34981297388735505,-102.98401201128513
155.3,0.3468715860194743,-103.99954576941062
155.35,0.3438835632744793,-105.01585287572304
155.4,0.34084965119860594,-106.03294450500435
155.45,0.3377706510326351,-107.05083214390245
155.5,0.33464741881674587,-108.06952760491272
155.55,0.3314808643178407,-109.08904304118215
155.6,0.3282719497814979,-110.10939096221314
155.65,0.32502168851197566,-111.13058425053241
155.7,0.3217311432846512,-112.15263617937832
155.75,0.31840142459641546,-113.17556043150759
155.8,0.31503368876045257,-114.19937111918135
155.85,0.311629135852994,-115.22408280542695
155.9,0.30818900752028894,-116.24971052668654
155.95,0.304714584655252,-117.27626981692721
156.0,0.30120718495369014,-118.30377673336237
156.05,0.29766816036096777,-119.33224788388583
156.1,0.2940988944205432,-120.3617004563595
156.15,0.29050079953622343,-121.39215224991992
156.2,0.28687531416071155,-122.42362170843589
156.25,0.2832238999229709,-123.45612795633194
156.3,0.27954803870760003,-124.48969083694199
156.35,0.2758492296991827,-125.52433095362561
156.4,0.27212898640485683,-126.56006971387917
156.45,0.26838883366818644,-127.59692937669111
156.5,0.26463030468724413,-128.63493310343887
156.55,0.26085493804956983,-129.67410501263117
156.6,0.2570642747964005,-130.71447023883817
156.65,0.25325985552790853,-131.7560549962083
156.7,0.24944321756103138,-132.79888664695974
156.75,0.24561589215044516,-133.84299377535214
156.8,0.24177940178304283,-134.8884062676161
156.85,0.23793525755522754,-135.9351553984381
156.9,0.23408495664170834,-136.98327392463398
156.95,0.23022997986385393,-138.03279618669376
157.0,0.22637178936447927,-139.0837582190265
157.05,0.22251182639557285,-140.1361978697399
157.1,0.2186515092241639,-141.19015493097012
157.15,0.2147922311610802,-142.24567128084828
157.2,0.2109353587162394,-143.3027910383216
157.25,0.20708222988340216,-144.36156073224106
157.3,0.2032341525565192,-145.42202948623873
157.35,0.19939240307897826,-146.4842492211694
157.4,0.19555822492627536,-147.54827487708857
157.45,0.19173282752212067,-148.61416465698272
157.5,0.18791738518696918,-149.68198029482153
157.55,0.18411303621774636,-150.75178735076224
157.6,0.18032088209665906,-151.82365553681194
157.65,0.17654198682652958,-152.8976590766577
157.7,0.17277737638983523,-153.97387710390873
157.75,0.16902803832779761,-155.05239410365556
157.8,0.16529492143600288,-156.1333004028945
157.85,0.16157893557228575,-157.2166927162892
157.9,0.15788095157268378,-158.30267475465786
157.95,0.1542018012709162,-159.39135790475737
158.0,0.1505422776167562,-160.4828619903243
158.05,0.14690313488860088,-161.57731612588876
158.1,0.1432850889955298,-162.67485967684965
158.15,0.13968881786410176,-163.7756433415439
158.2,0.13611496190546948,-164.87983037375068
158.25,0.13256412455818073,-165.98759796738642
158.3,0.1290368729027188,-167.09913882898454
158.35,0.12553373834368334,-168.2146629683743
158.4,0.12205521735621647,-169.334399743652
158.45,0.1186017722936345,-170.45860020354095
158.5,0.1151738322536007,-171.58753977881727
158.55,0.11177179400123331,-172.72152138491816
158.6,0.10839602294786696,-173.8608790108646
158.65,0.10504685418556849,-175.0059818856746
158.7,0.10172459357841801,-176.15723933348434
158.75,0.09842951891308603,-177.31510645377918
158.8,0.09516188111298361,-178.48009079477364
158.85,0.09192190552244274,-179.65276022827402
158.9,0.08870979327001083,179.16624771429656
158.95,0.08552572272361221,177.97621471899052
159.0,0.08236985105435266,176.77632836821775
159.05,0.07924231593185198,175.56566609856876
159.1,0.07614323738094655,174.3431757678475
159.15,0.0730727198397053,173.10765196692253
159.2,0.07003085447146144,171.85770695138774
159.25,0.06701772180115986,170.59173471576997
159.3,0.06403339477020976,169.30786625228774
159.35,0.061077942336823204,168.0039133723609
159.4,0.058151433795019296,166.6772975422554
159.45,0.05525394405050088,165.32495887338783
159.5,0.05238556018525078,163.94323852871483
159.55,0.049546389779282524,162.52772507355616
159.6,0.04673657166044951,161.07305126057923
159.65,0.04395629005882602,159.57262166867855
159.7,0.04120579361288261,158.01824232156795
159.75,0.03848542141404502,156.3996088923236
159.8,0.03579563946691198,154.70358691362034
159.85,0.03313709290710441,152.91317948837536
159.9,0.03051068265638673,151.00601432098247
159.95,0.02791768104338244,148.95207189254975
160.0,0.025359911532833384,146.71018062880913
160.05,0.022840037732918945,144.22244402818728
160.1,0.02036204629797839,141.40507694930653
160.15,0.01793208981091309,138.13277309036351
160.2,0.015560032683400487,134.21098457185226
160.25,0.0132624471271513,129.32493879599258
160.3,0.01106876386392266,122.94383030051137
160.35,0.009034519681607378,114.14716959008312
160.4,0.007269746623463629,101.38972415596781
160.45,0.00598732511706027,82.70958579715305
160.5,0.005502584789184218,58.33017920344036
160.55,0.005984022075078282,34.17732956275846
160.6,0.007219090097786975,15.887887481414568
160.65,0.008881686956508473,3.418036218300688
160.7,0.01076151528176516,-5.205709894584965
160.75,0.012751306511494535,-11.486755445687315
160.8,0.014797052030176863,-16.315627883689277
160.85,0.016870122851912014,-20.206235924747933
160.9,0.01895439623560123,-23.464040137904036
160.95,0.02104028877069938,-26.27831273740934
161.0,0.023121847213452656,-28.771250512404734
161.05,0.025195244907405434,-31.02473092645346
161.1,0.02725796059763781,-33.09543591136607
161.15,0.029308307285270833,-35.023737587979404
161.2,0.03134514997101223,-36.839113471786796
161.25,0.033367730047062144,-38.56355863652626
161.3,0.03537555236395333,-40.21380124887796
161.35,0.037368310457161776,-41.80278030429248
161.4,0.03934583574719064,-43.34065525702538
161.45,0.0413080622266667,-44.83551087535849
161.5,0.04325500140452775,-46.29385897296312
161.55,0.045186724197259893,-47.72100187046294
161.6,0.04710334762128034,-49.12129991065224
161.65,0.04900502486482303,-50.49837122278267
161.7,0.05089193777854872,-51.8552428765345
161.75,0.05276429112406971,-53.19446664577791
161.8,0.054622308117996954,-54.51820865875548
161.85,0.05646622694334432,-55.82831954012153
161.9,0.058296297991934524,-57.12638981200171
161.95,0.060112781665336006,-58.41379403776777
162.0,0.06191594660719723,-59.69172628414094
162.05,0.06370606827182483,-60.9612288262674
162.1,0.06548342775750386,-62.2232155487821
162.15,0.06724831084986231,-63.478491149938506
162.2,0.06900100723338662,-64.7277669999202
162.25,0.07074180983853051,-65.97167431303542
162.3,0.07247101429899366,-67.21077514910911
162.35,0.07418891849911402,-68.445571649579
162.4,0.07589582219551921,-69.6765138296047
162.45,0.07759202670023647,-70.90400618238382
162.5,0.07927783461514908,-72.12841330134906
162.55,0.08095354960940208,-73.35006468614337
162.6,0.08261947623307757,-74.56925886711682
162.65,0.08427591976160727,-75.78626695823826
162.7,0.0859231860662891,-77.0013357285108
162.75,0.0875615815072244,-78.2146902662026
162.8,0.08919141284541372,-79.42653629728567
162.85,0.09081298717146968,-80.63706220923167
162.9,0.09242661184863239,-81.84644082277427
162.95,0.09403259446824792,-83.05483094738837
163.0,0.09563124281608407,-84.2623787505636
163.05,0.09722286484811551,-85.46921896624399
163.1,0.0988077686745751,-86.67547596395055
163.15,0.10038626255129804,-87.88126469688416
163.2,0.10195865487737932,-89.08669154456766
163.25,0.1035252541984892,-90.29185506342426
163.3,0.1050863692150346,-91.49684665668005
163.35,0.10664230879468171,-92.70175117349642
163.4,0.10819338198863737,-93.90664744580438
163.45,0.10973989805119828,-95.11160877018763
163.5,0.11128216646223824,-96.31670334124112
163.55,0.11282049695211302,-97.52199464189161
163.6,0.11435519952876814,-98.72754179558065
163.65,0.11588658450660984,-99.93339988448544
163.7,0.11741496253694947,-101.13962023751542
163.75,0.1189406446396752,-102.34625069131745
163.8,0.12046394223594556,-103.55333582714779
163.85,0.12198516718164094,-104.76091718613816
163.9,0.12350463180138789,-105.96903346517684
163.95,0.12502264892288367,-107.17772069536421
164.0,0.1265395319114151,-108.38701240481599
164.05,0.1280555947042628,-109.59693976732059
164.1,0.12957115184493323,-110.80753173828349
164.15,0.1310865185169125,-112.01881517913921
164.2,0.13260201057687082,-113.23081497136408
164.25,0.13411794458708642,-114.44355412106077
164.3,0.1356346378469117,-115.65705385497988
164.35,0.13715240842317394,-116.87133370880491
164.4,0.13867157517925266,-118.08641160836983
164.45,0.1401924578027454,-119.30230394447798
164.5,0.141715376831491,-120.51902564188964
164.55,0.1432406536778138,-121.73659022299053
164.6,0.14476861065078656,-122.95500986662692
164.65,0.14629957097636515,-124.17429546252751
164.7,0.14783385881515768,-125.39445666168633
164.75,0.14937179927773014,-126.61550192309195
164.8,0.15091371843712814,-127.83743855707269
164.85,0.1524599433385644,-129.060272765603
164.9,0.1540108020059335,-130.28400967979064
164.95,0.15556662344504724,-131.50865339481652
165.0,0.15712773764329982,-132.73420700253794
165.05,0.15869447556558292,-133.96067262195234
165.1,0.1602671691462012,-135.18805142772376
165.15,0.16184615127653215,-136.41634367692313
165.2,0.16343175578821922,-137.6455487341549
165.25,0.16502431743158966,-138.8756650952092
165.3,0.16662417184906209,-140.10669040936278
165.35,0.16823165554323993,-141.33862150046784
165.4,0.16984710583942128,-142.57145438693203
165.45,0.17147086084218477,-143.80518430068352
165.5,0.17310325938578683,-145.03980570525118
165.55,0.17474464097796935,-146.27531231299568
165.6,0.17639534573692678,-147.5116971016338
165.65,0.1780557143209779,-148.7489523300808
165.7,0.17972608785065883,-149.98706955371244
165.75,0.18140680782278856,-151.22603963910407
165.8,0.18309821601614695,-152.46585277829686
165.85,0.1848006543883227,-153.70649850266366
165.9,0.18651446496333204,-154.947965696418
165.95,0.18823998970951614,-156.19024260980765
166.0,0.18997757040729676,-157.4333168720555
166.05,0.19172754850628657,-158.67717550406653
166.1,0.1934902649712445,-159.92180493095893
166.15,0.19526606011641387,-161.1671909944421
166.2,0.19705527342761192,-162.41331896507262
166.25,0.19885824337165037,-163.66017355443802
166.3,0.20067530719238125,-164.90773892725656
166.35,0.20250680069290908,-166.155998713467
166.4,0.20435305800325748,-167.4049360202868
166.45,0.20621441133295362,-168.65453344428758
166.5,0.2080911907078402,-169.9047730834994
166.55,0.20998372369048623,-171.1556365495498
166.6,0.2118923350835192,-172.40710497987092
166.65,0.2138173466152078,-173.65915904997715
166.7,0.21575907660657243,-174.91177898582
166.75,0.2177178396193439,-176.16494457624975
166.8,0.2196939460840251,-177.41863518556661
166.85,0.22168770190734494,-178.67282976619134
166.9,0.22369940805836044,-179.92750687145238
166.95,0.22572936013243364,178.8173553315181
167.0,0.22777784789242805,177.5617790487421
167.05,0.22984515478623607,176.3057868462552
167.1,0.23193155744006058,175.0494016368126
167.15,0.2340373251265633,173.79264666648692
167.2,0.23616271920727133,172.53554550113128
167.25,0.23830799254846302,171.2781220127182
167.3,0.24047338890987496,170.02040036556582
167.35,0.24265914230555483,168.7624050024398
167.4,0.2448654763362527,167.50416063054595
167.45,0.24709260349269588,166.24569220742572
167.5,0.24934072442930216,164.98702492673448
167.55,0.2516100272077197,163.72818420395276
167.6,0.2539006865098371,162.4691956619944
167.65,0.2562128628198969,161.21008511674773
167.7,0.2585467015753617,159.95087856255807
167.75,0.260902332286454,158.6916021576373
167.8,0.263279867624135,157.43228220945429
167.85,0.2656794024766979,156.17294516006515
167.9,0.2681010129749856,154.91361757144145
167.95,0.2705447554866248,153.654326110778
168.0,0.2730106655796604,152.39509753580128
168.05,0.275498756956226,151.13595868010083
168.1,0.2780090203570324,149.87693643847768
168.15,0.28054142243770497,148.6180577523359
168.2,0.28309590461811596,147.35934959513332
168.25,0.2856723819062838,146.10083895788318
168.3,0.2882707416983708,144.84255283475574
168.35,0.290890842556945,143.58451820875246
168.4,0.2935325129696387,142.32676203749875
168.45,0.2961955500908077,141.0693112391589
168.5,0.2988797184691729,139.8121926784653
168.55,0.3015847487645453,138.55543315292232
168.6,0.3043103364574244,137.29905937914089
168.65,0.30705614055529534,136.0430979793651
168.7,0.3098217823001425,134.78757546817636
168.75,0.3126068438819154,133.53251823938976
168.8,0.3154108671631878,132.27795255317184
168.85,0.31823335242067363,131.02390452336851
168.9,0.32107375710973257,129.7704001050682
168.95,0.32393149465835125,128.5174650824186
169.0,0.32680593329772684,127.26512505667591
169.05,0.32969639493676234,126.01340543454809
169.1,0.3326021540885609,124.76233141678526
169.15,0.33552243685709654,123.511927987073
169.2,0.338456419992947,122.26221990121212
169.25,0.34140323002722195,121.01323167659386
169.3,0.3443619424931703,119.76498758200148
169.35,0.3473315812454843,118.51751162770772
169.4,0.3503111178873153,117.27082755591253
169.45,0.3532994713155784,116.02495883150414
169.5,0.35629550739507515,114.77992863315265
169.55,0.359298038772229,113.53575984475445
169.6,0.36230582483923707,112.29247504721252
169.65,0.36531757185944874,111.05009651057057
169.7,0.368331933264553,109.8086461865059
169.75,0.3713475101341972,108.56814570116181
169.8,0.3743628518679677,107.32861634836385
169.85,0.37737645705964595,106.09007908317047
169.9,0.38038677458271475,104.85255451580491
169.95,0.38339220489573095,103.61606290593717
170.0,0.3863911015751052,102.38062415733579
170.05,0.3893817730820977,101.14625781287926
170.1,0.3923624847696068,99.91298304992495
170.15,0.39533146113314943,98.6808186760458
170.2,0.3982868883091366,97.44978312511643
170.25,0.40122691682191614,96.21989445376147
170.3,0.40414966457958523,94.99117033815297
170.35,0.40705322011671763,93.7636280711583
170.4,0.409935646080363,92.53728455983098
170.45,0.4127949829536799,91.31215632324933
170.5,0.4156292530096243,90.0882594906832
170.55,0.41843646448484345,88.86560980010428
170.6,0.42121461596204507,87.64422259700832
170.65,0.423961700946676,86.42411283357283
170.7,0.42667571262182485,85.20529506811917
170.75,0.42935464876297885,83.98778346489074
170.8,0.43199651679230366,82.77159179412965
170.85,0.4345993389500805,81.55673343244949
170.9,0.43716115755911783,80.34322136349662
170.95,0.43968004035619757,79.1310681788935
171.0,0.4421540858631307,77.92028607945615
171.05,0.44458142876867374,76.7108868766778
171.1,0.4469602452913713,75.5028819944682
171.15,0.44928875849272043,74.29628247114583
171.2,0.45156524350927174,73.09109896167493
171.25,0.4537880326722649,71.88734174013054
171.3,0.4559555204831808,70.68502070239946
171.35,0.4580661684142198,69.48414536908535
171.4,0.46011850950316613,68.28472488863808
171.45,0.4621111527133164,67.0867680406728
171.5,0.46404278703031665,65.89028323948921
171.55,0.46591218526956535,64.69527853777227
171.6,0.46771820756962484,63.5017616304684
171.65,0.4694598045494228,62.309739858829666
171.7,0.4711360201094169,61.11922021462118
171.75,0.47274599385963745,59.93020934447435
171.8,0.4742889631603291,58.742713554388544
171.85,0.47576426476401457,57.55673881436371
171.9,0.4771713360508869,56.37229076316158
171.95,0.4785097158526381,55.189374713189856
172.0,0.4797790448631255,54.00799565549063
172.05,0.48097906563741305,52.82815826484403
172.1,0.48210962218399755,51.649866904954024
172.15,0.4831706591579951,50.47312563373794
172.2,0.4841622206661199,49.29793820868784
172.25,0.48508444869696743,48.12430809231375
172.3,0.4859375811927862,46.95223845765145
172.35,0.4867219497812049,45.781732193833335
172.4,0.4874379771875624,44.6127919117127
172.45,0.48808617435027907,43.44541994954293
172.5,0.4886671372633029,42.279618378689214
172.55,0.4891815435709535,41.115389009388345
172.6,0.48963014894143253,39.952733396531585
172.65,0.4900137832460008,38.79165284547474
172.7,0.49033334657120153,37.63214841787235
172.75,0.490589805091658,36.474220937520116
172.8,0.49078418683078606,35.31787099621657
172.85,0.4909175773364516,34.16309895961701
172.9,0.49099111529786665,33.00990497310157
172.95,0.49100598812928936,31.858288967629402
173.0,0.490963427544987,30.708250665590818
173.05,0.49086470514877595,29.559789586645135
173.1,0.4907111280600731,28.412905053541404
173.15,0.49050403459699854,27.267596197921193
173.2,0.4902447900354557,26.123861966099895
173.25,0.4899347824615692,24.981701124816674
173.3,0.4895754187331327,23.84111226696402
173.35,0.48916812056410564,22.702093817272946
173.4,0.48871432074442955,21.564644037973522
173.45,0.4882154595058368,20.42876103441545
173.5,0.48767298104263135,19.294442760642706
173.55,0.48708833019482967,18.161687024938118
173.6,0.4864629492995413,17.030491495308496
173.65,0.48579827521495594,15.90085370493836
173.7,0.4850957365199708,14.772771057584958
173.75,0.48435675089111774,13.646240832931356
173.8,0.483582722657303,12.521260191884835
173.85,0.4827750405317551,11.397826181824378
173.9,0.4819350755194724,10.275935741792843
173.95,0.48106417899768344,9.155585707640673
174.0,0.48016368096587947,8.036772817106367
174.05,0.47923488846135825,6.919493714851802
174.1,0.4782790841355001,5.803744957427807
174.15,0.47729752498555084,4.689523018195874
174.2,0.4762914412361394,3.576824292183524
174.25,0.47526203536447226,2.465645100886062
174.3,0.4742104812628009,1.3559816970139842
174.35,0.47313792353155876,0.2478302691725567
174.4,0.47204547689640064,-0.8588130535043017
174.45,0.47093422574231075,-1.9639521967866713
174.5,0.46980522375787737,-3.067591136831224
174.55,0.4686594936828484,-4.169733895726165
174.6,0.46749802715218014,-5.270384537089533
174.65,0.4663217846298189,-6.369547161725118
174.7,0.46513169542567034,-7.467225903329389
174.75,0.46392865778926945,-8.563424924259548
174.8,0.4627135390739811,-9.658148411345458
174.85,0.46148717596562056,-10.751400571766759
174.9,0.46025037476974207,-11.843185628969469
174.95,0.459003911751977,-12.933507818642232
175.0,0.4577485335261243,-14.02237138473633
175.05,0.4564849574849045,-15.109780575536652
175.1,0.45521387226855203,-16.195739639782232
175.15,0.45393593826673256,-17.280252822826736
175.2,0.4526517881494311,-18.363324362849696
175.25,0.451362027422842,-19.444958487106746
175.3,0.4500672350064259,-20.525159408223075
175.35,0.4487679638276429,-21.603931320527998
175.4,0.44746474143105386,-22.681278396427544
175.45,0.44615807059876617,-23.757204782811577
175.5,0.44484842997936425,-24.831714597502177
175.55,0.44353627472278667,-25.904811925726264
175.6,0.44222203711869645,-26.976500816632367
175.65,0.44090612723622113,-28.046785279825233
175.7,0.43958893356301876,-29.115669281938082
175.75,0.43827082364191455,-30.183156743223766
175.8,0.4369521447034088,-31.24925153417512
175.85,0.4356332242926514,-32.31395747216556
175.9,0.43431437088950225,-33.377278318110505
175.95,0.4329958745205569,-34.43921777314638
176.0,0.4316780073620634,-35.49977947532405
176.05,0.43036102433281187,-36.558966996320635
176.1,0.4290451636762555,-37.616783838154284
176.15,0.42773064753108664,-38.673233429919975
176.2,0.42641768248977474,-39.728319124519935
176.25,0.4251064601445066,-40.782044195407785
176.3,0.4237971576201612,-41.83441183332786
176.35,0.4224899380939611,-42.88542514305806
176.4,0.4211849513015757,-43.935087140148234
176.45,0.41988233402945785,-44.983400747654
176.5,0.418582210593312,-46.030368792858354
176.55,0.4172846933025878,-47.075994003988484
176.6,0.41598988291101124,-48.12027900690897
176.65,0.41469786905312594,-49.1632263218115
176.7,0.4134087306669562,-50.20483835987125
176.75,0.4121225364028396,-51.24511741989075
176.8,0.410839345018583,-52.284065684912655
176.85,0.409559205761093,-53.32168521880153
176.9,0.40828215873464646,-54.3579779628037
176.95,0.4070082352560167,-55.39294573205843
177.0,0.4057374581966717,-56.42659021208176
177.05,0.4044698423122741,-57.458912955199196
177.1,0.40320539455973814,-58.489915376938214
177.15,0.4019441144021062,-59.51959875237027
177.2,0.40068599410149836,-60.5479642123993
177.25,0.39943101900045075,-61.575012739990676
177.3,0.398179167791866,-62.60074516634527
177.35,0.39693041277794766,-63.6251621669993
177.4,0.39568472011830946,-64.64826425786727
177.45,0.3944420500676456,-65.67005179119873
177.5,0.39320235720319896,-66.69052495146681
177.55,0.391965590642337,-67.70968375116763
177.6,0.39073169425053067,-68.72752802653555
177.65,0.38950060684001997,-69.74405743316774
177.7,0.38827226235947493,-70.75927144154667
177.75,0.3870465900748918,-71.77316933246563
177.8,0.38582351474206206,-72.7857501923419
177.85,0.38460295677084727,-73.7970129084189
177.9,0.3833848323815573,-74.8069561638492
177.95,0.38216905375367727,-75.81557843265301
178.0,0.3809555291672422,-76.82287797454097
178.05,0.3797441631370751,-77.82885282960716
178.1,0.37853485654017405,-78.83350081286707
178.15,0.37732750673646615,-79.83681950865697
178.2,0.3761220076832046,-80.83880626486244
178.25,0.3749182500432056,-81.83945818699068
178.3,0.37371612128718984,-82.83877213206237
178.35,0.37251550579042675,-83.83674470232496
178.4,0.37131628492391344,-84.83337223877787
178.45,0.37011833714031006,-85.82865081449305
178.5,0.3689215380548122,-86.8225762277346
178.55,0.3677257605211902,-87.81514399485525
178.6,0.3665308747031866,-88.80634934296879
178.65,0.36533674814145356,-89.79618720238567
178.7,0.36414324581622426,-90.78465219879901
178.75,0.36295023020591727,-91.7717386452111
178.8,0.3617575613418234,-92.75744053359253
178.85,0.3605650968590775,-93.74175152625104
178.9,0.3593726920440569,-94.72466494691555
178.95,0.3581801998784181,-95.7061737715005
179.0,0.35698747107986833,-96.68627061855561
179.05,0.3557943541399163,-97.66494773937288
179.1,0.35460069535867245,-98.64219700774422
179.15,0.3534063388769143,-99.61800990935073
179.2,0.3522111267055437,-100.59237753076707
179.25,0.35101489875258557,-101.56529054806283
179.3,0.34981749284788377,-102.53673921498378
179.35,0.34861874476562055,-103.50671335069468
179.4,0.34741848824482546,-104.47520232706182
179.45,0.3462165550079994,-105.44219505545784
179.5,0.345012774778008,-106.40767997305917
179.55,0.34380697529335974,-107.37164502862478
179.6,0.3425989823220515,-108.33407766771734
179.65,0.3413886196740627,-109.29496481736021
179.7,0.34017570921270346,-110.25429287008224
179.75,0.3389600708648951,-111.21204766734105
179.8,0.33774152263057405,-112.16821448228231
179.85,0.3365198805913254,-113.12277800181134
179.9,0.3352949589184107,-114.07572230794314
179.95,0.3340665698803234,-115.0270308583949
180.0,0.3328345238500335,-115.9766864663837
180.05,0.3315986293120514,-116.92467127959867
180.1,0.3303586928694792,-117.87096675829625
180.15,0.3291145192512104,-118.81555365248936
180.2,0.32786591131940546,-119.75841197817643
180.25,0.3266126700774605,-120.69952099256564
180.3,0.32535459467857564,-121.6388591682512
180.35,0.3240914824351585,-122.57640416627756
180.4,0.3228231288291776,-123.51213280805472
180.45,0.32154932752371607,-124.44602104604569
180.5,0.320269870375854,-125.37804393318405
180.55,0.3189845474511309,-126.30817559094356
180.6,0.31769314703974466,-127.23638917600074
180.65,0.31639545567474314,-128.16265684541372
180.7,0.3150912581523905,-129.08694972024423
180.75,0.31378033755497714,-130.00923784753755
180.8,0.3124624752762621,-130.92949016058435
180.85,0.31113745104986446,-131.84767443736186
180.9,0.30980504298078804,-132.763757257077
180.95,0.30846502758041366,-133.67770395469063
181.0,0.30711717980521497,-134.58947857333064
181.05,0.3057612730994766,-135.49904381447908
181.1,0.30439707944238,-136.4063609858039
181.15,0.3030243693997034,-137.3113899465268
181.2,0.30164291218056155,-138.21408905017088
181.25,0.30025247569945646,-139.11441508456596
181.3,0.29885282664408613,-140.01232320894428
181.35,0.2974437305492394,-140.90776688797766
181.4,0.2960249518772359,-141.80069782257902
181.45,0.29459625410529633,-142.69106587729257
181.5,0.2931573998203347,-143.57881900407224
181.55,0.2917081508216017,-144.46390316225774
181.6,0.2902482682317252,-145.3462622345147
181.65,0.28877751261659634,-146.22583793852752
181.7,0.28729564411472946,-147.10256973418
181.75,0.2858024225765963,-147.9763947259809
181.8,0.2842976077145779,-148.84724756044406
181.85,0.2827809592641597,-149.71506031813342
181.9,0.2812522371569981,-150.57976240006406
181.95,0.27971120170662106,-151.44128040811194
182.0,0.2781576138074139,-152.2995380190901
182.05,0.2765912351477388,-153.15445585210142
182.1,0.2750118284379233,-154.0059513287703
182.15,0.2734191576540339,-154.85393852592222
182.2,0.27181298829826367,-155.69832802024823
182.25,0.2701930876769415,-156.53902672446964
182.3,0.2685592251970847,-157.37593771448147
182.35,0.2669111726826038,-158.2089600469123
182.4,0.26524870471117445,-159.03798856652384
182.45,0.2635715989730363,-159.86291370279338
182.5,0.2618796366528197,-160.6836212550343
182.55,0.26017260283578464,-161.49999216531162
182.6,0.2584502869397525,-162.31190227840005
182.65,0.2567124831741932,-163.11922208796915
182.7,0.2549589910279854,-163.92181646810897
182.75,0.2531896157873821,-164.71954438929302
182.8,0.2514041690859521,-165.51225861776643
182.85,0.2496024694881883,-166.29980539731886
182.9,0.24778434310872663,-167.08202411232023
182.95,0.24594962426914455,-167.85874693081632
183.0,0.24409815619445688,-168.62979842642645
183.05,0.24222979175152748,-169.39499517768434
183.1,0.24034439423183052,-170.1541453433871
183.15,0.23844183818099907,-170.90704821244415
183.2,0.2365220102779552,-171.65349372658756
183.25,0.23458481026635672,-172.39326197426453
183.3,0.23263015194151418,-173.12612265388154
183.35,0.23065796419593051,-173.8518345045071
183.4,0.22866819212695963,-174.5701447020266
183.45,0.22666079821029408,-175.28078821862465
183.5,0.22463576354314144,-175.98348714340662
183.55,0.22259308916139212,-176.67794996182857
183.6,0.22053279743521204,-177.36387079154684
183.65,0.21845493354791154,-178.04092857219575
183.7,0.21635956706323486,-178.7087862065207
183.75,0.2142467935865999,-179.3670896502598
183.8,0.21211673652618837,179.98453305190185
183.85,0.20996954896027187,179.34647278697415
183.9,0.20780541561747928,178.7191404535456
183.95,0.20562455497739834,178.10296810350786
184.0,0.20342722149916195,177.4984101480632
184.05,0.20121370798647475,176.90594463030018
184.1,0.19898434809787832,176.32607456631987
184.15,0.19673951901180756,175.7593293565142
184.2,0.19447964425652375,175.2062662680977
184.25,0.19220519671565486,174.66747198929153
184.3,0.18991670182075326,174.14356425471274
184.35,0.18761474094280445,173.63519354041273
184.4,0.185299954995343,173.14304482561104
184.45,0.1829730482622957,172.66783941647284
184.5,0.18063479246418407,172.21033682511495
184.55,0.17828603107665697,171.77133669444586
184.6,0.17592768391559163,171.35168075623815
184.65,0.17356075200282808,170.9522548059746
184.7,0.17118632272652862,170.57399067336112
184.75,0.16880557530915224,170.21786816179326
184.8,0.16641978659512996,169.88491692340483
184.85,0.16403033716823273,169.57621822840477
184.9,0.16163871780615766,169.29290657803946
184.95,0.1592465362760642,169.03617109956468
185.0,0.15685552447000342,168.8072566487647
185.05,0.15446754587258013,168.607464530772
185.1,0.15208460334504242,168.43815273287345
185.15,0.14970884719924035,168.3007355436325
185.2,0.14734258352173404,168.19668241087243
185.25,0.1449882826917981,168.12751586685613
185.3,0.1426485880168594,168.09480832263003
185.35,0.1403263243844978,168.1001775052503
185.4,0.1380245068006315,168.14528028230373
185.45,0.13574634864898433,168.23180458873247
185.5,0.13349526946608206,168.36145914321693
185.55,0.13127490197959243,168.5359606173667
185.6,0.12908909810478475,168.75701790389678
185.65,0.1269419335355556,169.02631312360847
185.7,0.1248377105032322,169.34547902042198
185.75,0.12278095821037903,169.7160724247884
185.8,0.12077643038081516,170.139543525528
185.85,0.11882909930524228,170.61720078602104
185.9,0.11694414570957712,171.1501714806327
185.95,0.11512694373808265,171.73935801821452
186.0,0.11338304033383821,172.38539046700333
186.05,0.11171812832595727,173.08857600083135
186.1,0.11013801260703793,173.84884634666437
186.15,0.10864856891680297,174.66570471691082
186.2,0.10725569494878709,175.53817413539196
186.25,0.10596525377210382,176.46474948157046
186.3,0.10478300991128758,177.44335593953613
186.35,0.10371455884620068,178.47131679363275
186.4,0.10276525116458073,179.5453336024537
186.45,0.10194011309322838,-179.3385183489726
186.5,0.10124376561134198,-178.18477681798788
186.55,0.1006803447630204,-176.99855978118453
186.6,0.10025342608385174,-175.7855121723129
186.65,0.0999659561894819,-174.55173252597376
186.7,0.09982019450372641,-173.30368119694805
186.75,0.0998176678099116,-172.0480731555226
186.8,0.09995913979642933,-170.7917595497559
186.85,0.10024459706727536,-169.54160313303316
186.9,0.10067325225728734,-168.3043531645475
186.95,0.10124356400457891,-167.08652543465
187.0,0.10195327267191215,-165.89429264005452
187.05,0.10279944995293891,-164.7333894925634
187.1,0.10377855991185345,-163.60903579639668
187.15,0.10488652862610127,-162.52587941328215
187.2,0.10611881944505194,-161.48795969802896
187.25,0.10747051093088779,-160.49869076270068
187.3,0.10893637477899258,-159.5608629147826
187.35,0.110510951378188,-158.67665987358566
187.4,0.11218862111578087,-157.84768891755783
187.45,0.11396367000950529,-157.07502093689527
187.5,0.1158303487170483,-156.35923741875774
187.55,0.11778292440185353,-155.70048162172822
187.6,0.11981572530149838,-155.09851154265374
187.65,0.12192317814149128,-154.55275268829817
187.7,0.12409983876101485,-154.06234909079208
187.75,0.1263404164727523,-153.62621141509894
187.8,0.1286397927740428,-153.24306137606698
187.85,0.1309930350723989,-152.91147199866097
187.9,0.1333954060948979,-152.6299035132319
187.95,0.13584236962893573,-152.39673487872673
188.0,0.13832959320003102,-152.2102910756273
188.05,0.14085294823847133,-152.06886641381942
188.1,0.14340850822637863,-151.9707441664307
188.15,0.14599254525509256,-151.91421287646585
188.2,0.14860152536219762,-151.8975796960373
188.25,0.15123210296104989,-151.91918111412292
188.3,0.15388111462354415,-151.97739141338022
188.35,0.15654557243079434,-152.07062917355188
188.4,0.15922265706565952,-152.19736211175783
188.45,0.16190971078607003,-152.35611052072346
188.5,0.1646042303884256,-152.54544953657506
188.55,0.16730386024517102,-152.76401043933484
188.6,0.17000638548007743,-153.01048116247418
188.65,0.17270972532762288,-153.28360616329041
188.7,0.17541192670912367,-153.5821857835979
188.75,0.1781111580472111,-153.90507521045123
188.8,0.18080570333146137,-154.25118312911982
188.85,0.18349395644118574,-154.61947014535357
188.9,0.18617441572618287,-155.00894704077842
188.95,0.1888456788421536,-155.41867291397793
189.0,0.19150643783486127,-155.84775325017338
189.05,0.1941554744647212,-156.29533795423458
189.1,0.1967916557624774,-156.7606193748769
189.15,0.19941392980547049,-157.24283034211393
189.2,0.20202132170373827,-157.7412422352171
189.25,0.20461292978500764,-158.25516309444063
189.3,0.20718792196766453,-158.7839357864549
189.35,0.20974553231121223,-159.32693623073683
189.4,0.21228505773393258,-159.88357169194362
189.45,0.2148058548880862,-160.45327914149462
189.5,0.21730733718343545,-161.03552369017115
189.55,0.21978897195043554,-161.6297970923521
189.6,0.2222502777349899,-162.23561632163432
189.65,0.2246908217172861,-162.85252221685417
189.7,0.22711021724758135,-163.4800781969825
189.75,0.22950812149260916,-164.117869042983
189.8,0.2318842331864321,-164.76549974438868
189.85,0.23423829048033493,-165.4225944081814
189.9,0.23657006888652296,-166.0887952274044
189.95,0.23887937931096068,-166.76376150685442
190.0,0.24116606617094974,-167.44716874320093
190.05,0.243430005593409,-168.1387077568443
190.1,0.2456711036901223,-168.83808387289852
190.15,0.24788929490647768,-169.54501614871648
190.2,0.250084540440487,-170.2592366454455
190.25,0.25225682672907945,-170.98048974121366
190.3,0.2544061639988823,-171.70853148359714
190.35,0.25653258487884295,-172.44312897915734
190.4,0.2586361430723089,-173.18405981791466
190.45,0.26071691208612874,-173.93111153071922
190.5,0.26277498401475186,-174.68408107762036
190.55,0.2648104683771064,-175.4427743653787
190.6,0.26682349100441993,-176.20700579242384
190.65,0.2688141929770329,-176.97659781960945
190.7,0.2707827296084694,-177.75138056522653
190.75,0.27272926947502907,-178.53119142284
190.8,0.27465399348929104,-179.3158747005632
190.85,0.2765570940159126,179.89471871949877
190.9,0.27843877402827116,179.10073170284684
190.95,0.2802992463043975,178.3023011663753
191.0,0.28213873266085465,177.49955836539078
191.05,0.28395746322315696,176.69262916488697
191.1,0.2857556757313892,175.88163429599774
191.15,0.2875336148797764,175.06668959851146
191.2,0.2892915316888731,174.2479062502888
191.25,0.29102968290925746,173.4253909843307
191.3,0.2927483304554166,172.5992462942542
191.35,0.29444774086880265,171.769570628833
191.4,0.29612818480882724,170.93645857625435
191.45,0.2977899365707658,170.10000103869544
191.5,0.29943327362948663,169.26028539776541
191.55,0.30105847620797827,168.41739567136113
191.6,0.3026658268696524,167.57141266241536
191.65,0.30425561013349944,166.72241410000328
191.7,0.30582811211104094,165.8704747732596
191.75,0.30738362016430204,165.01566665848492
191.8,0.30892242258376357,164.1580590398581
191.85,0.3104448082855211,163.29771862408904
191.9,0.3119510665267926,162.43470964935838
191.95,0.3134414866388858,161.5690939888744
192.0,0.3149163577769567,160.70093124931725
192.05,0.3163759686856632,159.83027886448593
192.1,0.3178206074800719,158.9571921843789
192.15,0.3192505614410385,158.0817245599758
192.2,0.32066611682438617,157.20392742395225
192.25,0.3220675586832208,156.32385036753308
192.3,0.3234551707027139,155.44154121370934
192.35,0.32482923504673844,154.55704608699892
192.4,0.3261900322157722,153.67040947993289
192.45,0.32753784091542665,152.78167431645895
192.5,0.32887293793512795,151.89088201239136
192.55,0.330195598036324,150.99807253309615
192.6,0.33150609384975194,150.10328444852715
192.65,0.3328046957812605,149.2065549857583
192.7,0.33409167192565625,148.30792007915267
192.75,0.3353672879881986,147.4074144182605
192.8,0.33663180721319724,146.5050714935953
192.85,0.33788549031937626,145.60092364036328
192.9,0.3391285954415309,144.6950020802658
192.95,0.3403613780781119,143.7873369614733
193.0,0.34158409104434884,142.87795739684262
193.05,0.34279698443056367,141.96689150048738
193.1,0.3440003055652915,141.05416642276376
193.15,0.345194298982939,140.13980838375153
193.2,0.34637920639557024,139.2238427053198
193.25,0.34755526666860875,138.30629384181282
193.3,0.3487227158000787,137.38718540946084
193.35,0.34988178690316063,136.46654021454086
193.4,0.3510327101917667,135.5443802803652
193.45,0.35217571296885875,134.62072687315967
193.5,0.3533110196173161,133.6956005268534
193.55,0.35443885159303273,132.76902106687135
193.6,0.35555942742010177,131.8410076329372
193.65,0.35667296268779397,130.91157870095475
193.7,0.35777967004916655,129.9807521040088
193.75,0.3588797592210683,129.04854505250984
193.8,0.3599734369853749,128.1149741535418
193.85,0.3610609071912315,127.1800554294336
193.9,0.36214237075816746,126.24380433558757
193.95,0.3632180256798404,125.30623577761989
194.0,0.36428806702833944,124.36736412780694
194.05,0.3653526869587628,123.42720324090655
194.1,0.36641207471403553,122.4857664693503
194.15,0.3674664166297217,121.54306667784937
194.2,0.36851589613873426,120.5991162574432
194.25,0.3695606937757842,119.65392713899489
194.3,0.37060098718141604,118.70751080618588
194.35,0.3716369511055305,117.75987830800172
194.4,0.37266875741021954,116.81104027074734
194.45,0.37369657507181725,115.86100690961464
194.5,0.3747205701820147,114.90978803980279
194.55,0.3757409059479407,113.95739308723152
194.6,0.3767577426910567,113.00383109884929
194.65,0.37777123784477545,112.049110752551
194.7,0.3787815459506582,111.09324036674474
194.75,0.3797888186530958,110.13622790954182
194.8,0.38079320469232286,109.1780810076301
194.85,0.3817948498957077,108.21880695480513
194.9,0.38279389716713286,107.25841272019358
194.95,0.3837904864744058,106.29690495618226
195.0,0.38478475483455293,105.33429000604714
195.05,0.38577683629690046,104.37057391131653
195.1,0.38676686192381216,103.4057624188604
195.15,0.3877549597689771,102.43986098772363
195.2,0.3887412548531307,101.47287479572013
195.25,0.3897258691370793,100.5048087457796
195.3,0.39070892149192493,99.5356674720769
195.35,0.3916905276663553,98.565455345937
195.4,0.39267080025089973,97.59417648152463
195.45,0.3936498486389759,96.62183474134575
195.5,0.394627778984683,95.64843374153351
195.55,0.3956046941571203,94.67397685696814
195.6,0.39658069369118637,93.69846722619627
195.65,0.39755587373466456,92.72190775618984
195.7,0.3985303269914886,91.74430112693153
195.75,0.3995041426610535,90.76564979583608
195.8,0.4004774063734161,89.78595600202415
195.85,0.4014502001202501,88.80522177043778
195.9,0.4024226021814252,87.82344891581447
195.95,0.4033946870470331,86.84063904652545
196.0,0.4043665253347333,85.85679356827139
196.05,0.4053381837022589,84.87191368765878
196.1,0.40630972475492133,83.88600041564384
196.15,0.4072812069479589,82.89905457085712
196.2,0.4082526844835644,81.91107678281949
196.25,0.409224207202438,80.92206749503113
196.3,0.41019582046967373,79.93202696797289
196.35,0.411167565054852,78.94095528198373
196.4,0.4121394770061093,77.9488523400518
196.45,0.4131115875180657,76.95571787050329
196.5,0.4140839227934051,75.96155142959505
196.55,0.41505650389793575,74.96635240402594
196.6,0.41602934660895124,73.9701200133523
196.65,0.41700246125672413,72.97285331232368
196.7,0.41797585255894193,71.97455119314081
196.75,0.4189495194479,70.97521238762725
196.8,0.4199234548902956,69.97483546933772
196.85,0.42089764569941385,68.97341885558313
196.9,0.42187207233956114,67.9709608093905
196.95,0.42284670872254393,66.96745944140129
197.0,0.42382152199605194,65.96291271168937
197.05,0.4247964723237434,64.95731843153817
197.1,0.42577151265692026,63.95067426513713
197.15,0.4267465884975823,62.94297773123431
197.2,0.42772163765277366,61.934226204728176
197.25,0.42869658998002524,60.9244169182029
197.3,0.42967136712382376,59.913546963420615
197.35,0.4306458822429321,58.901613292755776
197.4,0.4316200397285221,57.88861272058462
197.45,0.4325937349129724,56.874541924634855
197.5,0.43356685376931625,55.85939744727868
197.55,0.43453927260124275,54.84317569679938
197.6,0.43551085772365933,53.82587294860567
197.65,0.43648146513379277,52.807485346411475
197.7,0.4374509401728499,51.78800890338497
197.75,0.4384191171783156,50.767439503247196
197.8,0.4393858191269239,49.7457729013586
197.85,0.4403508572684795,48.72300472575228
197.9,0.44131403075064957,47.699130478152405
197.95,0.44227512623494014,46.67414553495685
198.0,0.4432339175041179,45.64804514819146
198.05,0.4441901650613486,44.62082444644509
198.1,0.4451436157214409,43.59247843577318
198.15,0.44609400219458284,42.56300200058057
198.2,0.44704104266305417,41.53238990448973
198.25,0.44798444035148066,40.5006367911724
198.3,0.44892388309120873,39.46773718518503
198.35,0.44985904287955186,38.43368549276598
198.4,0.45078957543465226,37.39847600262891
198.45,0.4517151197468412,36.362102886742875
198.5,0.45263529762749904,35.32456020108535
198.55,0.45354971325643145,34.28584188640414
198.6,0.4544579527290101,33.245941768948946
198.65,0.4553595836043139,32.20485356120716
198.7,0.45625415445572565,31.162570862626673
198.75,0.45714119442552137,30.119087160329567
198.8,0.4580202127851145,29.07439582982805
198.85,0.458890698502788,28.02849013572894
198.9,0.4597521198208719,26.981363232438405
198.95,0.46060392384446225,25.93300816487017
199.0,0.46144553614399275,24.88341786914004
199.05,0.4622763603740232,23.83258517328214
199.1,0.4630957779109068,22.780502797947022
199.15,0.4639031475120528,21.727163357118492
199.2,0.46469780499973967,20.672559358830327
199.25,0.465479062972603,19.61668320588399
199.3,0.4662462105480362,18.559527196589997
199.35,0.46699851313904556,17.501083525498863
199.4,0.4677352122691073,16.441344284157964
199.45,0.4684555254289112,15.380301461874135
199.5,0.46915864597891715,14.317946946486646
199.55,0.46984374310188765,13.254272525163584
199.6,0.4705099618096716,12.189269885206688
199.65,0.4711564230086962,11.122930614873708
199.7,0.4717822236286937,10.05524620422891
199.75,0.4723864368193794,8.98620804599656
199.8,0.472968112219822,7.915807436458368
199.85,0.4735262763053855,6.844035576352174
199.9,0.47405993281711667,5.770883571810518
199.95,0.47456806327851764,4.696342435319255
200.0,0.4750496276046271,3.620403086700165
200.05,0.4755035648082543,2.543056354132386
200.1,0.4759287938082146,1.4642929751921858
200.15,0.47632421434417505,0.3841035979342361
200.2,0.4766887080026853,-0.697521217997974
200.25,0.47702113935864066,-1.7805910002307967
200.3,0.47732035723621136,-2.8651153624719488
200.35,0.4775851960929614,-3.9511040032961486
200.4,0.4778144775304573,-5.038566704886361
200.45,0.4780070119342342,-6.127513331728446
200.5,0.47816160024552784,-7.21795382927952
200.55,0.4782770358665176,-8.309898222570405
200.6,0.478352106700275,-9.403356614784576
200.65,0.47838559732584535,-10.498339185774572
200.7,0.4783762913081382,-11.59485619053644
200.75,0.4783229736414496,-12.69291795763729
200.8,0.47822443332453907,-13.792534887581963
200.85,0.47807946606421764,-14.893717451136421
200.9,0.47788687710334093,-15.996476187592938
200.95,0.47764548416807484,-17.100821702975736
201.0,0.4773541205281207,-18.20676466819784
201.05,0.4770116381624512,-19.314315817148895
201.1,0.4766169110218908,-20.423485944730977
201.15,0.47616883837866764,-21.534285904830398
201.2,0.47566634825182813,-22.64672660821962
201.25,0.47510840089618395,-23.760819020411
201.3,0.4744939923412539,-24.87657415942234
201.35,0.47382215796548965,-25.994003093497202
201.4,0.4730919760899377,-27.11311693874145
201.45,0.47230257157444655,-28.233926856696552
201.5,0.47145311939851253,-29.356444051844758
201.55,0.4705428482080158,-30.4806797690336
201.6,0.46957104380828113,-31.6066452908361
201.65,0.4685370525832818,-32.73435193483452
201.7,0.46744028482032174,-33.863811050823024
201.75,0.46628021791917507,-34.995034017948115
201.8,0.46505639946450855,-36.12803224175582
201.85,0.46376845014047136,-37.26281715117482
201.9,0.46241606646652067,-38.39940019541699
201.95,0.4609990233340333,-39.53779284079595
202.0,0.4595171763238524,-40.67800656747453
202.05,0.4579704637858201,-41.82005286612285
202.1,0.4563589086623556,-42.96394323450969
202.15,0.4546826200395059,-44.10968917400223
202.2,0.452941794410277,-45.25730218599559
202.25,0.4511367166368007,-46.406793768256534
202.3,0.4492677605997006,-47.55817541119295
202.35,0.4473353895250461,-48.711458594043755
202.4,0.44534015598141835,-49.86665478099144
202.45,0.4432827015419419,-51.023775417196184
202.5,0.44116375610837694,-52.182831924759235
202.55,0.4389841368969631,-53.343835698604344
202.6,0.4367447470880408,-54.5067981022948
202.65,0.43444657414401633,-55.67173046377543
202.7,0.43209068780273824,-56.83864407104356
202.75,0.42967823775565833,-58.007550167759106
202.8,0.42721045102262317,-59.178459948781494
202.85,0.42468862903720966,-60.35138455565713
202.9,0.4221141444587979,-61.526335072036105
202.95,0.4194884377292887,-62.70332251904305
203.0,0.41681301339434335,-63.882357850590424
203.05,0.41408943621038136,-65.0634519486477
203.1,0.4113193270600269,-66.24661561846595
203.15,0.4085043586997422,-67.43185958376773
203.2,0.40564625136425914,-68.61919448189605
203.25,0.4027467682529895,-69.80863085894532
203.3,0.399807710924082,-71.0001791648592
203.35,0.396830914621696,-72.19384974852598
203.4,0.39381824356222134,-73.38965285285508
203.45,0.3907715862045623,-74.5875986098542
203.5,0.38769285052915153,-75.78769703571785
203.55,0.3845839593496365,-76.98995802592052
203.6,0.3814468456800252,-78.1943913503465
203.65,0.37828344817915627,-79.40100664843797
203.7,0.3750957066928752,-80.60981342439703
203.75,0.37188555791302136,-81.82082104243098
203.8,0.3686549311706913,-83.03403872206826
203.85,0.36540574437972584,-84.24947553354632
203.9,0.36213990014458497,-85.46714039328849
203.95,0.3588592820451846,-86.68704205947714
204.0,0.3555657511093902,-87.90918912774782
204.05,0.35226114248226953,-89.13359002700066
204.1,0.34894726229932216,-90.36025301536885
204.15,0.3456258847694278,-91.58918617633095
204.2,0.3422987494713762,-92.82039741500897
204.25,0.33896755886652485,-94.05389445465326
204.3,0.33563397602845596,-95.28968483333438
204.35,0.3322996225891537,-96.52777590087419
204.4,0.3289660769000047,-97.76817481601229
204.45,0.3256348724045396,-99.01088854384986
204.5,0.3223074962189506,-100.25592385357893
204.55,0.3189853879152081,-101.50328731652407
204.6,0.3156699385009017,-102.75298530452022
204.65,0.31236248958901974,-104.00502398864948
204.7,0.3090643327503631,-105.25940933835712
204.75,0.30577670904053705,-106.51614712098518
204.8,0.3025008086932452,-107.77524290173054
204.85,0.29923777097099347,-109.03670204408216
204.9,0.29598868416431784,-110.300529710737
204.95,0.29275458573020335,-111.56673086504912
205.0,0.28953646256050564,-112.83531027302615
205.05,0.2863352513709581,-114.1062725059144
205.1,0.28315183920153747,-115.37962194340649
205.15,0.2799870640190011,-116.65536277749398
205.2,0.2768417154125503,-117.93349901702035
205.25,0.27371653537385915,-119.21403449295019
205.3,0.2706122191528307,-120.49697286440792
205.35,0.2675294161808844,-121.78231762551901
205.4,0.2644687310537228,-123.07007211309636
205.45,0.26143072456603456,-124.36023951520836
205.5,0.25841591479076076,-125.65282288068435
205.55,0.25542477819613135,-126.9478251295831
205.6,0.25245775079381855,-128.24524906469782
205.65,0.2495152293122128,-129.54509738411403
205.7,0.2465975723889265,-130.84737269489915
205.75,0.2437051017772978,-132.15207752795163
205.8,0.24083810356179552,-133.45921435408005
205.85,0.2379968293778174,-134.76878560135606
205.9,0.23518149763158702,-136.08079367380626
205.95,0.23239229471630712,-137.39524097149413
206.0,0.22962937622104376,-138.71212991205553
206.05,0.2268928681291086,-140.03146295375683
206.1,0.22418286800313209,-141.35324262013398
206.15,0.22149944615418177,-142.67747152628695
206.2,0.21884264679274218,-144.0041524068906
206.25,0.2162124891594472,-145.33328814601245
206.3,0.21360896863393308,-146.6648818087931
206.35,0.21103205782020157,-147.99893667509508
206.4,0.20848170760733037,-149.3354562751758
206.45,0.20595784820437205,-150.67444442749803
206.5,0.2034603901486677,-152.0159052787491
206.55,0.20098922528681396,-153.35984334617834
206.6,0.19854422772785799,-154.70626356234837
206.65,0.1961252547682755,-156.05517132240712
206.7,0.1937321477886104,-157.406572533985
206.75,0.191364733121603,-158.76047366984974
206.8,0.18902282289191782,-160.1168818234226
206.85,0.18670621582756478,-161.4758047673043
206.9,0.18441469804324917,-162.83725101493908
206.95,0.18214804379601843,-164.2012298855584
207.0,0.17990601621353022,-165.56775157257405
207.05,0.17768836799549834,-166.93682721556317
207.1,0.17549484208874577,-168.30846897604704
207.15,0.17332517233654135,-169.68269011721708
207.2,0.17117908410276347,-171.05950508783528
207.25,0.16905629487161608,-172.4389296104971
207.3,0.16695651482356114,-173.82098077449578
207.35,0.1648794473882206,-175.20567713352355
207.4,0.16282478977496376,-176.59303880846693
207.45,0.16079223348201946,-177.98308759556693
207.5,0.15878146478481964,-179.37584708025392
207.55,0.15679216520445424,179.22865724304725
207.6,0.1548240119570122,177.83039784478035
207.65,0.15287667838462318,176.42934502743628
207.7,0.15094983436907694,175.02546678565295
207.75,0.1490431467287926,173.61872865880142
207.8,0.1471562796000492,172.2090935756233
207.85,0.14528889480323465,170.79652169039412
207.9,0.14344065219505595,169.38097021012035
207.95,0.14161121000745533,167.9623932121613
208.0,0.13980022517419194,166.54074145168124
208.05,0.13800735364583547,165.11596215824534
208.1,0.13623225069412137,163.68799882084372
208.15,0.13447457120646295,162.2567909605513
208.2,0.13273396997155326,160.8222738899872
208.25,0.13101010195687313,159.38437845863155
208.3,0.1293026225790615,157.94303078302528
208.35,0.1276111879679972,156.49815196075247
208.4,0.12593545522555305,155.04965776703432
208.45,0.12427508267995974,153.59745833267138
208.5,0.12262973013671732,152.14145780192587
208.55,0.1209990591271023,150.6815539688631
208.6,0.11938273315524629,149.21763789049564
208.65,0.11778041794489601,147.7495934749612
208.7,0.11619178168694372,146.2772970427894
208.75,0.11461649528891596,144.80061685916198
208.8,0.11305423262760819,143.31941263484816
208.85,0.1115046708062203,141.83353499334314
208.9,0.10996749041727995,140.34282490144847
208.95,0.10844237581290857,138.8471130603603
209.0,0.10692901538388702,137.3462192539926
209.05,0.10542710184928272,135.83995165102584
209.1,0.10393633255835635,134.32810605680785
209.15,0.10245640980674284,132.81046511091003
209.2,0.10098704116896168,131.2867974257393
209.25,0.09952793984956806,129.7568566612016
209.3,0.09807882505541651,128.22038052994122
209.35,0.09663942239171221,126.67708972718134
209.4,0.09520946428488616,125.12668677865689
209.45,0.0937886904354602,123.56885479951929
209.5,0.0923768483045541,122.003256156473
209.55,0.09097369363790563,120.42953102466392
209.6,0.08957899103180783,118.84729583014294
209.65,0.08819251454569717,117.25614156783256
209.7,0.08681404836677188,115.65563198414172
209.75,0.08544338753246296,114.04530161234146
209.8,0.08408033871734931,112.42465364790272
209.85,0.0827247210917175,110.79315764987582
209.9,0.08137636725988731,109.1502470533424
209.95,0.08003512428723203,107.49531647679665
210.0,0.07870085482595295,105.82771880719368
210.05,0.07737343835068831,104.14676204419365
210.1,0.07605277251645146,102.45170588409265
210.15,0.0747387746527053,100.74175802282463
210.2,0.07343138340903564,99.01607015658973
210.25,0.07213056056968538,97.27373365802642
210.3,0.07083629305609786,95.51377490548714
210.35,0.06954859513891773,93.7351502432766
210.4,0.06826751088317107,91.93674055147886
210.45,0.06699311685312023,90.1173454059595
210.5,0.06572552510601833,88.2756768120942
210.55,0.06446488650721453,86.41035250065528
210.6,0.06321139440223177,84.51988878116993
210.65,0.061965288685018625,82.60269295799631
210.7,0.060726860305038585,80.65705532787975
210.75,0.059496456259494165,78.6811407961843
210.8,0.05827448512031116,76.67298017340784
210.85,0.05706142314856559,74.63046124588885
210.9,0.05585782105126531,72.55131975648361
210.95,0.054664311436635575,70.43313048519724
211.0,0.05348161702339985,68.27329868876254
211.05,0.0523105596564238,66.06905224555226
211.1,0.05115207017442711,63.817434961700314
211.15,0.050007199163665965,61.515301629648164
211.2,0.04887712861318864,59.15931559611902
211.25,0.047763184459796416,56.74594979580034
211.3,0.04666684997194321,54.27149244299646
211.35,0.04558977986783287,51.73205884575247
211.4,0.0445338149905381,49.12361111217935
211.45,0.04350099726768677,46.44198784603473
211.5,0.04249358456131312,43.68294625832962
211.55,0.041514064860966725,40.842219419048114
211.6,0.04056516908840728,37.91559158567257
211.65,0.03964988156557723,34.89899459538705
211.7,0.0387714469551602,31.78862809233272
211.75,0.03793337222758027,28.581105747134817
211.8,0.037139421963556574,25.273628461176425
211.85,0.036393605103551795,21.86418367600117
211.9,0.03570015115621819,18.351767204374124
211.95,0.03506347394277647,14.736620424210237
212.0,0.03448812125744444,11.020471345481319
212.05,0.033978709437388815,7.206763325845976
212.1,0.03353984280860963,3.3008507191159855
212.15,0.033176019308780905,-0.6898625599808976
212.2,0.03289152521142951,-4.755866531740665
212.25,0.03269032362110603,-8.88559318309068
212.3,0.032575943016535734,-13.065584805386619
212.35,0.03255137326783002,-17.28078753753476
212.4,0.03261897693043883,-21.51496107438039
212.45,0.03278042300334814,-25.75118065521188
212.5,0.03303664869150204,-29.9723945371075
212.55,0.03338785221467797,-34.16199196570247
212.6,0.03383351674078535,-38.30433507212229
212.65,0.034372462587642774,-42.38521352317175
212.7,0.03500292241664547,-46.3921918678023
212.75,0.03572263258233647,-50.314833872435926
212.8,0.03652893324445734,-54.14480280170603
212.85,0.03741887022326184,-57.87584904378843
212.9,0.03838929265685513,-61.50370510514224
212.95,0.03943694200034046,-65.02591232131256
213.0,0.040558529497255,-68.44160408860776
213.05,0.04175080072456069,-71.75126801700446
213.1,0.04301058702041456,-74.95650531110789
213.15,0.04433484449036357,-78.05980096137762
213.2,0.04572068185725092,-81.06431375667994
213.25,0.04716537871824928,-83.97369119059005
213.3,0.0486663958609705,-86.79191123861636
213.35,0.050221379233972754,-89.52315075266579
213.4,0.05182815902074906,-92.17167875717504
213.45,0.053484745074812406,-94.74177209141882
213.5,0.05518931976809789,-97.23765046709542
213.55,0.05694022910597508,-99.66342795650905
213.6,0.05873597278195748,-102.02307807801199
213.65,0.060575193688722724,-104.32040991269973
213.7,0.062456667271346314,-106.5590530069109
213.75,0.06437929100205945,-108.74244914665142
213.8,0.06634207417136793,-110.87384940697908
213.85,0.06834412812440381,-112.95631516704904
213.9,0.07038465702144578,-114.99272203394531
213.95,0.07246294916391581,-116.98576583373399
214.0,0.07457836890007574,-118.93797000860724
214.05,0.07673034910506259,-120.8516939073037
214.1,0.07891838421675755,-122.72914157658361
214.15,0.08114202380011762,-124.57237075822901
214.2,0.08340086660743595,-126.38330187285375
214.25,0.0856945550990835,-128.16372683222463
214.3,0.08802277038841207,-129.91531756883123
214.35,0.09038522757472914,-131.63963420775477
214.4,0.0927816714293622,-133.33813283358887
214.45,0.09521187240158431,-135.01217282606845
214.5,0.09767562291314406,-136.663023753667
214.55,0.10017273391241927,-138.29187182579045
214.6,0.10270303166136996,-139.89982591236716
214.65,0.10526635473090606,-141.48792314535558
214.7,0.10786255118223177,-143.05713412039083
214.75,0.11049147591411118,-144.60836771924565
214.8,0.11315298815769408,-146.1424755749524
214.85,0.11584694910263629,-147.66025620198846
214.9,0.11857321963980269,-149.16245881379712
214.95,0.12133165820751458,-150.64978684941178
215.0,0.12412211872978492,-152.1229012301889
215.05,0.1269444486363326,-153.58242336666362
215.1,0.12979848695538707,-155.02893793446498
215.15,0.1326840624715416,-156.46299543710862
215.2,0.13560099194191502,-157.88511457228742
215.25,0.13854907836490038,-159.29578441718206
215.3,0.14152810929673884,-160.69546644715345
215.35,0.14453785521191595,-162.08459640112434
215.4,0.1475780679043744,-163.46358600595798
215.45,0.15064847892700736,-164.8328245711137
215.5,0.1537487980679566,-166.19268046405386
215.55,0.15687871186255517,-167.54350247593337
215.6,0.1600378821407002,-168.88562108639752
215.65,0.16322594460980253,-170.21934963556143
215.7,0.16644250747419814,-171.5449854105568
215.75,0.16968715009236582,-172.86281065346452
215.8,0.17295942167386508,-174.1730934968434
215.85,0.17625884001831793,-175.4760888325587
215.9,0.17958489029941743,-176.77203911916655
215.95,0.1829370238971135,-178.06117513260966
216.0,0.18631465728183969,-179.34371666466276
216.05,0.18971717095486818,179.38012682686744
216.1,0.19314390844923143,178.11015561248794
216.15,0.19659417539620544,176.84617912649472
216.2,0.20006723866230625,175.5880154405073
216.25,0.20356232556246034,174.33549077215218
216.3,0.20707862315482803,173.0884390263153
216.35,0.21061527762329638,171.84670136652005
216.4,0.21417139375362593,170.61012581422352
216.45,0.2177460345094231,169.37856687400028
216.5,0.22133822071415743,168.15188518271592
216.55,0.22494693084550604,166.9299471809784
216.6,0.22857110094812957,165.71262480527557
216.65,0.23220962467113956,164.49979519931088
216.7,0.23586135343598433,163.29134044322305
216.75,0.23952509674068143,162.08714729939598
216.8,0.24319962260564387,160.8871069737438
216.85,0.2468836581662151,159.6911148913933
216.9,0.25057589041658174,158.49907048576569
216.95,0.2542749671090148,157.31087700018617
217.0,0.25797949781216795,156.1264413011356
217.05,0.2616880551310988,154.94567370240085
217.1,0.2653991760913359,153.7684877993866
217.15,0.26911136368823174,152.5948003129184
217.2,0.2728230886021689,151.42453094193425
217.25,0.2765327910791654,150.2576022244674
217.3,0.28023888297555005,149.09393940640408
217.35,0.2839397499641993,147.93347031752
217.4,0.28763375389902524,146.7761252543167
217.45,0.29131923533294074,145.6218368692662
217.5,0.2949945161838521,144.47054006602164
217.55,0.2986579025416381,143.32217190026344
217.6,0.30230768760833365,142.17667148581296
217.65,0.3059421547623491,141.03397990569198
217.7,0.30955958073651413,139.89404012785425
217.75,0.3131582388988102,138.75679692526882
217.8,0.31673640262333785,137.6221968001329
217.85,0.3202923487384244,136.49018791195175
217.9,0.3238243610376265,135.36072000925583
217.95,0.3273307338387344,134.23374436476095
218.0,0.33080977557507996,133.10921371375127
218.05,0.33425981240295727,131.9870821955147
218.1,0.3376791918082936,130.8673052976562
218.15,0.3410662861956415,129.74983980311043
218.2,0.3444194964419708,128.6346437397328
218.25,0.34773725539806183,127.52167633228768
218.3,0.35101803131999426,126.41089795673396
218.35,0.3542603312137189,125.3022700966647
218.4,0.3574627040759155,124.1957553017797
218.45,0.3606237440148015,123.09131714830369
218.5,0.36374209323545037,121.98892020121197
218.55,0.36681644487459303,120.88852997820028
218.6,0.36984554567115563,119.79011291528376
218.65,0.37282819845956955,118.69363633394534
218.7,0.37576326447416847,117.59906840976322
218.75,0.3786496654541725,116.50637814242207
218.8,0.3814863855401688,115.41553532705015
218.85,0.3842724729542393,114.32651052681642
218.9,0.38700704145759923,113.23927504670314
218.95,0.3896892715807864,112.15380090843054
219.0,0.39231841162329206,111.0700608264344
219.05,0.39489377842073886,109.9880281848784
219.1,0.3974147578794902,108.90767701563291
219.15,0.3998808052798505,107.82898197717056
219.2,0.402291445350617,106.7519183343505
219.25,0.4046462721190485,105.6764619390274
219.3,0.4069449485416495,104.60258921146257
219.35,0.40918720592246755,103.5302771224902
219.4,0.41137284312666916,102.45950317640134
219.45,0.41350172559828857,101.39024539452336
219.5,0.4155737841919323,100.32248229944693
219.55,0.4175890138291155,99.25619289988018
219.6,0.41954747199053305,98.19135667610531
219.65,0.42144927705632124,97.1279535659888
219.7,0.4232946065066204,96.06596395155618
219.75,0.4250836949953721,95.00536864606302
219.8,0.42681683231028633,93.94614888157885
219.85,0.4284943612322307,92.88828629703467
219.9,0.4301166753071977,91.83176292672243
219.95,0.4316842165439837,90.77656118923588
220.0,0.4331974730505189,89.72266387681437
220.05,0.43465697662153535,88.6700541450878
220.1,0.43606330028988455,87.61871550320241
220.15,0.4374170558534354,86.56863180430139
220.2,0.4387188913889703,85.5197872363631
220.25,0.4399694887639649,84.47216631336299
220.3,0.4411695611565805,83.42575386675752
220.35,0.4423198505934995,82.38053503727873
220.4,0.443421125514693,81.33649526700805
220.45,0.4444741783733984,80.2936202917505
220.5,0.44547982327904495,79.25189613366004
220.55,0.4464388936900088,78.21130909413533
220.6,0.4473522401625323,77.17184574696066
220.65,0.4482207281613301,76.13349293168177
220.7,0.44904523593680895,75.09623774721949
220.75,0.4498266524731139,74.06006754569299
220.8,0.45056587551057947,73.02496992646448
220.85,0.4512638096455739,71.99093273038349
220.9,0.4519213645100908,70.95794403422057
220.95,0.45253945303291204,69.92599214530516
221.0,0.453118989783613,68.8950655963269
221.05,0.45366088940021054,67.86515314032636
221.1,0.45416606510076435,66.83624374584686
221.15,0.4546354272788413,65.80832659224386
221.2,0.45506988218232775,64.78139106516612
221.25,0.45547033067477466,63.755426752166066
221.3,0.4558376670780556,62.730423438478006
221.35,0.4561727780949306,61.706371102919206
221.4,0.4564765418097475,60.683259913931856
221.45,0.4567498267653947,59.66108022576172
221.5,0.45699349111432563,58.63982257475158
221.55,0.45720838184140633,57.619477675767804
221.6,0.45739533405611305,56.600036418739165
221.65,0.4575551703515784,55.58148986530401
221.7,0.4576887002278128,54.56382924558452
221.75,0.4577967195764598,53.54704595504586
221.8,0.4578800102242959,52.53113155147839
221.85,0.4579393395327427,51.51607775206909
221.9,0.4579754600506167,50.501876430566774
221.95,0.45798910921733227,49.48851961455635
222.0,0.4579810091138428,48.47599948280372
222.05,0.457951866258569,47.4643083627096
222.1,0.45790237144568835,46.45343872783408
222.15,0.45783319962313485,45.4433831955084
222.2,0.45774500980777616,44.4341345245348
222.25,0.45763844503527673,43.42568561295279
222.3,0.45751413234222493,42.418029495893514
222.35,0.45737268277820914,41.411159343503414
222.4,0.4572146914455742,40.405068458933506
222.45,0.4570407375647063,39.39975027641765
222.5,0.4568513845627566,38.39519835939618
222.55,0.4566471801838279,37.39140639872834
222.6,0.4564286566187099,36.38836821095699
222.65,0.4561963306523609,35.38607773663561
222.7,0.45595070382742403,34.3845290387334
222.75,0.4556922626221223,33.38371630107844
222.8,0.45542147864101706,32.38363382688408
222.85,0.4551388088171398,31.384276037315846
222.9,0.4548446956241528,30.38563747012175
222.95,0.45453956729721773,29.38771277832392
223.0,0.45422383806136984,28.39049672895409
223.05,0.4538979083662699,27.3939842018544
223.1,0.45356216512623954,26.398170188524936
223.15,0.45321698196462523,25.403049791018432
223.2,0.45286271946153617,24.408618220902394
223.25,0.4524997254041084,23.41487079824998
223.3,0.4521283350385087,22.42180295070152
223.35,0.45174887132292924,21.429410212559908
223.4,0.4513616451808912,20.43768822393709
223.45,0.4509669557542571,19.446632729959326
223.5,0.4505650906553416,18.456239579999504
223.55,0.45015632621762874,17.46650472697803
223.6,0.4497409277445989,16.47742422669304
223.65,0.44931914975623305,15.488994237201783
223.7,0.4488912362328011,14.501211018252981
223.75,0.4484574208555783,13.51407093075288
223.8,0.4480179272441576,12.527570436287599
223.85,0.44757296919009987,11.541706096683667
223.9,0.44712275088662623,10.556474573607407
223.95,0.44666746715415245,9.5718726282261
224.0,0.44620730366146394,8.587897120888632
224.05,0.4457424371423499,7.604545010874382
224.1,0.44527303560754516,6.621813356168255
224.15,0.4447992585518638,5.639699313284962
224.2,0.4443212571564008,4.658200137143536
224.25,0.4438391744857167,3.677313180972106
224.3,0.4433531456799507,2.6970358962737113
224.35,0.4428632981417664,1.7173658328215884
224.4,0.4423697517181292,0.7383006387040861
224.45,0.44187261887685975,-0.24016193958031753
224.5,0.4413720048779589,-1.2180240569938827
224.55,0.4408680079396923,-2.1952877697744673
224.6,0.4403607193994448,-3.171955035210073
224.65,0.4398502238693432,-4.148027711372419
224.7,0.4393365993866943,-5.123507556788751
224.75,0.4388199175592428,-6.098396230087137
224.8,0.43830024370529563,-7.072695289573033
224.85,0.4377776369887521,-8.04640619277398
224.9,0.4372521505490879,-9.019530295929789
224.95,0.4367238316263411,-9.992068853427952
225.0,0.4361927216811563,-10.964023017199422
225.05,0.4356588565099505,-11.935393836052445
225.1,0.4351222663552518,-12.906182254961502
225.15,0.434582976011291,-13.876389114303542
225.2,0.43404100492488823,-14.846015149033272
225.25,0.4334963672917436,-15.815060987813967
225.3,0.43294907214815315,-16.783527152082947
225.35,0.43239912345826387,-17.751414055062988
225.4,0.4318465201969098,-18.718722000724316
225.45,0.43129125642813104,-19.685451182667318
225.5,0.43073332137941645,-20.651601682968693
225.55,0.43017269951178005,-21.617173470942078
225.6,0.429609370585716,-22.582166401851747
225.65,0.4290433097231244,-23.546580215556048
225.7,0.4284744874652803,-24.510414535077498
225.75,0.4279028698269123,-25.473668865115815
225.8,0.42732841834647406,-26.436342590479764
225.85,0.4267510901326838,-27.39843497445166
225.9,0.42617083790739363,-28.35994515708295
225.95,0.4255876100448796,-29.3208721533996
226.0,0.4250013506076142,-30.28121485154455
226.05,0.4244119993785944,-31.240972010827196
226.1,0.4238194918903148,-32.2001422596954
226.15,0.42322375945042184,-33.158724093627846
226.2,0.42262472916417126,-34.116715872921056
226.25,0.4220223239537124,-35.074115820408295
226.3,0.42141646257431736,-36.0309220190626
226.35,0.42080705962758125,-36.98713240952002
226.4,0.4201940255717041,-37.942744787497396
226.45,0.4195772667289116,-38.897756801102176
226.5,0.41895668529007907,-39.852165948047
226.55,0.4183321793166549,-40.80596957274324
226.6,0.4177036427399351,-41.75916486328767
226.65,0.41707096535777327,-42.71174884833549
226.7,0.41643403282881564,-43.6637183938397
226.75,0.4157927266643014,-44.615070199679366
226.8,0.4151469242175585,-45.56580079614783
226.85,0.4144964986712264,-46.51590654030959
226.9,0.41384131902231425,-47.465383612225374
226.95,0.4131812500651782,-48.41422801101649
227.0,0.41251615237248845,-49.36243555080044
227.05,0.41184588227429814,-50.31000185645201
227.1,0.411170291835268,-51.25692235921782
227.15,0.410489228830193,-52.20319229216085
227.2,0.4098025367178775,-53.148806685425384
227.25,0.40911005461348926,-54.0937603613344
227.3,0.4084116172594929,-55.03804792928966
227.35,0.40770705499527,-55.98166378048306
227.4,0.40699619372552176,-56.924602082414
227.45,0.40627885488761717,-57.86685677317992
227.5,0.40555485541795255,-58.80842155557313
227.55,0.4048240077175028,-59.7492898909303
227.6,0.4040861196166713,-60.68945499276212
227.65,0.40334099433957543,-61.62890982013364
227.7,0.40258843046795,-62.56764707078604
227.75,0.4018282219047716,-63.505659174006524
227.8,0.4010601578378279,-64.44293828320538
227.85,0.4002840227033412,-65.37947626822313
227.9,0.399499596149882,-66.31526470732727
227.95,0.39870665300271024,-67.25029487890158
228.0,0.3979049632287865,-68.18455775281443
228.05,0.3970942919026322,-69.1180439814394
228.1,0.3962743991732664,-70.05074389033251
228.15,0.39544504023244337,-70.98264746853599
228.2,0.39460596528445346,-71.913744358495
228.25,0.39375691951769515,-72.84402384558415
228.3,0.3928976430783385,-73.77347484719722
228.35,0.39202787104630166,-74.70208590141729
228.4,0.39114733341388525,-75.62984515521812
228.45,0.39025575506732874,-76.55674035218746
228.5,0.3893528557716185,-77.48275881976197
228.55,0.3884383501589135,-78.40788745592141
228.6,0.3875119477208751,-79.33211271535447
228.65,0.38657335280533883,-80.25542059503955
228.7,0.38562226461765453,-81.17779661923211
228.75,0.3846583772271226,-82.0992258238277
228.8,0.38368137957893533,-83.01969274006112
228.85,0.3826909555120569,-83.93918137752462
228.9,0.38168678378349147,-84.8576752064647
228.95,0.38066853809942036,-85.77515713931649
229.0,0.37963588715367447,-86.69160951145984
229.05,0.3785884946740788,-87.60701406112632
229.1,0.37752601947716424,-88.52135190845266
229.15,0.3764481155318207,-89.43460353360604
229.2,0.3753544320324299,-90.3467487539539
229.25,0.3742446134820691,-91.2577667002293
229.3,0.3731182997864127,-92.16763579162355
229.35,0.37197512635888225,-93.07633370978107
229.4,0.3708147242377771,-93.98383737161082
229.45,0.3696367202159489,-94.8901229008713
229.5,0.36844073698375895,-95.7951655984632
229.55,0.36722639328595535,-96.69893991134998
229.6,0.365993304093226,-97.60141940005352
229.65,0.36474108078907647,-98.50257670463327
229.7,0.36346933137283166,-99.40238350907062
229.75,0.3621776606794398,-100.3008105039871
229.8,0.3608656706168861,-101.19782734757747
229.85,0.35953296042190835,-102.09340262469516
229.9,0.35817912693485104,-102.98750380395796
229.95,0.35680376489435955,-103.88009719278264
230.0,0.35540646725271957,-104.7711478902308
230.05,0.3539868255126027,-105.66061973753128
230.1,0.35254443008596137,-106.54847526616759
230.15,0.35107887067585947,-107.43467564337243
230.2,0.3495897366819353,-108.31918061489306
230.25,0.34807661763026504,-109.20194844486844
230.3,0.34653910362831436,-110.08293585264141
230.35,0.3449767858456669,-110.96209794634014
230.4,0.3433892570211629,-111.83938815302821
230.45,0.34177611199712915,-112.71475814521871
230.5,0.34013694828119595,-113.58815776355051
230.55,0.33847136663635224,-114.45953493536615
230.6,0.33677897169961674,-115.328835588978
230.65,0.3350593726298703,-116.19600356332833
230.7,0.3333121837851485,-117.06098051277789
230.75,0.3315370254297602,-117.92370580671745
230.8,0.3297335244714518,-118.78411642367023
230.85,0.32790131522878946,-119.64214683955201
230.9,0.32604004022882954,-120.49772890970851
230.95,0.3241493510351012,-121.35079174433491
231.0,0.32222890910576435,-122.20126157685868
231.05,0.32027838668175446,-123.04906162481504
231.1,0.3182974677046171,-123.89411194274386
231.15,0.3162858487635907,-124.73632926656961
231.2,0.31424324007144044,-125.57562684890347
231.25,0.31216936646832794,-126.41191428467398
231.3,0.31006396845304446,-127.2450973264134
231.35,0.3079268032405891,-128.0750776885291
231.4,0.30575764584518367,-128.90175283978724
231.45,0.3035562901874869,-129.7250157832108
231.5,0.30132255022480375,-130.54475482252866
231.55,0.2990562611028505,-131.36085331422427
231.6,0.2967572803275864,-132.17318940419688
231.65,0.29442548895547777,-132.98163574794015
231.7,0.2920607928004766,-133.78605921306922
231.75,0.2896631236558663,-134.58632056294854
231.8,0.2872324405290813,-135.38227412004898
231.85,0.2847687308875152,-136.1737674075875
231.9,0.28227201191325507,-136.96064076786112
231.95,0.27974233176473595,-137.74272695557514
232.0,0.2771797708431042,-138.5198507043417
232.05,0.274584443061385,-139.2918282643473
232.1,0.2719564971142178,-140.05846690907705
232.15,0.26929611774636164,-140.8195644087713
232.2,0.2666035270179828,-141.57490846813602
232.25,0.2638789855650534,-142.3242761256268
232.3,0.26112279385329507,-143.06743311139684
232.35,0.2583352934243756,-143.80413316081086
232.4,0.2555168681332509,-144.53411728013873
232.45,0.2526679453760476,-145.25711296081514
232.5,0.24978899730802662,-145.9728333383653
232.55,0.2468805420518924,-146.68097629178467
232.6,0.24394314489698013,-147.38122347887693
232.65,0.24097741949056714,-148.07323930269135
232.7,0.23798402902325538,-148.75666980387092
232.75,0.23496368741090373,-149.43114147335802
232.8,0.23191716047672495,-150.0962599795063
232.85,0.22884526713770412,-150.751608803294
232.9,0.22574888060083964,-151.3967477749032
232.95,0.22262892957553437,-152.0312115045628
233.0,0.21948639950981502,-152.65450770016412
233.05,0.21632233385931038,-153.26611536378465
233.1,0.21313783539929557,-153.86548285895014
233.15,0.20993406759164102,-154.4520258401737
233.2,0.2067122560201964,-155.02512503613434
233.25,0.20347368990967465,-155.5841238777765
233.3,0.20021972374526592,-156.12832596267043
233.35,0.19695177901176564,-156.65699234727268
233.4,0.19367134607340106,-157.16933865923951
233.45,0.1903799862174678,-157.66453202284808
233.5,0.1870793338870458,-158.14168779190055
233.55,0.1837710991305496,-158.599866086373
233.6,0.18045707029772706,-159.03806813169052
233.65,0.17713911701427765,-159.4552324030109
233.7,0.17381919346903135,-159.85023058153024
233.75,0.17049934204966344,-160.22186333589508
233.8,0.16718169736434418,-160.56885594954073
233.85,0.1638684906877807,-160.88985382475934
233.9,0.1605620548703834,-161.18341790680188
233.95,0.1572648297487194,-161.44802008710994
234.0,0.1539793680932972,-161.68203866435377
234.05,0.15070834212621653,-161.88375396623104
234.1,0.14745455063494747,-162.05134426472597
234.15,0.1442209266998291,-162.18288215379468
234.2,0.14101054603981295,-162.2763316022133
234.25,0.1378266359636147,-162.3295459467318
234.3,0.13467258488971143,-162.3402671526907
234.35,0.131551952367511,-162.30612674176507
234.4,0.12846847949200352,-162.2246488700106
234.45,0.12542609955283626,-162.09325613371635
234.5,0.12242894869486279,-161.90927878465186
234.55,0.11948137628796518,-161.66996814742424
234.6,0.11658795460815684,-161.37251514512218
234.65,0.11375348731766063,-161.01407494728682
234.7,0.11098301609874611,-160.59179884501333
234.75,0.10828182464514442,-160.10287451476614
234.8,0.1056554390495904,-159.54457583305884
234.85,0.10310962345245857,-158.91432331924707
234.9,0.10065036964638664,-158.209756078357
234.95,0.09828387918117991,-157.42881574967097
235.0,0.09601653640652938,-156.56984239851872
235.05,0.0938548708572127,-155.63168148135654
235.1,0.09180550746451767,-154.61379994588697
235.15,0.08987510331006159,-153.51640820385657
235.2,0.08807027006562639,-152.34058318299142
235.25,0.0863974819187203,-151.08838603418602
235.3,0.08486296968323664,-149.76296651779566
235.35,0.08347260292257043,-148.36864486693977
235.4,0.08223176321056444,-146.9109613250647
235.45,0.08114521301556041,-145.3966838890695
235.5,0.08021696595683242,-143.8337663101995
235.55,0.0794501651577947,-142.2312512282851
235.6,0.07884697690595374,-140.5991173417297
235.65,0.07840850665823576,-138.94807439044226
235.7,0.07813474351105505,-137.28931485195878
235.75,0.07802453760907727,-135.6342358684499
235.8,0.0780756127431009,-133.99414827312484
235.85,0.07828461384497083,-132.37999107870473
235.9,0.07864718655105557,-130.80206915491675
235.95,0.07915808380265027,-129.2698291735852
236.0,0.07981129284614778,-127.7916847135888
236.05,0.08060017514137022,-126.37489640602446
236.1,0.08151761160673489,-125.02550793985142
236.15,0.0825561462310417,-123.7483343171044
236.2,0.08370812218723397,-122.54699540590033
236.25,0.08496580598108396,-121.42398578975049
236.3,0.08632149665103735,-120.3807711175982
236.35,0.08776761843632186,-119.41790141357875
236.4,0.08929679653313995,-118.53513281414784
236.45,0.09090191650329515,-117.73155065255713
236.5,0.09257616857146461,-117.00568843484406
236.55,0.09431307846658965,-116.35563883992344
236.6,0.09610652666866676,-115.77915429398298
236.65,0.09795075796261815,-115.2737358449203
236.7,0.09984038312325302,-114.83670997509239
236.75,0.10177037440199972,-114.46529365267226
236.8,0.10373605629094079,-114.156648365771
236.85,0.1057330928289258,-113.90792414946213
236.9,0.1077574725058547,-113.71629474534136
236.95,0.10980549162623285,-113.57898506376519
237.0,0.11187373681851209,-113.49329208195661
237.05,0.1139590672248607,-113.45660023202247
237.1,0.11605859677786284,-113.46639223032183
237.15,0.11816967686421828,-113.520256187351
237.2,0.12028987958946814,-113.61588972446907
237.25,0.12241698178881467,-113.7511017164369
237.3,0.12454894987540346,-113.92381218017418
237.35,0.12668392557576888,-114.13205074219265
237.4,0.1288202125709559,-114.37395404015973
237.45,0.13095626403856023,-114.64776234785727
237.5,0.13309067107442502,-114.95181565656816
237.55,0.13522215196106505,-115.2845493987694
237.6,0.13734954224240303,-115.6444899608048
237.65,0.1394717855598132,-116.03025009891215
237.7,0.1415879252020857,-116.44052434660287
237.75,0.14369709632141853,-116.87408447996745
237.8,0.1457985187679398,-117.32977509024886
237.85,0.14789149049686076,-117.80650929923861
237.9,0.1499753815041308,-118.3032646421115
237.95,0.1520496282489775,-118.81907913371407
238.0,0.15411372852410982,-119.35304752760605
238.05,0.15616723673708835,-119.90431777198293
238.1,0.15820975956888486,-120.4720876626705
238.15,0.1602409519783174,-121.05560169042141
238.2,0.16226051352340537,-121.65414807758971
238.25,0.16426818497316065,-122.26705599771324
238.3,0.16626374518537937,-122.89369297047902
238.35,0.16824700822823466,-123.533462423888
238.4,0.17021782072520725,-124.18580141504694
238.45,0.17217605940478342,-124.85017850087722
238.5,0.17412162883793864,-125.5260917500519
238.55,0.17605445934783995,-126.21306688761551
238.6,0.17797450507773918,-126.91065556399302
238.65,0.17988174220401723,-127.61843374038848
238.7,0.1817761672827643,-128.33600018293163
238.75,0.1836577957190441,-129.06297505830196
238.8,0.18552666034914617,-129.7989986239527
238.85,0.18738281012681454,-130.54373000644983
238.9,0.1892263089053525,-131.29684606182948
238.95,0.19105723430808724,-132.0580403122627
239.0,0.1928756766804368,-132.82702195368998
239.05,0.19468173811727113,-133.60351492943104
239.1,0.1964755315599376,-134.38725706513745
239.15,0.19825717995762637,-135.17799926074574
239.2,0.2000268154883659,-135.97550473542384
239.25,0.201784578835178,-136.77954832176613
239.3,0.20353061851338153,-137.58991580576802
239.35,0.20526509024533837,-138.40640330937163
239.4,0.20698815637918389,-139.22881671257997
239.45,0.20869998534844778,-140.05697111238834
239.5,0.21040075116960966,-140.89069031595454
239.55,0.21209063297497124,-141.7298063656372
239.6,0.21376981457832583,-142.574159093695
239.65,0.21543848407119429,-143.42359570460536
239.7,0.2170968334474679,-144.27797038310413
239.75,0.21874505825456403,-145.13714392620156
239.8,0.22038335726922884,-146.0009833975343
239.85,0.22201193219637905,-146.8693618025599
239.9,0.22363098738935716,-147.7421577831793
239.95,0.22524072959022987,-148.6192553305027
240.0,0.22684136768872534,-149.50054351454438
240.05,0.22843311249862006,-150.3859162297388
240.1,0.23001617655036813,-151.27527195522828
240.15,0.23159077389892327,-152.16851352897118
240.2,0.23315711994574453,-153.0655479347663
240.25,0.23471543127401612,-153.96628610136304
240.3,0.23626592549625933,-154.87064271288892
240.35,0.23780882111344248,-155.77853602986377
240.4,0.23934433738491082,-156.68988772014734
240.45,0.24087269420832255,-157.6046226991788
240.5,0.24239411200901168,-158.52266897894316
240.55,0.2439088116380596,-159.44395752511272
240.6,0.245417014278565,-160.36842212186747
240.65,0.2469189413594781,-161.29599924392056
240.7,0.2484148144765543,-162.2266279353126
240.75,0.2499048553198512,-163.16024969456197
240.8,0.2513892856073889,-164.0968083657974
240.85,0.2528683270244577,-165.0362500355033
240.9,0.25434220116823547,-165.97852293456262
240.95,0.2558111294972522,-166.92357734526783
241.0,0.25727533328537877,-167.8713655130187
241.05,0.2587350335799788,-168.82184156243576
241.1,0.2601904511638716,-169.77496141762387
241.15,0.2616418065208258,-170.73068272636453
241.2,0.2630893198042325,-171.68896478799257
241.25,0.2645332108087288,-172.64976848476607
241.3,0.26597369894443096,-173.61305621651871
241.35,0.2674110032135814,-174.57879183842047
241.4,0.2688453421893008,-175.54694060166733
241.45,0.2702769339962361,-176.5174690969422
241.5,0.27170599629284975,-177.4903452004869
241.55,0.27313274625515216,-178.4655380226537
241.6,0.2745574005616134,-179.44301785878645
241.65,0.27598017537909963,179.57724385767648
241.7,0.2774012863495659,178.5952746000175
241.75,0.2788209485773608,177.6111007910679
241.8,0.28023937661690546,176.62474784416472
241.85,0.28165678446055625,175.63624020233584
241.9,0.28307338552651073,174.64560137579485
241.95,0.284489392646479,173.6528539778544
242.0,0.28590501805303276,172.65801975932115
242.05,0.28732047336636923,171.66111964146762
242.1,0.2887359695803529,170.66217374764167
242.15,0.290151717047629,169.66120143359262
242.2,0.29156792546364785,168.6582213165752
242.25,0.2929848038493793,167.65325130330046
242.3,0.2944025605325822,166.64630861678043
242.35,0.29582140312738164,165.6374098221406
242.4,0.2972415385120387,164.62657085142996
242.45,0.29866317280463917,163.6138070275036
242.5,0.3000865113365839,162.59913308700362
242.55,0.3015117586236254,161.58256320249902
242.6,0.3029391183342814,160.56411100381766
242.65,0.3043687932554141,159.54378959861108
242.7,0.3058009852547451,158.52161159219906
242.75,0.3072358952401291,157.49758910671778
242.8,0.30867372311531444,156.4717337996149
242.85,0.3101146677320163,155.4440568815215
242.9,0.311558926838024,154.41456913352926
242.95,0.3130066970211353,153.38328092390475
243.0,0.3144581736486372,152.3502022242725
243.05,0.3159135508021259,151.31534262528143
243.1,0.31737302120733346,150.27871135179782
243.15,0.3188367761587724,149.24031727762613
243.2,0.32030500543883567,148.20016893980443
243.25,0.32177789723113087,147.15827455247555
243.3,0.32325563802770335,146.11464202036953
243.35,0.32473841252986124,145.06927895190753
243.4,0.32622640354228677,144.0221926719466
243.45,0.32771979186008265,142.97339023419298
243.5,0.32921875614844487,141.92287843328347
243.55,0.3307234728145764,140.87066381656805
243.6,0.33223411587152313,139.81675269559878
243.65,0.3337508567935131,138.76115115734063
243.7,0.3352738643624533,137.70386507512103
243.75,0.33680330450515894,136.64490011933162
243.8,0.3383393401209409,135.58426176788777
243.85,0.3398821308990865,134.52195531647126
243.9,0.3414318331258683,133.45798588854723
243.95,0.342988599480562,132.39235844519047
244.0,0.3445525788201037,131.32507779470828
244.05,0.34612391595184455,130.25614860208816
244.1,0.3477027513940018,129.18557539826605
244.15,0.3492892211232679,128.11336258923188
244.2,0.35088345630911955,127.03951446497628
244.25,0.3524855830343098,125.96403520828962
244.3,0.35409572200103934,124.88692890342067
244.35,0.3557139882223074,123.80819954459739
244.4,0.35734049069789026,122.72785104442242
244.45,0.35897533207446786,121.64588724214406
244.5,0.36061860828932146,120.56231191181672
244.55,0.3622704081971403,119.47712877034408
244.6,0.36393081317933185,118.39034148542731
244.65,0.3655998967354147,117.30195368340019
244.7,0.3672777240558772,116.21196895698252
244.75,0.36896435157608926,115.12039087293206
244.8,0.3706598265106946,114.02722297961672
244.85,0.3723641863680901,112.9324688145
244.9,0.3740774584444491,111.83613191154637
244.95,0.3757996592969432,110.73821580855032
245.0,0.37753079419568236,109.6387240543954
245.05,0.37927085655407494,108.53766021623501
245.1,0.3810198273372173,107.43502788661264
245.15,0.38277767444807353,106.33083069050873
245.2,0.3845443520912033,105.22507229232527
245.25,0.3863198001138381,104.11775640281006
245.3,0.3881039433242648,103.00888678591298
245.35,0.389896690787399,101.89846726559122
245.4,0.3916979350977115,100.78650173254204
245.45,0.3935075516295415,99.67299415088996
245.5,0.39532539776514625,98.55794856480493
245.55,0.3971513121007972,97.44136910507035
245.6,0.3989851136314345,96.32325999558785
245.65,0.400826600914506,95.20362555982541
245.7,0.40267555121379073,94.08247022720639
245.75,0.40453171962410944,92.95979853944252
245.8,0.40639483817809796,91.83561515680073
245.85,0.40826461493630617,90.70992486431874
245.9,0.41014073306219634,89.58273257794605
245.95,0.41202284988374244,88.45404335063246
246.0,0.41391059594360863,87.32386237834803
246.05,0.4158035740402074,86.19219500603272
246.1,0.4177013582620385,85.05904673348711
246.15,0.4196034930182146,83.92442322117913
246.2,0.4215094920681533,82.78833029599123
246.25,0.4234188375539615,81.65077395688408
246.3,0.4253309790391396,80.511760380486
246.35,0.42724533255780994,79.37129592660294
246.4,0.4291612796788392,78.22938714363909
246.45,0.4310781665897272,77.08604077394182
246.5,0.43299530320545765,75.94126375904763
246.55,0.43491196230793666,74.79506324483854
246.6,0.43682737872197,73.64744658660877
246.65,0.43874074853429307,72.49842135401587
246.7,0.4406512283623324,71.34799533595154
246.75,0.4425579346800526,70.19617654528241
246.8,0.44445994320840276,69.04297322349473
246.85,0.4463562883783955,67.88839384522329
246.9,0.4482459628752288,66.73244712264834
246.95,0.45012791727206725,65.57514200979185
247.0,0.45200105976262933,64.41648770666285
247.05,0.4538642560018122,63.25649366328862
247.1,0.45571632906397724,62.09516958360279
247.15,0.4575560595286288,60.93252542919055
247.2,0.45938218570340467,59.76857142289776
247.25,0.46119340399433983,58.603318052282894
247.3,0.4629883694334134,57.43677607291678
247.35,0.46476569637324994,56.26895651153211
247.4,0.4665239593587485,55.09987066899298
247.45,0.4682616941850573,53.92953012312115
247.5,0.46997739915104714,52.757946731326825
247.55,0.4716695365168369,51.585132633080605
247.6,0.4733365341733962,50.41110025219827
247.65,0.4749767875314612,49.235862298935594
247.7,0.47658866163611346,48.05943177191035
247.75,0.4781704935124356,46.88182195980983
247.8,0.4797205947463533,45.70304644291869
247.85,0.48123725430361897,44.52311909443727
247.9,0.4827187415883216,43.34205408159254
247.95,0.48416330974078914,42.159865866548806
248.0,0.4855691991729637,40.97656920709736
248.05,0.486934641337536,39.79217915713248
248.1,0.488257862725036,38.60671106691432
248.15,0.48953708908112986,37.42018058309318
248.2,0.49077054983402835,36.23260364853239
248.25,0.4919564827198341,35.04399650187776
248.3,0.4930931385911637,33.85437567691422
248.35,0.4941787863922243,32.66375800168391
248.4,0.49521171828105937,31.472160597360546
248.45,0.4961902548774381,30.279600876906393
248.5,0.49711275061263493,29.08609654346816
248.55,0.49797759915515577,27.89166558854949
248.6,0.4987832388844859,26.69632628993622
248.65,0.49952815838308423,25.50009720937662
248.7,0.5002109019151941,24.30299719002865
248.75,0.5008300748596118,23.10504535365593
248.8,0.5013843490624608,21.90626109758427
248.85,0.5018724680750988,20.706664091423512
248.9,0.5022932522418595,19.506274273531233
248.95,0.5026456036020541,18.305111847261106
249.0,0.5029285105709839,17.103197276948055
249.05,0.5031410523651898,15.900551283675997
249.1,0.5032824031382416,14.69719484080158
249.15,0.503351835794706,13.493149169245134
249.2,0.5033487254516859,12.288435732562354
249.25,0.503272552519569,11.083076231777495
249.3,0.5031229053760402,9.877092600004934
249.35,0.502899482610347,8.67050699684788
249.4,0.5026020948179759,7.46334180257975
249.45,0.5022306659293103,6.255619612126015
249.5,0.5017852340595614,5.04736322883193
249.55,0.5012659518711049,3.8385956580344933
249.6,0.500673086443366,2.62934010044801
249.65,0.5000070186494479,1.4196199453451965
249.7,0.4992682420428604,0.20945876358129548
249.75,0.49845736126169116,-1.001119699579259
249.8,0.4975750899616267,-2.212091531788099
249.85,0.4966222482930248,-3.4234326611033175
249.9,0.4955997599408972,-4.635118863636215
249.95,0.4945086487500853,-5.8471257713325855
250.0,0.49335003496102264,-7.059428879900346
250.05,0.4921251310842931,-8.272003556860575
250.1,0.49083523744463164,-9.484825049717811
250.15,0.4894817374271181,-10.697868494239879
250.2,0.4880660924599516,-11.911108922843374
250.25,0.4865898367695067,-13.124521273065922
250.3,0.4850545719442225,-14.338080396121079
250.35,0.4834619613442992,-15.551761065532133
250.4,0.48181372439428516,-16.765537985823137
250.45,0.4801116307952775,-17.9793858012607
250.5,0.47835749469276345,-19.193279104646667
250.55,0.47655316883513066,-20.407192446134083
250.6,0.4747005387564838,-21.62110034207366
250.65,0.4728015170158923,-22.834977283864042
250.7,0.47085803752320005,-24.048797746811054
250.75,0.46887204997963167,-25.262536198972064
250.8,0.4668455144590573,-26.476167109980647
250.85,0.46478039615354383,-27.689664959847764
250.9,0.46267866030431304,-28.903004247715465
250.95,0.4605422673367447,-30.116159500561746
251.0,0.458373168215553,-31.329105281842605
251.05,0.4561733000337131,-32.541816200067515
251.1,0.45394458184631775,-33.75426691728453
251.15,0.45168891075801504,-34.966432157483
251.2,0.44940815827050345,-36.17828671488507
251.25,0.44710416689417104,-37.389805462135456
251.3,0.44477874702607856,-38.60096335835415
251.35,0.4424336740942927,-39.81173545708054
251.4,0.440070685967009,-41.02209691405626
251.45,0.43769148062305835,-42.23202299487176
251.5,0.43529771407900847,-43.44148908244718
251.55,0.43289099856669555,-44.65047068435314
251.6,0.4304729009538622,-45.85894343994954
251.65,0.42804494139954485,-47.06688312734775
251.7,0.4256085922350514,-48.27426567017427
251.75,0.4231652770605487,-49.48106714414475
251.8,0.4207163700468783,-50.687263783419105
251.85,0.41826319543157575,-51.89283198675742
251.9,0.4158070271979583,-53.097748323447654
251.95,0.41334908892583416,-54.30198953900619
252.0,0.4108905538022838,-55.505532560651645
252.05,0.40843254478108754,-56.70835450253263
252.1,0.405976134879312,-57.910432670720155
252.15,0.40352234759989136,-59.11174456794202
252.2,0.40107215746911434,-60.312267898071276
252.25,0.398626490678389,-61.51198057034937
252.3,0.39618622581984586,-62.71086070334795
252.35,0.39375219470582895,-63.90888662866781
252.4,0.39132518326266824,-65.10603689436317
252.45,0.3889059324896527,-66.30229026808918
252.5,0.3864951394744412,-67.49762573997887
252.55,0.38409345845678644,-68.69202252523564
252.6,0.3817015019328111,-69.88546006644195
252.65,0.3793198417925604,-71.07791803558852
252.7,0.37694901048413865,-72.26937633580945
252.75,0.3745895021980614,-73.45981510283725
252.8,0.372241774066078,-74.64921470615367
252.85,0.3699062473690001,-75.83755574986972
252.9,0.3675833087487262,-77.02481907329235
252.95,0.36527331141985075,-78.21098575121124
253.0,0.3629765763768676,-79.39603709388354
253.05,0.36069339359316893,-80.57995464673057
253.1,0.35842402320862715,-81.76272018973236
253.15,0.35616869670267265,-82.9443157365343
253.2,0.35392761805034245,-84.12472353325087
253.25,0.3517009648588727,-85.3039260569836
253.3,0.34948888948291357,-86.48190601402894
253.35,0.3472915201164904,-87.65864633781192
253.4,0.34510896186033924,-88.83413018650734
253.45,0.34294129776327925,-90.00834094037307
253.5,0.34078858983658433,-91.18126219879314
253.55,0.33865088004056515,-92.35287777701976
253.6,0.33652819124264544,-93.52317170263021
253.65,0.33442052814650985,-94.69212821168301
253.7,0.3323278781919304,-95.85973174458876
253.75,0.3302502124251473,-97.02596694168288
253.8,0.32818748633968653,-98.19081863850651
253.85,0.3261396406876907,-99.35427186080086
253.9,0.32410660226190546,-100.51631181920244
253.95,0.3220882846485803,-101.67692390364644
254.0,0.32008458895156494,-102.83609367748055
254.05,0.31809540448804846,-103.99380687127818
254.1,0.3161206094563302,-105.1500493763636
254.15,0.31416007157618603,-106.30480723803518
254.2,0.31221364870234825,-107.4580666484915
254.25,0.31028118941168686,-108.60981393946047
254.3,0.3083625335647214,-109.76003557452154
254.35,0.3064575128421259,-110.9087181411287
254.4,0.3045659512568564,-112.0558483423214
254.45,0.30268766564261873,-113.20141298812455
254.5,0.3008224661193397,-114.34539898663894
254.55,0.29897015653640086,-115.48779333480248
254.6,0.2971305348942577,-116.62858310883547
254.65,0.2953033937452373,-117.76775545435227
254.7,0.29348852057413616,-118.90529757614102
254.75,0.2916856981594194,-120.04119672759276
254.8,0.2898947049156269,-121.17544019978563
254.85,0.2881153152176998,-122.30801531021348
254.9,0.28634729970794043,-123.43890939114588
254.95,0.28459042558623887,-124.56810977760362
255.0,0.28284445688421717,-125.69560379495624
255.05,0.2811091547239409,-126.8213787461215
255.1,0.2793842775618378,-127.94542189834202
255.15,0.27766958141841275,-129.0677204695512
255.2,0.275964820094354,-130.18826161428842
255.25,0.2742697453736326,-131.3070324091729
255.3,0.2725841072141522,-132.42401983788287
255.35,0.2709076539264825,-133.5392107756742
255.4,0.26924013234120897,-134.65259197336337
255.45,0.2675812879654389,-135.76415004079968
255.5,0.265930865128944,-136.87387142976633
255.55,0.26428860712043073,-137.98174241632069
255.6,0.26265425631438044,-139.08774908251948
255.65,0.2610275542889386,-140.1918772975231
255.7,0.25940824193532347,-141.29411269802932
255.75,0.25779605955906437,-142.39444066802366
255.8,0.25619074697362604,-143.49284631779477
255.85,0.2545920435866447,-144.58931446220186
255.9,0.2529996884793524,-145.68382959812428
255.95,0.2514134204793565,-146.77637588107794
256.0,0.24983297822727007,-147.8669371009487
256.05,0.24825810023747627,-148.95549665677922
256.1,0.24668852495336774,-150.04203753058664
256.15,0.24512399079737415,-151.1265422601237
256.2,0.24356423621607518,-152.2089929105734
256.25,0.24200899972075557,-153.28937104504814
256.3,0.24045801992361096,-154.367657693898
256.35,0.2389110355699332,-155.44383332270408
256.4,0.23736778556651436,-156.51787779892274
256.45,0.23582800900660625,-157.58977035706732
256.5,0.23429144519157907,-158.65948956235056
256.55,0.23275783364963032,-159.72701327272134
256.6,0.2312269141516961,-160.7923185991617
256.65,0.22969842672493906,-161.85538186414914
256.7,0.22817211166385848,-162.91617855819865
256.75,0.22664770953942334,-163.97468329432058
256.8,0.22512496120636338,-165.03086976029533
256.85,0.22360360780887292,-166.0847106686169
256.9,0.22208339078490702,-167.13617770396058
256.95,0.22056405186934605,-168.185241468018
257.0,0.21904533309623936,-169.2318714214976
257.05,0.2175269768002829,-170.2760358231685
257.1,0.21600872561784396,-171.3177016656914
257.15,0.2144903224876598,-172.35683460805177
257.2,0.21297151065153555,-173.39339890437464
257.25,0.2114520336551671,-174.4273573288454
257.3,0.2099316353494055,-175.45867109650976
257.35,0.20841005989211614,-176.4872997796368
257.4,0.20688705175098765,-177.51320121935922
257.45,0.20536235570739775,-178.53633143225062
257.5,0.20383571686175783,-179.55664451147047
257.55,0.2023068806404215,179.42590747787318
257.6,0.20077559280464372,178.4113746096061
257.65,0.19924159946169667,177.39980921404054
257.7,0.1977046470785562,176.3912660026724
257.75,0.196164482498479,175.38580220060487
257.8,0.19462085296075857,174.38347768721079
257.85,0.19307350612409782,173.38435514570176
257.9,0.1915221900938688,172.38850022224872
257.95,0.18996665345383465,171.3959816954118
258.0,0.1884066453026101,170.40687165667418
258.05,0.18684191529543304,169.4212457029237
258.1,0.18527221369166927,168.43918314186033
258.15,0.18369729140872024,167.4607672113528
258.2,0.18211690008271605,166.48608531384346
258.25,0.1805307921368434,165.51522926707264
258.3,0.17893872085777324,164.54829557242235
258.35,0.17734044048113617,163.58538570238173
258.4,0.17573570628663232,162.62660640870956
258.45,0.17412427470377673,161.67207005306966
258.5,0.17250590342924535,160.7218949620857
258.55,0.170880351556686,159.7762058088881
258.6,0.16924737972031875,158.8351340235247
258.65,0.16760675025338712,157.8988182347737
258.7,0.16595822736294372,156.96740474616985
258.75,0.1643015773223302,156.04104804937285
258.8,0.16263656868307488,155.11991137827056
258.85,0.1609629725078921,154.2041673076212
258.9,0.15928056262689252,153.29399840039724
258.95,0.15758911591901525,152.38959790845874
259.0,0.15588841262126857,151.49117053168396
259.05,0.1541782366682511,150.59893324120432
259.1,0.1524583760651283,149.71311617307398
259.15,0.15072862329715858,148.83396359935568
259.2,0.14898877577954303,147.96173498439092
259.25,0.14723863635165965,147.0967061349513
259.3,0.14547801382021827,146.23917045390067
259.35,0.14370672355647013,145.38944030815412
259.4,0.14192458815309378,144.54784852296152
259.45,0.14013143814733353,143.71475001598142
259.5,0.1383271128174217,142.8905235862106
259.55,0.13651146106052134,142.07557387461983
259.6,0.13468434236124974,141.27033351545364
259.65,0.13284562786128665,140.4752654994325
259.7,0.13099520154155514,139.69086577271736
259.75,0.12913296153051082,138.91766609852314
259.8,0.12725882155340812,138.1562372115751
259.85,0.12537271253994695,137.40719229948422
259.9,0.12347458440971518,136.6711908493899
259.95,0.12156440805790576,135.9489429031748
260.0,0.11964217756694379,135.24121377007103
260.05,0.11770791267333876,134.5488292517469
260.1,0.11576166152355483,133.87268144206365
260.15,0.11380350375764602,133.21373517164557
260.2,0.11183355396548031,132.57303517634546
260.25,0.10985196556707938,131.95171407872348
260.3,0.10785893517685355,131.3510012827384
260.35,0.10585470752074878,130.77223289418166
260.4,0.10383958098655656,130.216862792782
260.45,0.10181391390023405,129.68647499645377
260.5,0.09977813163648529,129.18279747352585
260.55,0.09773273468906563,128.70771757467972
260.6,0.0956783078472512,128.26329927214158
260.65,0.09361553064845775,127.85180240834113
260.7,0.09154518930495857,127.47570416835157
260.75,0.0894681903348341,127.13772299763502
260.8,0.08738557616401704,126.84084518556924
260.85,0.08529854300846974,126.58835432111285
260.9,0.08320846139270381,126.38386379274644
260.95,0.08111689971347076,126.23135244061872
261.0,0.07902565131364492,126.13520336073954
261.05,0.07693676559040788,126.10024568967745
261.1,0.07485258371918586,126.13179893709635
261.15,0.07277577962523527,126.23571904644737
261.2,0.07070940686753885,126.41844480351827
261.25,0.06865695210092342,126.68704241580899
261.3,0.06662239572722263,127.04924497454694
261.35,0.06461028020241281,127.51348199105563
261.4,0.06262578618393128,128.08889216509414
261.45,0.06067481621399796,128.78530989289393
261.5,0.05876408485011232,129.61321268932426
261.55,0.05690121295921879,130.58361270577828
261.6,0.05509482215586627,131.70787108570806
261.65,0.05335462295482867,132.99740956569914
261.7,0.051691487035226705,134.46329060047012
261.75,0.05011749010359789,136.11563724694363
261.8,0.0486459074651271,137.96286992505588
261.85,0.04729114023943067,140.01075268756622
261.9,0.046068547442645665,142.261270660186
261.95,0.04499415981521345,144.7114052110367
262.0,0.04408425769457106,147.35193208118403
262.05,0.04335480960109496,150.16643005332017
262.1,0.042820791234440166,153.13073343260717
262.15,0.042495433883422855,156.2130627079165
262.2,0.042389480293798215,159.3749990360763
262.25,0.04251054489381918,162.57332399543807
262.3,0.042862674104227234,165.76255467685698
262.35,0.04344617668725129,168.89782627711628
262.4,0.04425774834936472,171.93767863299186
262.45,0.04529086234241244,174.84633001909546
262.5,0.04653635477653072,177.59515946035685
262.55,0.04798311140662574,-179.83668885959915
262.6,0.04961876435176634,-177.462488288411
262.65,0.05143032674564645,-175.28869518493923
262.7,0.053404720932053486,-173.3160559781342
262.75,0.05552918257157098,-171.5408381601322
262.8,0.05779154349533125,-169.95602343232864
262.85,0.06018040867815194,-168.55236388886846
262.9,0.06268524823542483,-167.31925564845008
262.95,0.06529642591806221,-166.2454224374801
263.0,0.06800518328548,-165.3194245012962
263.05,0.07080359521050979,-164.53001916389795
263.1,0.07368450866439571,-163.8664023189602
263.15,0.07664147340708738,-163.31835849491588
263.2,0.0796686704921222,-162.87634331806143
263.25,0.08276084241288316,-162.53151772156713
263.3,0.08591322719683411,-162.27574895433176
263.35,0.08912149768979122,-162.10158971802352
263.4,0.09238170655659152,-162.00224372094564
263.45,0.09569023706317126,-161.97152355971897
263.5,0.09904375942435749,-162.00380503636367
263.55,0.10243919234369121,-162.09398068412625
263.6,0.10587366929535494,-162.2374143079891
263.65,0.10934450907476201,-162.4298976578077
263.7,0.11284919015248988,-162.667609871613
263.75,0.11638532839308695,-162.94707999811703
263.8,0.1199506577364492,-163.26515268807572
263.85,0.12354301347948508,-163.61895700243969
263.9,0.12716031783591766,-164.00587819768316
263.95,0.13080056749028413,-164.42353229870014
264.0,0.134461822897472,-164.86974324490282
264.05,0.13814219911124986,-165.3425223873536
264.1,0.1418398579530967,-165.84005011766865
264.15,0.14555300135787613,-166.3606594190486
264.2,0.14927986575412275,-166.90282114325723
264.25,0.1530187173557988,-167.46513083259939
264.3,0.15676784825813045,-168.04629692196642
264.35,0.16052557324404043,-168.64513017167997
264.4,0.16429022721962963,-169.26053419698172
264.45,0.1680601632070176,-169.8914969740177
264.5,0.1718337508315083,-170.5370832151823
264.55,0.17560937524745443,-171.19642751844606
264.6,0.17938543645324784,-171.8687282059438
264.65,0.1831603489512778,-172.5532417766383
264.7,0.18693254171315435,-173.24927790641857
264.75,0.19070045841426203,-173.95619493655462
264.8,0.1944625579052292,-174.67339579815044
264.85,0.19821731489037864,-175.40032432621976
264.9,0.2019632207860344,-176.13646192224323
264.95,0.20569878473321923,-176.88132452874672
265.0,0.20942253474155267,-177.6344598834985
265.05,0.21313301894253686,-178.39544502463173
265.1,0.21682880693178425,-179.1638840210893
265.15,0.2205084911812854,-179.9394059057143
265.2,0.22417068850380267,179.27833720927757
265.25,0.22781404155263968,178.4896718524417
265.3,0.23143722034102096,177.6949047649705
265.35,0.23503892376637686,176.89432433861703
265.4,0.23861788112572585,176.08820193252149
265.45,0.24217285360923235,175.2767930804138
265.5,0.24570263575983037,174.4603385984922
265.55,0.24920605688807151,173.6390656031764
265.6,0.25268198243165335,172.81318844702852
265.65,0.25612931525052435,171.98290958027866
265.7,0.25954699684884924,171.14842034463484
265.75,0.26293400851645343,170.30990170541654
265.8,0.2662893723828202,169.46752492742488
265.85,0.2696121523778891,168.6214521994737
265.9,0.27290145509451136,167.77183721197747
265.95,0.27615643054854183,166.91882569162934
266.0,0.2793762728330499,166.06255589677775
266.05,0.2825602206642678,165.20315907678244
266.1,0.2857075578174561,164.34075989833644
266.15,0.2888176134517317,163.47547684145107
266.2,0.29188976232368935,162.60742256756862
266.25,0.2949234248901589,161.73670426202875
266.3,0.297918067301423,160.863423952933
266.35,0.3008732012864934,159.98767880825685
266.4,0.30378838393300456,159.10956141290058
266.45,0.3066632173644117,158.2291600272255
266.5,0.3094973483180962,157.34655882850407
266.55,0.31229046762813556,156.46183813653354
266.6,0.3150423096170617,155.57507462464565
266.65,0.3177526514010884,154.6863415171599
266.7,0.32042131211391683,153.79570877429427
266.75,0.32304815205413395,152.90324326542816
266.8,0.3256330717616307,152.00900893157652
266.85,0.32817601102857236,151.11306693782873
266.9,0.33067694785056273,150.2154758164599
266.95,0.33313589732374843,149.31629160137885
267.0,0.335552910493457,148.41556795451618
267.05,0.33792807316033807,147.51335628468166
267.1,0.3402615046494338,146.6097058594308
267.15,0.34255335654797786,145.70466391040043
267.2,0.34480381141720323,144.7982757325496
267.25,0.34701308148369725,143.89058477771525
267.3,0.3491814073152916,142.98163274284536
267.35,0.3513090564866072,142.07145965327516
267.4,0.35339632223888395,141.1601039413416
267.45,0.35544352213878694,140.24760252065514
267.5,0.35745099674033814,139.3339908563047
267.55,0.3594191082541686,138.41930303122186
267.6,0.3613482392277728,137.5035718089917
267.65,0.36323879124035835,136.5868286932868
267.7,0.36509118361558146,135.66910398415712
267.75,0.36690585215505694,134.75042683135828
267.8,0.3686832478955322,133.83082528489746
267.85,0.37042383589204153,132.91032634296693
267.9,0.37212809402940356,131.9889559974114
267.95,0.3737965118638624,131.06673927688357
268.0,0.37542958949671734,130.14370028783125
268.05,0.37702783648134475,129.21986225340868
268.1,0.37859177076490996,128.29524755047171
268.15,0.3801219176657127,127.36987774474079
268.2,0.3816188088871081,126.44377362424386
268.25,0.38308298156852966,125.51695523113534
268.3,0.3845149773741096,124.58944189197533
268.35,0.38591534161913815,123.66125224657561
268.4,0.3872846224344818,122.73240427545495
268.45,0.38862336996895086,121.80291532601122
268.5,0.389932135629321,120.87280213747749
268.55,0.3912114713578781,119.94208086469976
268.6,0.39246192894689397,119.01076710083125
268.65,0.39368405938964685,118.07887589898331
268.7,0.3948784122672399,117.14642179289339
268.75,0.39604553517064073,116.21341881666027
268.8,0.3971859731570682,115.27988052359046
268.85,0.39830026823996284,114.34582000421334
268.9,0.399388958911578,113.41124990349293
268.95,0.40045257969731585,112.47618243728226
269.0,0.4014916607407911,111.54062940807304
269.05,0.40250672741862487,110.60460222004811
269.1,0.40349829998393644,109.66811189349458
269.15,0.40446689323748175,108.73116907859671
269.2,0.40541301622536774,107.79378406864906
269.25,0.4063371719622812,106.85596681270232
269.3,0.40723985717916367,105.91772692769095
269.35,0.4081215620942285,104.97907371004887
269.4,0.40898277020633855,104.04001614684184
269.45,0.40982395810957556,103.10056292644609
269.5,0.41064559532807826,102.16072244879524
269.55,0.41144814417004116,101.22050283520373
269.6,0.4122320595999454,100.27991193779198
269.65,0.41299778912795265,99.33895734854363
269.7,0.41374577271558827,98.3976464079914
269.75,0.41447644269673295,97.45598621356714
269.8,0.4151902237130269,96.51398362761198
269.85,0.4158875326627994,95.5716452850908
269.9,0.4165687786626797,94.62897760098471
269.95,0.4172343630210695,93.68598677741225
270.0,0.41788467922266287,92.74267881047084
270.05,0.4185201129232555,91.79905949682514
270.1,0.4191410419541152,90.85513444002748
270.15,0.41974783633521145,89.91090905661476
270.2,0.42034085829657153,88.96638858197048
270.25,0.42092046230720687,88.0215780759681
270.3,0.4214869951108918,87.07648242840294
270.35,0.42204079576827175,86.13110636422552
270.4,0.42258219570469147,85.18545444858196
270.45,0.423111518763227,84.23953109166413
270.5,0.4236290812624024,83.29334055339665
270.55,0.4241351920580947,82.34688694794075
270.6,0.42463015260917375,81.40017424804265
270.65,0.425114257046441,80.45320628922347
270.7,0.42558779224443466,79.50598677382463
270.75,0.42605103789573046,78.55851927490049
270.8,0.4265042665873366,77.61080723998565
270.85,0.42694774387886597,76.66285399472343
270.9,0.42738172838213145,75.7146627463637
270.95,0.42780647184184806,74.76623658714654
271.0,0.42822221921716386,73.81757849756704
271.05,0.42862920876373845,72.86869134953099
271.1,0.4290276721160996,71.91957790938787
271.15,0.42941783437005104,70.97024084088301
271.2,0.42979991416486546,70.02068270799106
271.25,0.4301741237651099,69.07090597766584
271.3,0.43054066914183453,68.12091302248663
271.35,0.43089975005298553,67.17070612323378
271.4,0.4312515601228346,66.22028747135721
271.45,0.43159628692028945,65.26965917137788
271.5,0.4319341120358966,64.31882324320512
271.55,0.43226521115741856,63.36778162438612
271.6,0.43258975414385326,62.41653617226451
271.65,0.432907905097738,61.46508866608811
271.7,0.4332198224356694,60.51344080903491
271.75,0.4335256589568806,59.56159423018304
271.8,0.43382556190981464,58.60955048641319
271.85,0.4341196730565774,57.65731106425112
271.9,0.4344081287351894,56.70487738165412
271.95,0.4346910599195448,55.75225078973334
272.0,0.4349685922770194,54.79943257443713
272.05,0.4352408462236421,53.84642395816735
272.1,0.43550793697676043,52.89322610135293
272.15,0.43576997460514966,51.93984010397163
272.2,0.436027064076506,50.98626700703004
272.25,0.4362793053022533,50.03250779398928
272.3,0.4365267931796364,49.07856339215899
272.35,0.4367696176310261,48.12443467404207
272.4,0.4370078636404267,47.170122458638616
272.45,0.43724161128710765,46.21562751270877
272.5,0.43747093577632845,45.26095055200934
272.55,0.43769590746714804,44.30609224248606
272.6,0.43791659189723736,43.35105320142192
272.65,0.4381330498046994,42.39583399857152
272.7,0.4383453371468339,41.44043515724578
272.75,0.4385535051158456,40.4848571553759
272.8,0.43875760015144305,39.52910042653644
272.85,0.4389576639503034,38.573165360956175
272.9,0.43915373347239356,37.61705230647925
272.95,0.4393458409440932,36.660761569514
273.0,0.4395340138581195,35.70429341595016
273.05,0.4397182749702177,34.747648072057984
273.1,0.43989864229257836,33.790825725348306
273.15,0.44007512908400304,32.8338265254212
273.2,0.4402477438367424,31.876650584787367
273.25,0.44041649026001534,30.919297979669814
273.3,0.44058136726019287,29.961768750782376
273.35,0.4407423689176031,29.004062904087696
273.4,0.44089948445995925,28.046180411538707
273.45,0.44105269823237875,27.088121211792256
273.5,0.44120198966398505,26.129885210920595
273.55,0.4413473332310613,25.171472283089663
273.6,0.4414886984167672,24.21288227122873
273.65,0.44162604966736674,23.25411498768015
273.7,0.44175934634498487,22.295170214838407
273.75,0.4418885426768722,21.336047705767083
273.8,0.44201358770115434,20.376747184806874
273.85,0.44213442520907764,19.417268348173188
273.9,0.44225099368373577,18.45761086452764
273.95,0.4423632262352669,17.497774375545962
274.0,0.44247105053252944,16.53775849647756
274.05,0.44257438873125565,15.577562816688877
274.1,0.442673157398684,14.617186900188313
274.15,0.44276726743468076,13.6566302861521
274.2,0.4428566239893582,12.695892489435687
274.25,0.44294112637721783,11.734973001076089
274.3,0.4430206679878112,10.773871288778647
274.35,0.4430951361929866,9.812586797411962
274.4,0.44316441225070047,8.851118949472834
274.45,0.44322837120547787,7.889467145558104
274.5,0.4432868817855311,6.9276307648259134
274.55,0.44333980629660436,5.965609165452722
274.6,0.44338700051259244,5.003401685075364
274.65,0.44342831356301304,4.041007641235541
274.7,0.44346358781738127,3.0784263318152596
274.75,0.44349265876660543,2.1156570354691273
274.8,0.4435153549014688,1.1526990120502683
274.85,0.4435314975883209,0.18955150303546991
274.9,0.44354090094207865,-0.7737862680610571
274.95,0.44354337169670416,-1.7373150952712375
275.0,0.4435387090732474,-2.7010357897549997
275.05,0.4435267046456695,-3.664949179395121
275.1,0.44350714220457976,-4.629056108387682
275.15,0.4434797976191056,-5.593357436834701
275.2,0.44344443869708844,-6.557854040339326
275.25,0.4434008250438266,-7.5225468096008274
275.3,0.4433487079196549,-8.487436650009789
275.35,0.4432878300965634,-9.452524481238155
275.4,0.4432179257142145,-10.417811236840462
275.45,0.4431387201356276,-11.38329786384627
275.5,0.4430499298028931,-12.348985322346119
275.55,0.4429512620932847,-13.314874585079867
275.6,0.4428424151761506,-14.280966637030106
275.65,0.4427230778710157,-15.24726247500066
275.7,0.4425929295073748,-16.213763107195902
275.75,0.44245163978659846,-17.180469552795323
275.8,0.442298868646562,-18.147382841525676
275.85,0.4421342661294697,-19.114504013226842
275.9,0.4419574722535283,-20.081834117402448
275.95,0.44176811688906004,-21.049374212786823
276.0,0.4415658196397519,-22.017125366878883
276.05,0.4413501897297328,-22.98508865548084
276.1,0.44112082589724516,-23.95326516223168
276.15,0.4408773162956954,-24.92165597812504
276.2,0.44061923840292777,-25.8902622010201
276.25,0.44034615893961515,-26.859084935140473
276.3,0.4400576337976849,-27.828125290562472
276.35,0.4397532079797692,-28.797384382694652
276.4,0.4394324155506939,-29.76686333173584
276.45,0.43909477960210674,-30.736563262135597
276.5,0.4387398122313422,-31.706485302019956
276.55,0.4383670145357046,-32.67663058261297
276.6,0.4379758766233998,-33.64700023765055
276.65,0.4375658776423668,-34.617595402756265
276.7,0.437136485828354,-35.58841721481619
276.75,0.43668715857354473,-36.55946681132729
276.8,0.436217342517223,-37.530745329726166
276.85,0.4357264736598305,-38.50225390669716
276.9,0.43521397750199653,-39.473993677453095
276.95,0.43467926920996197,-40.445965775007245
277.0,0.43412175380906537,-41.41817132939828
277.05,0.43354082640677316,-42.39061146689929
277.1,0.4329358724469288,-43.36328730920718
277.15,0.43230626799680905,-44.33619997258779
277.2,0.43165138006866255,-45.309350566997615
277.25,0.43097056697732217,-46.28274019516993
277.3,0.43026317873557884,-47.25636995166867
277.35,0.4295285574889185,-48.23024092190899
277.4,0.4287660379912371,-49.2043541811233
277.45,0.42797494812311254,-50.17871079331636
277.5,0.42715460945415656,-51.15331181014586
277.55,0.4263043378509418,-52.128158269780464
277.6,0.4254234441319077,-53.10325119570181
277.65,0.42451123477057684,-54.07859159545965
277.7,0.4235670126483115,-55.05418045937356
277.75,0.42259007785776564,-56.03001875917997
277.8,0.421579728557979,-57.00610744662101
277.85,0.4205352618820204,-57.98244745197669
277.9,0.41945597489781855,-58.959039682523155
277.95,0.41834116562274176,-59.93588502093884
278.0,0.4171901340922043,-60.91298432362459
278.05,0.41600218348240225,-61.890338418951806
278.1,0.4147766212870218,-62.86794810544608
278.15,0.4135127605475516,-63.8458141498651
278.2,0.4122099211364907,-64.82393728520701
278.25,0.41086743109246565,-65.80231820861437
278.3,0.4094846280060124,-66.7809575791917
278.35,0.4080608604543675,-67.75985601570754
278.4,0.40659548948332064,-68.73901409419396
278.45,0.40508789013372487,-69.71843234544038
278.5,0.4035374530101024,-70.6981112523471
278.55,0.4019435858880611,-71.6780512471608
278.6,0.40030571535713816,-72.65825270858214
278.65,0.39862328849509254,-73.63871595871761
278.7,0.3968957745693793,-74.61944125988383
278.75,0.39512266676098073,-75.60042881125646
278.8,0.39330348390548786,-76.58167874534203
278.85,0.39143777224582976,-77.56319112428062
278.9,0.38952510719073324,-78.54496593594016
278.95,0.38756509507245157,-79.52700308983798
279.0,0.3855573748971311,-80.50930241281698
279.05,0.3835016200806671,-81.49186364451823
279.1,0.38139754016267396,-82.47468643260329
279.15,0.3792448824908653,-83.45777032772551
279.2,0.3770434338678656,-84.44111477822496
279.25,0.37479302215231763,-85.4247191245456
279.3,0.37249351780594014,-86.40858259333318
279.35,0.3701448353780391,-87.39270429121945
279.4,0.36774693491898414,-88.37708319825343
279.45,0.36529982331407596,-89.36171816097065
279.5,0.3628035555293714,-90.34660788506204
279.55,0.36025823576103116,-91.3317509276242
279.6,0.35766401848002083,-92.31714568897972
279.65,0.35502110936428827,-93.30279040399712
279.7,0.35232976611072586,-94.288683132923
279.75,0.34959029911971906,-95.27482175165831
279.8,0.34680307204553973,-96.26120394146643
279.85,0.3439685022063474,-97.24782717804753
279.9,0.34108706084817275,-98.23468871995733
279.95,0.3381592732578403,-99.2217855963197
280.0,0.3351857187206844,-100.20911459376521
280.05,0.33216703031958034,-101.19667224255844
280.1,0.3291038945724847,-102.18445480185284
280.15,0.3259970509069031,-103.17245824400314
280.2,0.3228472909703157,-104.16067823785718
280.25,0.3196554577766166,-105.14911013097552
280.3,0.3164224446895973,-106.13774893066626
280.35,0.31314919424545806,-107.12658928377532
280.4,0.3098366968173387,-108.11562545509585
280.45,0.30648598912567787,-109.10485130434418
280.5,0.30309815259938444,-110.09426026152076
280.55,0.29967431159351615,-111.08384530058599
280.6,0.29621563147017826,-112.07359891127668
280.65,0.29272331655014405,-113.06351306892904
280.7,0.28919860794347607,-114.0535792021273
280.75,0.2856427812681861,-115.04378815801047
280.8,0.28205714426670986,-116.03413016502611
280.85,0.278443034330312,-117.02459479291106
280.9,0.27480181594237074,-118.0151709096653
280.95,0.271134878051664,-119.00584663524658
281.0,0.2674436313872927,-119.99660929168782
281.05,0.2637295057269609,-120.98744534931376
281.1,0.2599939471305955,-121.97834036871977
281.15,0.2562384151514169,-122.96927893807059
281.2,0.2524643800363147,-123.96024460533438
281.25,0.24867331992756173,-124.95121980490455
281.3,0.24486671807738186,-125.94218577813379
281.35,0.24104606008696022,-126.93312248711274
281.4,0.2372128311808022,-127.92400852106555
281.45,0.23336851352702792,-128.91482099460092
281.5,0.22951458361381366,-129.90553543696706
281.55,0.22565250969150585,-130.89612567138994
281.6,0.2217837492891799,-131.88656368344115
281.65,0.21790974681416897,-132.87681947724715
281.7,0.2140319312418909,-133.86686091822259
281.75,0.21015171390314802,-134.8566535608139
281.8,0.20627048637463832,-135.84616045959265
281.85,0.20238961847834983,-136.8353419617705
281.9,0.19851045639435336,-137.82415547895735
281.95,0.1946343208907208,-138.8125552357582
282.0,0.19076250567385214,-139.8004919923416
282.05,0.18689627586142563,-140.7879127378587
282.1,0.18303686657969673,-141.77476035103248
282.15,0.17918548168607948,-142.7609732237632
282.2,0.17534329261734158,-143.74648484297208
282.25,0.17151143736309463,-144.73122332514268
282.3,0.16769101956377183,-145.7151108972694
282.35,0.1638831077315958,-146.69806331680573
282.4,0.16008873459283843,-147.6799892221381
282.45,0.15630889654885097,-148.66078940367336
282.5,0.15254455325356847,-149.64035598397814
282.55,0.1487966273042017,-150.61857149347279
282.6,0.1450660040421088,-151.59530782585236
282.65,0.14135353146053078,-152.57042505452662
282.7,0.1376600202155979,-153.5437700881091
282.75,0.13398624373725687,-154.5151751387664
282.8,0.13033293843652985,-155.4844559724241
282.85,0.12670080400603226,-156.45140990366804
282.9,0.12309050381046975,-157.41581349085192
282.95,0.11950266536453805,-158.37741987786936
283.0,0.1159378808959623,-159.3359557177209
283.05,0.11239670799216873,-160.2911175992058
283.1,0.10887967032958919,-161.2425678805686
283.15,0.10538725848611326,-162.18992981215698
283.2,0.10191993083799109,-163.13278180254514
283.25,0.09847811454471297,-164.07065064756924
283.3,0.09506220662684238,-165.00300349692287
283.35,0.09167257514517146,-165.92923827528202
283.4,0.08830956049249174,-166.84867220009866
283.45,0.08497347681415443,-167.76052794050887
283.5,0.08166461357926745,-168.66391683283152
283.55,0.07838323733226486,-169.55781839702874
283.6,0.07512959366506526,-170.44105516870755
283.65,0.07190390946390751,-171.31226155000945
283.7,0.06870639550437205,-172.16984495681422
283.75,0.0655372494944645,-173.01193694968524
283.8,0.062396659702953425,-173.83633120966383
283.85,0.05928480936277012,-174.6404040465163
283.9,0.05620188211558417,-175.42101143820463
283.95,0.05314806887465029,-176.17435413169125
284.0,0.05012357664930938,-176.89579866788142
284.05,0.04712864012535793,-177.5796366466661
284.1,0.04416353718516761,-178.21875599412695
284.15,0.04122861016681315,-178.80418451756597
284.2,0.038324295659927975,-179.3244443002585
284.25,0.03545116729849551,-179.76461951879307
284.3,0.03260999886458199,179.89502098562505
284.35,0.029801860083227057,179.68111271176303
284.4,0.02702826682779735,179.63045841599597
284.45,0.024291425426948374,179.79529832034726
284.5,0.021594647067187472,-179.74784577864364
284.55,0.01894308578159335,-178.88266787375818
284.6,0.016345129600718804,-177.42453462454262
284.65,0.013815203102625339,-175.0650457992809
284.7,0.011379859544554002,-171.25865468203799
284.75,0.00909212472097548,-164.9848123094484
284.8,0.007067130855154963,-154.29932687955733
284.85,0.0055615296373137035,-136.11625705006261
284.9,0.00502303885345023,-109.8415148385449
284.95,0.005697323029216366,-84.55240829995606
285.0,0.007227688199012617,-67.8315716745006
285.05,0.009176219420632393,-58.07471970016812
285.1,0.011313318967007678,-52.3209101064366
285.15,0.013537139643489673,-48.81777585378617
285.2,0.015800348666506734,-46.64855561396711
285.25,0.018078990478988085,-45.319088442031116
285.3,0.02035995683041357,-44.5472685799618
285.35,0.022635609494945308,-44.162682646885216
285.4,0.02490127783586869,-44.05714935068137
285.45,0.027154003556237927,-44.159023730622664
285.5,0.029391868818819954,-44.419121384938194
285.55,0.03161361615225036,-44.80262684632473
285.6,0.03381842302883378,-45.28423931132605
285.65,0.03600576264319815,-45.84514951700826
285.7,0.03817531485924015,-46.471094243511104
285.75,0.040326907476367094,-47.15106766030105
285.8,0.04246047643465617,-47.876445700191255
285.85,0.044576038199849406,-48.64037744272835
285.9,0.04667367018685748,-49.43735343507978
285.95,0.048753496612832396,-50.262893895131185
286.0,0.05081567809477867,-51.11331978105841
286.05,0.05286040387874291,-51.98558218761772
286.1,0.05488788595064984,-52.87713347790249
286.15,0.05689835451361735,-53.785828730519576
286.2,0.05889205447239479,-54.70984951202893
286.25,0.060869242669746824,-55.64764429941592
286.3,0.06283018569168494,-56.59788146569033
286.35,0.06477515810768805,-57.55941184740015
286.4,0.0667044410474531,-58.53123869373426
286.45,0.06861832104059674,-59.5124933551724
286.5,0.07051708906378526,-60.502415473683136
286.55,0.0724010397531185,-61.500336732190426
286.6,0.07427047074921696,-62.50566743962477
286.65,0.07612568214980034,-63.517885391093984
286.7,0.07796697605006904,-64.53652656574626
286.75,0.07979465615533274,-65.56117731830952
286.8,0.08160902745345791,-66.59146779193013
286.85,0.08341039593735197,-67.62706633520511
286.9,0.0851990683693557,-68.66767474925257
286.95,0.08697535208124867,-69.71302422438374
287.0,0.08873955480434599,-70.76287185232734
287.05,0.09049198452552214,-71.81699762111529
287.1,0.09223294936549077,-72.87520181640029
287.15,0.09396275747629562,-73.93730276643164
287.2,0.09568171695555948,-75.00313487876724
287.25,0.09739013577531422,-76.07254692554562
287.3,0.09908832172370552,-77.14540054132648
287.35,0.10077658235794343,-78.22156890328765
287.4,0.1024552249672285,-79.30093556839694
287.45,0.1041245565445541,-80.38339344616737
287.5,0.10578488376636104,-81.46884388878959
287.55,0.10743651297920838,-82.55719588325832
287.6,0.10907975019272716,-83.64836533231299
287.65,0.11071490107816494,-84.74227441294387
287.7,0.11234227097202744,-85.83885100282774
287.75,0.1139621648841452,-86.93802816633738
287.8,0.11557488750987278,-88.03974369303229
287.85,0.11718074324591776,-89.14393968236689
287.9,0.11878003620941525,-90.25056216927207
287.95,0.12037307025996094,-91.35956078593577
288.0,0.12196014902423756,-92.47088845569083
288.05,0.12354157592300567,-93.5845011154691
288.1,0.12511765420016735,-94.70035746371421
288.15,0.12668868695364402,-95.81841873098332
288.2,0.1282549771678855,-96.93864847088558
288.25,0.12981682774776468,-98.06101236918752
288.3,0.13137454155369585,-99.18547806927808
288.35,0.13292842143773564,-100.31201501227784
288.4,0.13447877028053612,-101.44059429037122
288.45,0.13602589102898366,-102.5711885120685
288.5,0.1375700867343026,-103.70377167819166
288.55,0.1391116605905275,-104.83831906762187
288.6,0.14065091597317225,-105.97480713184117
288.65,0.14218815647794217,-107.11321339748953
288.7,0.14372368595934124,-108.25351637616805
288.75,0.14525780856901116,-109.3956954808501
288.8,0.14679082879374297,-110.5397309483282
288.85,0.14832305149291308,-111.68560376714198
288.9,0.14985478193525623,-112.83329561051075
288.95,0.15138632583485123,-113.98278877388472
289.0,0.15291798938613993,-115.13406611666596
289.05,0.15445007929787677,-116.2871110078125
289.1,0.1559829028257808,-117.44190727495985
289.15,0.15751676780389012,-118.5984391568208
289.2,0.15905198267430828,-119.75669125857685
289.25,0.16058885651531568,-120.91664851002824
289.3,0.16212769906758306,-122.07829612631481
289.35,0.16366882075843805,-123.24161957099318
289.4,0.1652125327239178,-124.40660452130457
289.45,0.16675914682850804,-125.57323683548316
289.5,0.1683089756823332,-126.74150252193995
289.55,0.1698623326556868,-127.91138771021701
289.6,0.17141953189064243,-129.08287862357557
289.65,0.17298088830959696,-130.2559615531155
289.7,0.17454671762051713,-131.4306228333354
289.75,0.17611733631869264,-132.60684881901238
289.8,0.17769306168480054,-133.7846258633767
289.85,0.17927421177896002,-134.96394029744272
289.9,0.18086110543067885,-136.1447784104664
289.95,0.18245406222433058,-137.32712643147428
290.0,0.1840534024799821,-138.51097051176774
290.05,0.1856594472292133,-139.6962967083881
290.1,0.18727251818577187,-140.8830909684749
290.15,0.1888929377106832,-142.07133911449736
290.2,0.1905210287715389,-143.26102683028543
290.25,0.19215711489563017,-144.45213964784537
290.3,0.19380152011667118,-145.64466293493908
290.35,0.19545456891467974,-146.8385818833755
290.4,0.19711658614869262,-148.0338814979818
290.45,0.1987878969819975,-149.2305465862732
290.5,0.20046882679938655,-150.4285617487366
290.55,0.2021597011161867,-151.62791136976537
290.6,0.2038608454784508,-152.82857960917758
290.65,0.20557258535410056,-154.03055039434602
290.7,0.20729524601438076,-155.23380741289364
290.75,0.20902915240529568,-156.43833410593743
290.8,0.21077462900843524,-157.64411366189967
290.85,0.2125319996908062,-158.85112901083946
290.9,0.21430158754304543,-160.05936281931415
290.95,0.21608371470555912,-161.26879748575863
291.0,0.21787870218195862,-162.4794151363588
291.05,0.21968686963931974,-163.69119762143163
291.1,0.22150853519457933,-164.90412651229036
291.15,0.22334401518651817,-166.11818309858847
291.2,0.22519362393270773,-167.33334838614712
291.25,0.22705767347071362,-168.54960309522957
291.3,0.22893647328304595,-169.76692765930594
291.35,0.23083033000496445,-170.98530222424918
291.4,0.23273954711466777,-172.20470664798452
291.45,0.23466442460501571,-173.42512050060236
291.5,0.23660525863616824,-174.6465230648819
291.55,0.23856234116828454,-175.86889333726455
291.6,0.2405359595737159,-177.09221002924474
291.65,0.24252639622779693,-178.3164515691946
291.7,0.24453392807761007,-179.5415961046009
291.75,0.24655882618779268,179.23237849530813
291.8,0.24860135526287347,178.00549463649983
291.85,0.2506617731451924,176.777774996693
291.9,0.2527403302876789,175.5492425215303
291.95,0.2548372692009155,174.3199204203399
292.0,0.2569528238735159,173.08983216154675
292.05,0.25908721916536837,171.8590014676895
292.1,0.2612406701728238,170.6274523100933
292.15,0.2634133815654221,169.3952089031672
292.2,0.2656055468933485,168.16229569835886
292.25,0.26781734786519584,166.92873737778248
292.3,0.2700489535954046,165.69455884749237
292.35,0.2723005198210557,164.45978523044886
292.4,0.2745721880874969,163.22444185917064
292.45,0.2768640849026719,161.98855426806324
292.5,0.27917632085970084,160.75214818548488
292.55,0.2815089897278636,159.51524952550312
292.6,0.28386216751181187,158.27788437938977
292.65,0.28623591147916294,157.04007900684726
292.7,0.2886302591568509,155.80185982698475
292.75,0.29104522729646937,154.56325340906815
292.8,0.29348081080943816,153.32428646301602
292.85,0.29593698167250554,152.0849858297035
292.9,0.29841368780479605,150.8453784710596
292.95,0.3009108519174693,149.60549145995412
293.0,0.3034283703374864,148.36535196993634
293.05,0.30596611180710026,147.12498726478904
293.1,0.3085239162611558,145.88442468794665
293.15,0.31110159358434736,144.64369165175864
293.2,0.3136989223511185,143.40281562663856
293.25,0.31631564855093375,142.16182413012135
293.3,0.3189514843023998,140.9207447157897
293.35,0.32160610655971045,139.67960496215034
293.4,0.32427915581547223,138.43843246142836
293.45,0.32697023480435794,137.19725480831033
293.5,0.3296789072123597,135.95609958865685
293.55,0.33240469639705383,134.7149943681802
293.6,0.33514708412439737,133.4739666811263
293.65,0.3379055093284693,132.23304401894714
293.7,0.34067936690062106,130.9922538189942
293.75,0.3434680065152554,129.75162345326308
293.8,0.3462707314997463,128.51118021715735
293.85,0.3490867977566433,127.27095131833354
293.9,0.35191541274653343,126.03096386561641
293.95,0.3547557345406984,124.79124485798535
294.0,0.3576068709526733,123.55182117369284
294.05,0.36046787875872616,122.31271955946518
294.1,0.3633377630172264,121.0739666198568
294.15,0.3662154764974307,119.83558880671308
294.2,0.36909991922833657,118.59761240881
294.25,0.37198993817855786,117.3600635416512
294.3,0.3748843270784319,116.1229681374212
294.35,0.3777818263952755,114.88635193514178
294.4,0.380681123473185,113.65024047102362
294.45,0.38358085284832516,112.41465906899874
294.5,0.38647959675059035,111.17963283149945
294.55,0.3893758858021364,109.94518663043931
294.6,0.39226819992302886,108.71134509843964
294.65,0.3951549694534684,107.47813262028457
294.7,0.39803457650156543,106.24557332462277
294.75,0.40090535652459985,105.01369107595487
294.8,0.40376560015106405,103.7825094668391
294.85,0.4066135552493313,102.55205181039886
294.9,0.4094474292477321,101.32234113309173
294.95,0.4122653917094156,100.09340016775553
295.0,0.4150655771637089,98.86525134695005
295.05,0.4178460881942026,97.6379167965785
295.1,0.4206049987817633,96.4114183298033
295.15,0.42334035789890556,95.18577744126132
295.2,0.42605019334983757,93.9610153015664
295.25,0.42873251584842764,92.73715275213465
295.3,0.43138532332403623,91.51421030028607
295.35,0.4340066054430674,90.29220811466905
295.4,0.43659434833166005,89.07116602098112
295.45,0.4391465394827715,87.85110349799048
295.5,0.4416611728285876,86.63203967387628
295.55,0.4441362539570648,85.41399332285437
295.6,0.44656980544925085,84.19698286212648
295.65,0.44895987231211676,82.98102634910478
295.7,0.4513045274796847,81.76614147895823
295.75,0.4536018773537133,80.55234558245292
295.8,0.4558500673537714,79.33965562407393
295.85,0.4580472874452124,78.12808820044549
295.9,0.460191777612773,76.91765953904837
295.95,0.4622818332468901,75.70838549720608
296.0,0.4643158104094817,74.50028156135883
296.05,0.4662921309459593,73.29336284661504
296.1,0.46820928741066037,72.08764409657171
296.15,0.4700658477736239,70.88313968339824
296.2,0.47186045987760333,69.67986360817527
296.25,0.47359185561568473,68.4778295015178
296.3,0.47525885480172686,67.27705062440667
296.35,0.47686036870772774,66.07753986929698
296.4,0.4783954032447377,64.87930976144342
296.45,0.4798630617664837,63.68237246047559
296.5,0.48126254747784125,62.486739762181635
296.55,0.4825931654332819,61.292423100522875
296.6,0.48385432411372853,60.09943354985443
296.65,0.485045536573586,58.907781827355926
296.7,0.4861664211531838,57.7174782956529
296.75,0.48721670175531023,56.528532965644445
296.8,0.4881962076880237,55.34095549950291
296.85,0.4891048730792799,54.15475521385626
296.9,0.48994273587226733,52.96994108314649
296.95,0.49070993641343397,51.786521743140504
297.0,0.4914067156482399,50.6045054946157
297.05,0.49203341294236524,49.42390030717706
297.1,0.49259046354865454,48.24471382323843
297.15,0.4930783957423171,47.06695336211488
297.2,0.49349782764882105,45.89062592426679
297.25,0.4938494637906127,44.71573819566365
297.3,0.4941340913801037,43.54229655225275
297.35,0.4943525763873414,42.37030706454334
297.4,0.49450585941152314,41.199775502302565
297.45,0.49459495138587,40.03070733933688
297.5,0.49462092914541567,38.86310775836709
297.55,0.49458493088711,37.69698165598804
297.6,0.49448815155108283,36.53233364771301
297.65,0.4943318381512288,35.36916807307926
297.7,0.4941172850822639,34.20748900081734
297.75,0.49384582942925803,33.04730023410893
297.8,0.49351884630429044,31.88860531586
297.85,0.4931377442333827,30.731407534054703
297.9,0.4927039606152246,29.575709927134415
297.95,0.4922189572715399,28.421515289432502
298.0,0.4916842161070884,27.268826176628334
298.05,0.49110123489554597,26.117644911241626
298.1,0.49047152320558124,24.967973588146332
298.15,0.48979659847968315,23.81981408010846
298.2,0.48907798227638477,22.673168043332467
298.25,0.4883171966848331,21.52803692303777
298.3,0.48751576091883475,20.384421959018436
298.35,0.486675188095951,19.24232419122862
298.4,0.4857969822055483,18.101744465360014
298.45,0.4848826352682901,16.962683438411197
298.5,0.4839336246881453,15.825141584265754
298.55,0.48295141079670334,14.689119199244583
298.6,0.48193743458844024,13.554616407664144
298.65,0.4808931156444521,12.421633167356745
298.7,0.4798198502413187,11.290169275193923
298.75,0.4787190096408225,10.160224372586606
298.8,0.47759193855553445,9.031797950951137
298.85,0.476439953784674,7.904889357159942
298.9,0.47526434301408976,6.779497798966561
298.95,0.4740663637737381,5.6556223503996605
299.0,0.4728472425457452,4.533261957125732
299.05,0.4716081740157924,3.4124154417800705
299.1,0.4703503204604678,2.2930815092733576
299.15,0.46907481126297446,1.1752587520502338
299.2,0.46778274254965513,0.058945655316270155
299.25,0.4664751769397228,-1.0558593977575967
299.3,0.46515314340064673,-2.1691581208902893
299.35,0.46381763720175145,-3.2809523195654737
299.4,0.4624696199587111,-4.391243885960077
299.45,0.4611100197618545,-5.500034793896229
299.5,0.4597397313812622,-6.607327093845958
299.55,0.4583596165420477,-7.713122907971603
299.6,0.45697050426328456,-8.817424425200693
299.65,0.4555731912544622,-9.920233896350679
299.7,0.45416844236347703,-11.021553629288764
299.75,0.45275699107061884,-12.121385984122233
299.8,0.4513395400230933,-13.219733368449132
299.85,0.44991676160516964,-14.31659823262781
299.9,0.4484892985390732,-15.411983065093766
299.95,0.4470577645122425,-16.505890387715535
300.0,0.4456227448267169,-17.59832275118469
300.05,0.44418479706681746,-18.68928273044257
300.1,0.4427444517814388,-19.77877292013718
300.15,0.44130221317762475,-20.86679593013099
300.2,0.4398585598223505,-21.953354381024848
300.25,0.4384139453496329,-23.038450899712803
300.3,0.43696879917036,-24.122088114987235
300.35,0.43552352718246057,-25.20426865315457
300.4,0.434078512479281,-26.284995133685257
300.45,0.43263411605412133,-27.364270164890637
300.5,0.43119067749926715,-28.44209633962547
300.55,0.4297485156978241,-29.51847623101371
300.6,0.4283079295070503,-30.593412388188668
300.65,0.42686919843182314,-31.666907332063857
300.7,0.4254325832872257,-32.73896355111809
300.75,0.4239983268492283,-33.809583497189166
300.8,0.42256665449269687,-34.87876958128463
300.85,0.42113777481593,-35.94652416941108
300.9,0.41971188025119194,-37.01284957840532
300.95,0.41828914766074077,-38.07774807177182
301.0,0.416869738917903,-39.14122185552634
301.05,0.4154538014729221,-40.20327307404486
301.1,0.4140414689033165,-41.263903805903354
301.15,0.4126328614486161,-42.323116059723816
301.2,0.41122808652931553,-43.38091177000963
301.25,0.4098272392500892,-44.43729279296855
301.3,0.40843040288718707,-45.492260902327864
301.35,0.4070376493601597,-46.545817785137636
301.4,0.40564903968794236,-47.59796503754782
301.45,0.40426462442949584,-48.648704160571555
301.5,0.4028844441091256,-49.69803655582108
301.55,0.4015085296267528,-50.745963521214854
301.6,0.4001369026532955,-51.79248624665039
301.65,0.39876957601145185,-52.83760580965105
301.7,0.39740655404214925,-53.88132317097289
301.75,0.3960478329569638,-54.92363917015303
301.8,0.39469340117678886,-55.96455452102896
301.85,0.3933432396570398,-57.00406980720623
301.9,0.39199732219981553,-58.042185477460585
301.95,0.3906556157532194,-59.078901841088395
302.0,0.3893180806982799,-60.11421906319345
302.05,0.38798467112371327,-61.14813715990494
302.1,0.3866553350889931,-62.18065599351593
302.15,0.3853300148759059,-63.21177526755466
302.2,0.38400864722909017,-64.24149452176931
302.25,0.38269116358577326,-65.2698131270183
302.3,0.38137749029514645,-66.29673028006741
302.35,0.3800675488276167,-67.32224499830112
302.4,0.37876125597433086,-68.34635611430966
302.45,0.37745852403726665,-69.36906227038091
302.5,0.3761592610102224,-70.39036191285966
302.55,0.37486337075102405,-71.41025328639658
302.6,0.37357075314521454,-72.42873442805491
302.65,0.3722813042616183,-73.44580316128865
302.7,0.37099491649996263,-74.46145708977154
302.75,0.36971147873096116,-75.47569359106983
302.8,0.3684308764290308,-76.48850981015839
302.85,0.3671529917980318,-77.49990265277172
302.9,0.36587770389018737,-78.5098687785698
302.95,0.36460488871855284,-79.51840459412465
303.0,0.363334419363183,-80.52550624571025
303.05,0.3620661660713603,-81.53116961188493
303.1,0.36079999635204374,-82.5353902958614
303.15,0.35953577506478324,-83.53816361765432
303.2,0.3582733645033754,-84.5394846059961
303.25,0.3570126244744446,-85.53934798998874
303.3,0.3557534123711951,-86.53774819051522
303.35,0.35449558324249475,-87.53467931137499
303.4,0.3532389898575658,-88.5301351301372
303.45,0.35198348276644237,-89.52410908868919
303.5,0.3507289103563984,-90.51659428348584
303.55,0.3494751189045111,-91.50758345546949
303.6,0.3482219526266363,-92.49706897964303
303.65,0.3469692537228379,-93.48504285429934
303.7,0.34571686241956545,-94.47149668987122
303.75,0.34446461700871184,-95.45642169739128
303.8,0.34321235388371085,-96.43980867653751
303.85,0.3419599075728537,-97.42164800326962
303.9,0.3407071107699763,-98.40192961699765
303.95,0.3394537943626942,-99.38064300729867
304.0,0.33819978745834045,-100.35777720012858
304.05,0.33694491740774435,-101.33332074353521
304.1,0.3356890098270205,-102.30726169281827
304.15,0.33443188861750517,-103.27958759514684
304.2,0.33317337598401975,-104.25028547356861
304.25,0.33191329245159146,-105.21934181040989
304.3,0.3306514568807406,-106.18674253002762
304.35,0.3293876864815841,-107.15247298088835
304.4,0.32812179682678794,-108.11651791692903
304.45,0.3268536018636003,-109.0788614781784
304.5,0.3255829139250714,-110.03948717060094
304.55,0.32430954374063303,-110.99837784511396
304.6,0.3230333004461837,-111.95551567575265
304.65,0.3217539915938074,-112.91088213693598
304.7,0.3204714231613158,-113.86445797979229
304.75,0.31918539956177555,-114.81622320747734
304.8,0.3178957236531496,-115.76615704946971
304.85,0.31660219674821904,-116.71423793476963
304.9,0.31530461862499043,-117.66044346395151
304.95,0.31400278753772837,-118.60475038000556
305.0,0.3126965002288064,-119.54713453792549
305.05,0.31138555194153367,-120.48757087295886
305.1,0.31006973643417196,-121.42603336746129
305.15,0.30874884599535146,-122.36249501628639
305.2,0.3074226714610144,-123.29692779062539
305.25,0.30609100223318014,-124.22930260022459
305.3,0.3047536263007069,-125.15958925388328
305.35,0.30341033026225805,-126.08775641817057
305.4,0.3020608993517372,-127.01377157422674
305.45,0.3007051174664217,-127.93760097258391
305.5,0.299342767198051,-128.8592095858705
305.55,0.2979736298671356,-129.77856105931394
305.6,0.2965974855607441,-130.69561765889125
305.65,0.2952141131740827,-131.6103402170383
305.7,0.2938232904561612,-132.52268807574285
305.75,0.29242479405985733,-133.4326190269041
305.8,0.29101839959672376,-134.34008924980063
305.85,0.289603881696826,-135.24505324551095
305.9,0.2881810140741112,-136.14746376809862
305.95,0.28674956959752085,-137.04727175239873
306.0,0.28530932036838125,-137.94442623820967
306.05,0.28386003780442953,-138.83887429067
306.1,0.28240149273095744,-139.73056091662187
306.15,0.28093345547947907,-140.61942897671906
306.2,0.2794556959944847,-141.50541909303894
306.25,0.27796798394877575,-142.38846955191588
306.3,0.27647008886790364,-143.26851620174605
306.35,0.2749617802642911,-144.145492345449
306.4,0.27344282778166906,-145.0193286272697
306.45,0.2719130013504546,-145.8899529135806
306.5,0.27037207135471647,-146.75729016733493
306.55,0.2688198088114848,-147.62126231577892
306.6,0.267255985563083,-148.48178811101005
306.65,0.2656803744833834,-149.33878298295903
306.7,0.26409274969868096,-150.19215888431663
306.75,0.2624928868241868,-151.04182412691455
306.8,0.2608805632170165,-151.88768320902463
306.85,0.2592555582466555,-152.72963663303145
306.9,0.2576176535839547,-153.56758071284344
306.95,0.2559666335097613,-154.4014073704281
307.0,0.2543022852443569,-155.23100392075972
307.05,0.25262439929891806,-156.056252844469
307.1,0.2509327698503175,-156.877031547385
307.15,0.24922719514065667,-157.6932121061659
307.2,0.2475074779030071,-158.50466099909045
307.25,0.24577342581491834,-159.3112388210801
307.3,0.24402485198135881,-160.11279998192896
307.35,0.2422615754487929,-160.90919238665953
307.4,0.24048342175241594,-161.7002570968369
307.45,0.23869022349835692,-162.48582797161637
307.5,0.2368818209831346,-163.26573128720864
307.55,0.23505806285249178,-164.03978533335626
307.6,0.23321880680217583,-164.80779998533495
307.65,0.23136392032308273,-165.5695762498822
307.7,0.22949328149359974,-166.324905783394
307.75,0.22760677982210906,-167.07357038055346
307.8,0.22570431714272352,-167.8153414315366
307.85,0.22378580856763494,-168.54997934576184
307.9,0.22185118349969096,-169.2772329400597
307.95,0.21990038670909356,-169.99683878902422
308.0,0.21793337947822858,-170.7085205351808
308.05,0.21595014081920824,-171.41198815650162
308.1,0.21395066876874158,-172.1069371886646
308.15,0.2119349817656158,-172.79304789935932
308.2,0.20990312011605433,-173.46998441184314
308.25,0.20785514755308562,-174.13739377483785
308.3,0.20579115289605057,-174.79490497581145
308.35,0.20371125181724753,-175.4421278946359
308.4,0.2016155887228783,-176.0786521945658
308.45,0.1995043387562755,-176.7040461475455
308.5,0.1973777099318374,-177.31785539088196
308.55,0.1952359454087098,-177.91960161248713
308.6,0.19307932591401536,-178.50878116209148
308.65,0.19090817232597304,-179.08486358613862
308.7,0.18872284842817594,-179.64729008454788
308.75,0.1865237638468217,179.8045281119424
308.8,0.1843113771836905,179.2712114442863
308.85,0.18208619935818396,178.75341380698237
308.9,0.17984879717289445,178.25182440743845
308.95,0.17759979711745114,177.7671696994257
309.0,0.1753398894265418,177.3002153851508
309.05,0.17306983240825766,176.8517684780121
309.1,0.17079045705973503,176.4226794149793
309.15,0.16850267198701238,176.0138442038209
309.2,0.1662074686463572,175.62620658576716
309.25,0.1639059269238547,175.26076018872462
309.3,0.16159922106940394,174.91855063942907
309.35,0.15928862599975244,174.6006775950009
309.4,0.15697552398324455,174.30829664488354
309.45,0.15466141171590905,174.04262102288638
309.5,0.15234790779397758,173.80492305593478
309.55,0.1500367605824698,173.5965352606687
309.6,0.14772985647151562,173.4188509812643
309.65,0.14542922850248752,173.27332444130803
309.7,0.14313706533294876,173.16147005935983
309.75,0.14085572049396464,173.0848608516487
309.8,0.1385877218730448,173.04512571652663
309.85,0.13633578133201907,173.04394536387792
309.9,0.13410280433929322,173.08304661955052
309.95,0.13189189946071758,173.16419480069666
310.0,0.12970638751120997,173.2891838245662
310.05,0.1275498101204682,173.45982368276555
310.1,0.12542593740991942,173.6779248885142
310.15,0.12333877441489532,173.9452794900875
310.2,0.12129256581669277,174.2636382445977
310.25,0.11929179847482044,174.63468356934504
310.3,0.1173412011736691,175.0599979405166
310.35,0.115445740923317,175.54102750027423
310.4,0.11361061508777326,176.079040772044
310.45,0.11184123856206782,176.67508257971497
310.5,0.11014322519315614,177.32992352621307
310.55,0.10852236264870342,178.04400571522476
310.6,0.10698457999641632,178.8173857943756
310.65,0.10553590737703326,179.64967684954354
310.7,0.10418242734964873,-179.4600088335086
310.75,0.10293021776730008,-178.513113635977
310.8,0.10178528640770809,-177.51168215613413
310.85,0.1007534980338216,-176.45839916420263
310.9,0.09984049507533044,-175.35661452695965
310.95,0.09905161367651215,-174.21035175666603
311.0,0.09839179740509094,-173.02429723232058
311.05,0.09786551140798198,-171.80376787229332
311.1,0.09747666017234125,-170.55465610010148
311.15,0.09722851224591697,-169.28335228709497
311.2,0.09712363524062066,-167.99664637205265
311.25,0.09716384416008281,-166.70161190173962
311.3,0.09735016555538288,-165.40547713390788
311.35,0.09768281925564264,-164.11548892404323
311.4,0.0981612185036988,-162.83877573684583
311.45,0.09878398833674262,-161.58221619955103
311.5,0.09954900108311165,-160.3523191358893
311.55,0.10045342699109995,-159.15512005217164
311.6,0.10149379733851419,-157.9960977189906
311.65,0.10266607694025313,-156.8801129702168
311.7,0.10396574279189996,-155.81137030105228
311.75,0.10538786564623819,-154.79340144564404
311.8,0.10692719157930354,-153.82906896898828
311.85,0.1085782210098736,-152.9205870849171
311.9,0.11033528313277777,-152.06955642923137
311.95,0.11219260425671128,-151.2770093500337
312.0,0.11414436905372134,-150.54346237417482
312.05,0.11618477419602463,-149.86897280101212
312.1,0.1183080742535833,-149.2531967932284
312.15,0.12050862004316301,-148.69544681488316
312.2,0.12278088985506197,-148.19474675791017
312.25,0.12511951414344166,-147.74988356167003
312.3,0.12751929436053416,-147.35945454146187
312.35,0.12997521665567358,-147.02190998854982
312.4,0.1324824611594785,-146.73559088240563
312.45,0.13503640754331048,-146.49876176834061
312.5,0.13763263749390886,-146.30963900709594
312.55,0.14026693468134976,-146.16641470610526
312.6,0.14293528273123918,-146.06727670428245
312.65,0.14563386164396797,-146.01042501244262
312.7,0.1483590430388325,-145.994085117612
312.75,0.15110738453958722,-146.0165185488302
312.8,0.15387562356343518,-146.0760310797534
312.85,0.1566606707265947,-146.1709789141912
312.9,0.15945960303740836,-146.29977316782708
312.95,0.16226965701185964,-146.46088292527398
313.0,0.16508822181584742,-146.65283711807317
313.05,0.16791283251322486,-146.87422543727604
313.1,0.17074116347782728,-147.12369846468718
313.15,0.17357102201070276,-147.39996717993267
313.2,0.17640034219026254,-147.70180197651965
313.25,0.1792271789721577,-148.028031298787
313.3,0.18204970254750355,-148.3775399931624
313.35,0.1848661929615195,-148.74926745107533
313.4,0.18767503498974417,-149.14220560714767
313.45,0.1904747132655676,-149.55539684453422
313.5,0.19326380765022314,-149.98793184936787
313.55,0.19604098883481505,-150.43894744791828
313.6,0.19880501416271548,-150.90762445304858
313.65,0.20155472366036353,-151.39318554076226
313.7,0.20428903626427083,-151.89489317278637
313.75,0.20700694623207977,-152.41204757717534
313.8,0.20970751972600915,-152.94398479565666
313.85,0.21238989155751511,-153.49007480381502
313.9,0.21505326208247805,-154.04971970802416
313.95,0.21769689423702207,-154.6223520213774
314.0,0.22032011070459265,-155.2074330194341
314.05,0.22292229120587145,-155.80445117559927
314.1,0.2255028699035166,-156.4129206750389
314.15,0.22806133291455025,-157.032380005457
314.2,0.23059721592378457,-157.6623906225645
314.25,0.23311010189232362,-158.3025356876914
314.3,0.23559961885567496,-158.9524188748164
314.35,0.23806543780655962,-159.61166324407844
314.4,0.2405072706579543,-160.27991017877585
314.45,0.24292486828239546,-160.9568183828174
314.5,0.24531801862382355,-161.64206293559948
314.55,0.24768654487877514,-162.33533440133502
314.6,0.2500303037438933,-163.03633798991245
314.65,0.25234918372708404,-163.7447927664485
314.7,0.25464310351990305,-164.46043090683253
314.75,0.2569120104288419,-165.18299699659417
314.8,0.2591558788635777,-165.9122473706295
314.85,0.2613747088802781,-166.64794949136854
314.9,0.2635685247781929,-167.38988136311482
314.95,0.2657373737479145,-168.1378309804074
315.0,0.2678813245698508,-168.89159580834166
315.05,0.27000046636146263,-169.65098229296046
315.1,0.2720949073718867,-170.41580539984935
315.15,0.2741647738226896,-171.18588817925408
315.2,0.2762102087935751,-171.96106135609978
315.25,0.27823137115174623,-172.7411629433848
315.3,0.28022843452386176,-173.52603787752844
315.35,0.28220158630945136,-174.31553767435167
315.4,0.284151026734684,-175.1095201044025
315.45,0.2860769679454345,-175.90784888648517
315.5,0.28797963313854114,-176.71039339824608
315.55,0.289859255730311,-177.51702840283167
315.6,0.2917160785611476,-178.32763379060776
315.65,0.2935503531353651,-179.1420943350445
315.7,0.2953623388950931,-179.96029946193343
315.75,0.29715230252737873,179.21785696889648
315.8,0.29892051730338304,178.39247687007696
315.85,0.30066726244882885,177.56365812212573
315.9,0.3023928225445582,176.73149475846162
315.95,0.30409748695641176,175.89607714060767
316.0,0.30578154929332935,175.0574921241748
316.05,0.3074453068928444,174.21582321614684
316.1,0.30908906033295286,173.371150723984
316.15,0.3107131129694958,172.5235518970226
316.2,0.3123177704981483,171.67310106058915
316.25,0.3139033405400319,170.81986974328404
316.3,0.3154701322502113,169.96392679779527
316.35,0.3170184559481016,169.10533851560996
316.4,0.31854862276899615,168.24416873598742
316.45,0.32006094433582527,167.38047894949133
316.5,0.3215557324503883,166.51432839641294
316.55,0.32303329880322723,165.6457741603288
316.6,0.3244939547013885,164.7748712571012
316.65,0.3259380108132295,163.90167271955244
316.7,0.32736577692965624,163.0262296780389
316.75,0.32877756174095396,162.14859143717084
316.8,0.3301736726285356,161.26880554887438
316.85,0.3315544154709559,160.38691788197585
316.9,0.33292009446348775,159.50297268852708
316.95,0.3342710119506319,158.61701266700803
317.0,0.3356074682708635,157.72907902261002
317.05,0.33692976161315485,156.8392115247103
317.1,0.33823818788451065,155.94744856171604
317.15,0.33953304058808276,155.05382719340594
317.2,0.3408146107112135,154.1583832008807
317.25,0.3420831866229428,153.26115113427727
317.3,0.34333905398041903,152.36216435833165
317.35,0.34458249564377286,151.46145509590605
317.4,0.3458137915988799,150.55905446959616
317.45,0.3470332188876703,149.65499254149415
317.5,0.34824105154542445,148.74929835122182
317.55,0.34943756054474817,147.84199995228806
317.6,0.35062301374569066,146.93312444688814
317.65,0.3517976758516951,146.02269801919755
317.7,0.35296180837102065,145.1107459672291
317.75,0.3541156695831471,144.1972927333521
317.8,0.3552595145099729,143.28236193350787
317.85,0.3563935948913482,142.3659763851878
317.9,0.35751815916470125,141.4481581342509
317.95,0.358633452448371,140.52892848061236
318.0,0.359739716528432,139.60830800288358
318.05,0.3608371898486644,138.68631658197103
318.1,0.3619261075034548,137.76297342372567
318.15,0.36300670123326917,136.8382970806649
318.2,0.3640791994225942,135.91230547279974
318.25,0.3651438270999472,134.98501590763507
318.3,0.36620080593986315,134.05644509935792
318.35,0.3672503542665364,133.1266091872557
318.4,0.36829268705895085,132.19552375340436
318.45,0.36932801595733283,131.2632038396473
318.5,0.3703565492706069,130.32966396392126
318.55,0.3713784919848369,129.3949181359176
318.6,0.37239404577231816,128.45897987214428
318.65,0.37340340900125946,127.52186221040226
318.7,0.3744067767458041,126.58357772368544
318.75,0.37540434079629514,125.64413853356352
318.8,0.37639628966957506,124.70355632303614
318.85,0.37738280861924006,123.76184234889219
318.9,0.3783640796455993,122.81900745360784
318.95,0.3793402815053146,121.87506207677914
319.0,0.38031158972049356,120.93001626613754
319.05,0.3812781765871635,119.98387968812462
319.1,0.38224021118296003,119.0366616380922
319.15,0.3831978593739165,118.08837105010883
319.2,0.38415128382026076,117.13901650639208
319.25,0.3851006439810411,116.18860624640071
319.3,0.38604609611751795,115.23714817558833
319.35,0.3869877932951734,114.2846498738176
319.4,0.3879258853842636,113.33111860347819
319.45,0.38886051905873753,112.37656131729283
319.5,0.389791837793482,111.42098466585239
319.55,0.39071998185973894,110.46439500485015
319.6,0.39164508831862804,109.50679840206662
319.65,0.3925672910125824,108.54820064409975
319.7,0.3934867205547196,107.58860724283174
319.75,0.394403504315924,106.62802344167993
319.8,0.39531776640958566,105.6664542216057
319.85,0.39622962767390446,104.70390430690802
319.9,0.3971392056516049,103.7403781708062
319.95,0.3980466145670014,102.77588004081582
320.0,0.39895196530026583,101.8104139039362
320.05,0.39985536535881866,100.84398351164033
320.1,0.40075691884570674,99.87659238468521
320.15,0.40165672642489214,98.90824381775309
320.2,0.40255488528328154,97.93894088390849
320.25,0.4034514890894523,96.96868643891182
320.3,0.4043466279488882,95.99748312535803
320.35,0.4052403883556732,95.02533337667506
320.4,0.4061328531404654,94.05223942096897
320.45,0.4070241014146725,93.07820328472444
320.5,0.40791420851067023,92.10322679638757
320.55,0.4088032459179826,91.12731158978629
320.6,0.4096912812152444,90.15045910745081
320.65,0.41057837799784586,89.17267060379925
320.7,0.41146459580113903,88.19394714819722
320.75,0.41234999001904404,87.21428962791562
320.8,0.41323461181792126,86.23369875097166
320.85,0.4141185080455934,85.25217504886211
320.9,0.41500172113537787,84.26971887918799
320.95,0.4158842890049381,83.28633042818238
321.0,0.4167662449498785,82.3020097131513
321.05,0.41764761753189183,81.31675658479759
321.1,0.41852843046133426,80.33057072946924
321.15,0.4194087024740535,79.34345167132432
321.2,0.4202884472023608,78.35539877438579
321.25,0.42116767303996594,77.36641124454454
321.3,0.4220463830007305,76.37648813145435
321.35,0.4229245745710964,75.38562833037327
321.4,0.4238022395560367,74.39383058390649
321.45,0.42467936391838995,73.4010934836897
321.5,0.4255559276113936,72.40741547200224
321.55,0.4264319044043243,71.41279484330406
321.6,0.42730726170105554,70.41722974570726
321.65,0.4281819603514202,69.42071818239404
321.7,0.4290559544552392,68.42325801294477
321.75,0.42992919115886136,67.42484695464083
321.8,0.430801610444114,66.42548258367954
321.85,0.4316731449095521,65.4251623363442
321.9,0.43254371954385956,64.42388351011711
321.95,0.43341325149133314,63.42164326472902
322.0,0.4342816498093468,62.418438623179185
322.05,0.43514881521771703,61.414266472670725
322.1,0.43601463983989774,60.40912356552592
322.15,0.43687900693595805,59.40300652004008
322.2,0.4377417906273165,58.395911821282226
322.25,0.4386028556132002,57.38783582186293
322.3,0.43946205687883194,56.3787747426528
322.35,0.44031923939539475,55.36872467345648
322.4,0.44117423781180143,54.35768157364428
322.45,0.442026876138372,53.34564127273678
322.5,0.44287696742248567,52.33259947097451
322.55,0.4437243134164193,51.31855173981637
322.6,0.44456870423748673,50.30349352241748
322.65,0.44540991802072794,49.287420134080065
322.7,0.4462477205644085,48.27032676264037
322.75,0.4470818649686271,47.25220846885459
322.8,0.4479120912674032,46.23306018672246
322.85,0.4487381260546209,45.212876723803944
322.9,0.4495596821043437,44.191652761480164
322.95,0.4503764579859992,43.16938285519856
323.0,0.45118813767503296,42.14606143468869
323.05,0.4519943901597019,41.121682804141386
323.1,0.4527948690447661,40.09624114236214
323.15,0.45358921215286385,39.06973050290766
323.2,0.4543770411245378,38.04214481417131
323.25,0.4551579610178365,37.013477879473605
323.3,0.4559315599086602,35.98372337710571
323.35,0.45669740849299584,34.95287486036042
323.4,0.4574550596923889,33.92092575753003
323.45,0.4582040482640088,32.88786937188722
323.5,0.45894389041689937,31.853698881655877
323.55,0.4596740834360379,30.81840733993174
323.6,0.46039410531598074,29.78198767461295
323.65,0.4611034144060224,28.744432688296396
323.7,0.4618014490689145,27.705735058150204
323.75,0.46248762735532656,26.665887335780386
323.8,0.463161346696383,25.624881947075004
323.85,0.46382198361676685,24.582711192030967
323.9,0.4644688934710073,23.539367244563245
323.95,0.46510141020576024,22.494842152294805
324.0,0.4657188461509538,21.449127836351458
324.05,0.46632049184297086,20.402216091116568
324.1,0.46690561588303225,19.354098583987636
324.15,0.46747346483421265,18.304766855121866
324.2,0.4680232631605952,17.25421231715469
324.25,0.46855421321224133,16.202426254930366
324.3,0.4690654952597961,15.14939982519584
324.35,0.46955626758261987,14.095124056312395
324.4,0.4700256666145233,13.039589847931053
324.45,0.47047280715122647,11.98278797067562
324.5,0.4708967826237585,10.924709065818842
324.55,0.4712966654420972,9.865343644942575
324.6,0.4716715074133917,8.804682089596524
324.65,0.4720203402391093,7.742714650955407
324.7,0.4723421760954679,6.679431449454633
324.75,0.4726360083014769,5.61482247444638
324.8,0.47290081207884077,4.548877583832526
324.85,0.473135545407884,3.481586503705381
324.9,0.4733391499835063,2.4129388279764186
324.95,0.47351055227501787,1.34292401800937
325.0,0.4736486646934535,0.2715314022646778
325.05,0.47375238686971344,-0.8012498240859927
325.1,0.47382060704654455,-1.8754305995136125
325.15,0.4738522035870077,-2.951021996499061
325.2,0.47384604660163426,-4.028035221903061
325.25,0.4738009996960117,-5.106481617321021
325.3,0.4737159218399593,-6.186372659438919
325.35,0.4735896693588964,-7.267719960383664
325.4,0.47342109804728905,-8.350535268075678
325.45,0.4732090654033793,-9.434830466570881
325.5,0.4729524329836384,-10.520617576382847
325.55,0.4726500688744568,-11.60790875482103
325.6,0.4723008502778328,-12.696716296306583
325.65,0.4719036662067567,-13.7870526326763
325.7,0.4714574202851081,-14.87893033349366
325.75,0.4709610336457891,-15.972362106325539
325.8,0.4704134479198147,-17.067360797030155
325.85,0.4698136283079711,-18.163939390016473
325.9,0.46916056672563516,-19.262111008503382
325.95,0.46845328501013583,-20.361888914761046
326.0,0.46769083817908313,-21.463286510329528
326.05,0.46687231772696974,-22.566317336240793
326.1,0.46599685494627546,-23.670995073209948
326.15,0.4650636242584275,-24.77733354181341
326.2,0.46407184653890865,-25.885346702665526
326.25,0.46302079242014127,-26.995048656552562
326.3,0.46190978555477746,-28.10645364456922
326.35,0.4607382058216173,-29.219576048226266
326.4,0.45950549245562755,-30.334430389549325
326.45,0.4582111470833147,-31.451031331153395
326.5,0.45685473664431614,-32.56939367628468
326.55,0.45543589618001123,-33.68953236887131
326.6,0.4539543314700483,-34.8114624935311
326.65,0.45240982149795805,-35.935199275560215
326.7,0.4508022207272776,-37.060758080919115
326.75,0.4491314611704671,-38.18815441617541
326.8,0.447397554233546,-39.31740392844166
326.85,0.4456005923203541,-40.4485224052798
326.9,0.44374075018162595,-41.58152577460127
326.95,0.44181828599529244,-42.716430104537956
327.0,0.439833542166136,-43.85325160328068
327.05,0.43778694583427996,-44.992006618922694
327.1,0.4356790090842124,-46.13271163926752
327.15,0.43351032884764135,-47.27538329162326
327.2,0.4312815864958102,-48.420038342578046
327.25,0.428993547118788,-49.566693697758964
327.3,0.42664705849166923,-50.71536640157987
327.35,0.4242430497296776,-51.86607363696541
327.4,0.421782529636563,-53.01883272507209
327.45,0.41926658475274864,-54.173661124999704
327.5,0.41669637711203217,-55.33057643347159
327.55,0.41407314171758824,-56.48959638454451
327.6,0.4113981837502483,-57.65073884927734
327.65,0.40867287552372517,-58.81402183542233
327.7,0.40589865320330804,-59.97946348710519
327.75,0.40307701330627327,-61.14708208451104
327.8,0.4002095090033843,-62.316896043578495
327.85,0.3972977462424305,-63.488923915700305
327.9,0.3943433797154202,-64.66318438744813
327.95,0.39134810869227243,-65.8396962803109
328.0,0.38831367274400264,-67.01847855044332
328.05,0.3852418473790715,-68.19955028847312
328.1,0.3821344396165497,-69.38293071931874
328.15,0.37899328351985406,-70.56863920205397
328.2,0.3758202357142635,-71.75669522982639
328.25,0.37261717091115765,-72.94711842981947
328.3,0.36938597746116025,-74.13992856329183
328.35,0.36612855295756197,-75.33514552566183
328.4,0.36284679991028473,-76.53278934670041
328.45,0.3595426215095663,-77.73288019079709
328.5,0.35621791749745085,-78.93543835731192
328.55,0.35287458016330725,-80.14048428106275
328.6,0.34951449047874,-81.34803853291498
328.65,0.3461395143852178,-82.55812182050892
328.7,0.3427514992466101,-83.77075498913264
328.75,0.33935227047679783,-84.98595902275298
328.8,0.33594362835132247,-86.20375504522485
328.85,0.3325273450101957,-87.42416432168757
328.9,0.3291051616575404,-88.64720826016745
328.95,0.3256787859621692,-89.8729084134165
329.0,0.3222498896618207,-91.10128648096705
329.05,0.3188201063722,-92.33236431149157
329.1,0.3153910296009427,-93.56616390540893
329.15,0.3119642109650558,-94.8027074178248
329.2,0.308541158609454,-96.0420171617896
329.25,0.3051233358231119,-97.28411561192728
329.3,0.3017121598483755,-98.52902540843317
329.35,0.29830900087813444,-99.77676936149479
329.4,0.2949151812347135,-101.0273704561596
329.45,0.29153197472393644,-102.28085185767137
329.5,0.2881606061569931,-103.53723691730927
329.55,0.28480225103231444,-104.79654917878791
329.6,0.28145803536949454,-106.05881238523301
329.65,0.2781290356868195,-107.32405048676813
329.7,0.27481627911378353,-108.59228764878391
329.75,0.27152074362991196,-109.86354826090037
329.8,0.2682433584211363,-111.13785694669967
329.85,0.2649850043449981,-112.41523857423958
329.9,0.261746514495928,-113.69571826745211
329.95,0.25852867486208736,-114.97932141843556
330.0,0.2553322250654515,-116.26607370071285
330.05,0.25215785917685024,-117.5560010835303
330.1,0.24900622659815072,-118.84912984724606
330.15,0.24587793300384114,-120.14548659987747
330.2,0.24277354133482468,-121.44509829487929
330.25,0.23969357283725903,-122.7479922502366
330.3,0.23663850813985768,-124.0541961689337
330.35,0.23360878836333443,-125.36373816090003
330.4,0.2306048162559979,-126.67664676650509
330.45,0.22762695734993585,-127.99295098171547
330.5,0.2246755411325526,-129.31268028496723
330.55,0.22175086222854196,-130.63586466592776
330.6,0.21885318158789446,-131.96253465617232
330.65,0.21598272767569318,-133.29272136195385
330.7,0.21313969765990395,-134.62645649914532
330.75,0.21032425859371076,-135.96377243050858
330.8,0.20753654858924106,-137.30470220538848
330.85,0.20477667797981963,-138.64927960200149
330.9,0.20204473046818197,-139.99753917246588
330.95,0.19934076425846128,-141.34951629069607
331.0,0.1966648131699273,-142.70524720335078
331.05,0.19401688773066628,-144.064769084012
331.1,0.19139697624983776,-145.42812009076164
331.15,0.18880504586717323,-146.79533942733713
331.2,0.18624104357866675,-148.1664674081037
331.25,0.18370489723760375,-149.54154552701706
331.3,0.18119651653028299,-150.92061653083837
331.35,0.17871579392594267,-152.30372449679314
331.4,0.1762626056005097,-153.69091491498676
331.45,0.17383681233400594,-155.08223477578923
331.5,0.1714382603816103,-156.47773266248916
331.55,0.1690667823183593,-157.87745884952741
331.6,0.16672219785773842,-159.2814654066083
331.65,0.16440431464444116,-160.68980630903064
331.7,0.16211292902162427,-162.10253755459064
331.75,0.1598478267732677,-163.5197172874272
331.8,0.15760878384201135,-164.9414059292162
331.85,0.1553955670232345,-166.36766631812992
331.9,0.15320793463599158,-167.7985638560069
331.95,0.15104563717156846,-169.23416666422256
332.0,0.14890841792046255,-170.67454574872508
332.05,0.1467960135785967,-172.11977517484507
332.1,0.144708154833725,-173.56993225236292
332.15,0.14264456693290098,-175.02509773151175
332.2,0.14060497023198484,-176.48535601051614
332.25,0.1385890807282014,-177.9507953553815
332.3,0.13659661057683894,-179.4215081326377
332.35,0.1346272685930271,179.10240894416955
332.4,0.132680760739832,177.62085455340534
332.45,0.13075679060365603,176.13372248882126
332.5,0.12885505985830792,174.64090136666866
332.55,0.1269752687186629,173.1422743153835
332.6,0.12511711638536516,171.63771864683977
332.65,0.12328030148172574,170.1271055080286
332.7,0.12146452248412794,168.6102995119342
332.75,0.11966947814726384,167.08715834635356
332.8,0.11789486792560512,165.55753235927347
332.85,0.11614039239253625,164.02126411939736
332.9,0.11440575365859584,162.47818795022116
332.95,0.11269065579037706,160.92812943608456
333.0,0.11099480523170137,159.37090489843857
333.05,0.10931791122876901,157.80632084051464
333.1,0.10765968626090724,156.23417335842262
333.15,0.10601984647893131,154.65424751668016
333.2,0.10439811215287857,153.06631668598152
333.25,0.10279420813132537,151.47014184097256
333.3,0.101207864314269,149.8654708156292
333.35,0.09963881614198873,148.2520375137855
333.4,0.09808680510225366,146.62956107222251
333.45,0.09655157925847221,144.99774497364533
333.5,0.09503289380152112,143.3562761068239
333.55,0.09353051162822411,141.7048237710561
333.6,0.09204420394958295,140.0430386221339
333.65,0.09057375093215177,138.37055155694975
333.7,0.08911894237616716,136.6869725339359
333.75,0.08767957843422278,134.9918893265779
333.8,0.08625547037478568,133.2848662074659
333.85,0.08484644139481667,131.56544256048065
333.9,0.08345232748641832,129.83313141911134
333.95,0.08207297836249007,128.08741792932045
334.0,0.08070825844702408,126.32775773603119
334.05,0.07935804793571105,124.55357529298456
334.1,0.07802224393324944,122.76426209684469
334.15,0.0767007616738982,120.95917484765289
334.2,0.07539353583245936,119.13763353939204
334.25,0.07410052193299359,117.2989194863431
334.3,0.07282169786324474,115.44227329349474
334.35,0.07155706550293214,113.56689278227977
334.4,0.07030665247440408,111.67193088655971
334.45,0.06907051402445497,109.75649353839627
334.5,0.06784873504611644,107.8196375684751
334.55,0.06664143224940916,105.86036865267214
334.6,0.06544875648956258,103.87763934387047
334.65,0.06427089526109542,101.87034723759798
334.7,0.06310807536504168,99.83733333072799
334.75,0.061960565755739716,97.77738064548919
334.8,0.06082868057158948,95.68921320571292
334.85,0.05971278235212459,93.57149546967997
334.9,0.0586132854403469,91.42283234343192
334.95,0.057530659565420736,89.24176992102116
335.0,0.05646543359528901,87.0267971229584
335.05,0.05541819944230683,84.77634843189429
335.1,0.05438961609660514,82.48880795440924
335.15,0.05338041375164612,80.1625150692651
335.2,0.052391397974194974,77.79577195483894
335.25,0.051423453855986755,75.38685331971021
335.3,0.05047755006716483,72.93401868909334
335.35,0.04955474271117696,70.43552762204762
335.4,0.048656178858115656,67.88965824740063
335.45,0.04778309960781887,65.2947295039651
335.5,0.046936842506642824,62.649127447760335
335.55,0.04611884311275546,59.95133593714677
335.6,0.04533063547619755,57.19997191917188
335.65,0.04457385127295997,54.39382540696986
335.7,0.04385021731012216,51.531904051545105
335.75,0.04316155110441734,48.61348196368049
335.8,0.04250975423401874,45.63815213078594
335.85,0.04189680317684873,42.605881399490904
335.9,0.04132473738354201,39.517066568185584
335.95,0.04079564439374272,36.372589673609276
336.0,0.040311641894414836,33.1738700939032
336.05,0.039874856740275556,29.922910672364242
336.1,0.039487401108224324,26.622334747106862
336.15,0.03915134613538064,23.275410817808044
336.2,0.038868693584526846,19.886061654405456
336.25,0.0386413462778193,16.458855010952988
336.3,0.038471078221295245,12.998973781046708
336.35,0.03835950548841925,9.51216441886476
336.4,0.03830805901966222,6.004663702983016
336.45,0.038317960508987385,2.483105346939259
336.5,0.03839020247549944,-1.045590576243227
336.55,0.038525533457019354,-4.574341087302776
336.6,0.03872444902034633,-8.096031267517866
336.65,0.03898718897972088,-11.603646739464542
336.7,0.039313740877981826,-15.090401532571535
336.75,0.03970384944662463,-18.549855597771273
336.8,0.04015703145335366,-21.97601709887044
336.85,0.040672595096509466,-25.36342582876914
336.9,0.04124966293334339,-28.707215522335467
336.95,0.041887197242382865,-32.00315430164706
337.0,0.042584026716513575,-35.24766384203576
337.05,0.043338873452685826,-38.43781897471806
337.1,0.04415037932879089,-41.57133027201869
337.15,0.04501713101954127,-44.64651267243935
337.2,0.04593768308099493,-47.66224341045705
337.25,0.04691057871158634,-50.617912466318856
337.3,0.04793436796243633,-53.51336850463737
337.35,0.049007623312927254,-56.34886289362162
337.4,0.05012895264437269,-59.124993950063526
337.45,0.05129700973357245,-61.84265308954044
337.5,0.05251050245078668,-64.50297411499285
337.55,0.05376819888586719,-67.10728647534894
337.6,0.05506893164610036,-69.65707298319344
337.65,0.05641160057365899,-72.15393220194844
337.7,0.05779517412362604,-74.59954549730081
337.75,0.059218689628486046,-76.99564858893599
337.8,0.06068125265543562,-79.34400732973135
337.85,0.06218203564015902,-81.64639737104363
337.9,0.06372027595777553,-83.90458733682303
337.95,0.06529527356871193,-86.12032511753108
338.0,0.06690638835591534,-88.29532690107439
338.05,0.0685530372501879,-90.43126857618988
338.1,0.07023469122279571,-92.52977916972984
338.15,0.07195087220914823,-94.59243600950336
338.2,0.07370115001407285,-96.62076133654081
338.25,0.07548513923789141,-98.61622012255616
338.3,0.07730249625298118,-100.58021887925915
338.35,0.07915291625265261,-102.51410527486996
338.4,0.08103613038775236,-104.4191683996306
338.45,0.08295190300114746,-106.29663954567144
338.5,0.08490002896592914,-108.1476933876189
338.55,0.08688033113010409,-109.97344946885345
338.6,0.08889265786778408,-111.77497391423562
338.65,0.09093688073490135,-113.55328130395253
338.7,0.0930128922260861,-115.30933665493323
338.75,0.09512060362821087,-117.04405746635871
338.8,0.097259942965393,-118.75831579418048
338.85,0.099430853029662,-120.4529403267534
338.9,0.10163328949133535,-122.128718439586
338.95,0.10386721908291784,-123.78639821219059
339.0,0.10613261785040347,-125.42669039404902
339.05,0.10842946946591299,-127.05027031013938
339.1,0.11075776359579591,-128.6577796991458
339.15,0.11311749431851605,-130.24982847974755
339.2,0.1155086585869653,-131.82699644215555
339.25,0.11793125473006355,-133.3898348635329
339.3,0.12038528098880377,-134.93886804703413
339.35,0.12287073408237394,-136.47459478512366
339.4,0.12538760780012645,-137.99748974854228
339.45,0.12793589161557556,-139.50800480272238
339.5,0.13051556931896655,-141.00657025395645
339.55,0.13312661766528652,-142.49359602780373
339.6,0.1357690050348892,-143.96947278248751
339.65,0.13844269010421273,-145.43457296003487
339.7,0.14114762052450186,-146.8892517781078
339.75,0.14388373160670123,-148.33384816536244
339.8,0.14665094501100678,-149.7686856432364
339.85,0.14944916743991,-151.19407315693624
339.9,0.152278289333911,-152.6103058584034
339.95,0.15513818356945105,-154.01766584390003
340.0,0.15802870415878634,-155.41642284874982
340.05,0.16094968495197828,-156.80683490170546
340.1,0.16390093834163055,-158.18914894128784
340.15,0.1668822539710269,-159.56360139631423
340.2,0.16989339744693285,-160.9304187327262
340.25,0.17293410905857892,-162.28981796875712
340.3,0.1760041025046845,-163.64200716030257
340.35,0.17910306363074815,-164.98718585832347
340.4,0.18223064917910875,-166.32554553992742
340.45,0.18538648555483894,-167.6572700147938
340.5,0.18857016761060408,-168.98253580835535
340.55,0.19178125745421515,-170.30151252322577
340.6,0.1950192832828138,-171.6143631801494
340.65,0.19828373824804849,-172.921244539739
340.7,0.20157407935687047,-174.2223074061645
340.75,0.20488972641305728,-175.517696913886
340.8,0.2082300610045938,-176.80755279846258
340.85,0.21159442554278898,-178.09200965239557
340.9,0.2149821223588408,-179.37119716691595
340.95,0.21839241286417854,179.3547596394416
341.0,0.2218245167808917,178.08574020469283
341.05,0.22527761144902408,176.82162821893752
341.1,0.22875083121749137,175.56231143085628
341.15,0.23224326692556008,174.30768146456856
341.2,0.23575396548204938,173.05763364618545
341.25,0.23928192954935915,171.8120668395271
341.3,0.24282611733947498,170.57088329043816
341.35,0.2463854425289783,169.3339884792217
341.4,0.24995877430018837,168.10129098071428
341.45,0.25354493751516066,166.87270233153356
341.5,0.25714271302916863,165.6481369041389
341.55,0.26075083814985883,164.42751178726806
341.6,0.26436800724818266,163.21074667240154
341.65,0.2679928725263092,161.99776374591914
341.7,0.2716240449476523,160.78848758662235
341.75,0.2752600953330858,159.582845068322
341.8,0.27889955562719526,158.38076526720945
341.85,0.2825409203372559,157.18217937373507
341.9,0.2861826481469361,155.9870206087794
341.95,0.28982316370594474,154.79522414381861
342.0,0.2934608595955575,153.606727024945
342.05,0.29709409846919077,152.4214681004657
342.1,0.30072121536588203,151.23938795191955
342.15,0.3043405201935459,150.0604288283292
342.2,0.3079503003774946,148.88453458349977
342.25,0.3115488236686995,147.71165061621755
342.3,0.31513434110471816,146.54172381318688
342.35,0.31870509011536047,145.3747024945663
342.4,0.32225929776345164,144.2105363619692
342.45,0.32579518411029657,143.04917644878233
342.5,0.32931096569368434,141.89057507272437
342.55,0.33280485910572255,140.73468579049106
342.6,0.3362750846562482,139.58146335438184
342.65,0.33971987010665117,138.43086367084518
342.7,0.3431374544581635,137.28284376080117
342.75,0.3465260917776402,136.13736172167881
342.8,0.34988405504333747,134.9943766910744
342.85,0.353209639992354,133.85384881195296
342.9,0.3565011689513035,132.71573919932356
342.95,0.3597569946312176,131.58000990828575
343.0,0.36297550386766136,130.44662390343345
343.05,0.3661551212869788,129.31554502950647
343.1,0.369294312880042,128.18673798324136
343.15,0.37239158946480405,127.06016828637586
343.2,0.3754455100199381,125.93580225973979
343.25,0.37845468487211625,124.8136069983892
343.3,0.3814177787207189,123.69355034772977
343.35,0.3843335134844193,122.57560088058187
343.4,0.3872006709554621,121.45972787515704
343.45,0.3900180952485823,120.34590129387847
343.5,0.3927846950329003,119.23409176303925
343.55,0.3954994455367483,118.12427055323658
343.6,0.39816139031664893,117.01640956054887
343.65,0.4007696427836429,115.91048128843912
343.7,0.4033233874815042,114.80645883033155
343.75,0.40582188111336465,113.70431585284625
343.8,0.4082644533146729,112.60402657965685
343.85,0.41065050717244944,111.50556577594536
343.9,0.41297951949214196,110.40890873343047
343.95,0.4152510408153205,109.31403125592901
344.0,0.4174646951926198,108.22090964546248
344.05,0.41962017971829246,107.12952068885214
344.1,0.4217172638337516,106.03984164478881
344.15,0.42375578840894107,104.95185023136828
344.2,0.42573566461149387,103.86552461407413
344.25,0.4276568725747567,102.78084339416895
344.3,0.429519459876658,101.69778559749953
344.35,0.43132353984208033,100.61633066368657
344.4,0.4330692896822857,99.53645843569572
344.45,0.4347569484852494,98.45814914974416
344.5,0.43638681507126886,97.38138342557671
344.55,0.43795924572837613,96.30614225705949
344.6,0.4394746518423547,95.23240700308523
344.65,0.44093349743595905,94.16015937879078
344.7,0.4423362966320424,93.08938144706362
344.75,0.44368361105481835,92.02005561033121
344.8,0.44497604718346656,90.95216460261996
344.85,0.4462142536715758,89.88569148187236
344.9,0.44739891864562203,88.8206196225177
344.95,0.4485307669950394,87.75693270827742
345.0,0.449610557665782,86.69461472521144
345.05,0.4506390809686943,85.63364995498314
345.1,0.45161715591313734,84.57402296833425
345.15,0.4525456275757271,83.51571861877838
345.2,0.453425364513133,82.4587220364791
345.25,0.45425725622717583,81.40301862234207
345.3,0.4550422106896168,80.34859404226938
345.35,0.4557811519333062,79.2954342216098
345.4,0.4564750177154765,78.2435253397794
345.45,0.4571247572583275,77.19285382503475
345.5,0.4577313290711424,76.14340634943284
345.55,0.45829569885762234,75.09516982392769
345.6,0.45881883751133495,74.04813139362199
345.65,0.459301719201502,73.0022784331644
345.7,0.45974531955081716,71.95759854228992
345.75,0.4601506139062978,70.91407954149992
345.8,0.4605185757037427,69.87170946786294
345.85,0.4608501749257447,68.83047657094683
345.9,0.46114637665283525,67.7903693088899
345.95,0.4614081397068871,66.75137634456041
346.0,0.461636415385511,65.71348654186284
346.05,0.46183214628583497,64.6766889621425
346.1,0.4619962652158021,63.6409728606956
346.15,0.462129694190783,62.60632768339304
346.2,0.46223334351314727,61.57274306339706
346.25,0.4623081109321583,60.540208817997744
346.3,0.4623548808814929,59.50871494551657
346.35,0.46237452379146554,58.47825162232877
346.4,0.462367895472981,57.448809199965595
346.45,0.4623358365701542,56.42037820230366
346.5,0.46227917207847424,55.39294932284835
346.55,0.4621987109253687,54.36651342210091
346.6,0.4620952456100052,53.341061524991595
346.65,0.4619695518991723,52.316584818417375
346.7,0.46182238857613017,51.29307464883283
346.75,0.4616544972393148,50.27052251994014
346.8,0.46146660214787594,49.248920090430744
346.85,0.46125941011106697,48.22825917181389
346.9,0.461033610418575,47.20853172631559
346.95,0.46078987480897227,46.18972986482605
347.0,0.4605288574735566,45.17184584494731
347.05,0.46025119509290646,44.15487206908159
347.1,0.4599575069036481,43.13880108259003
347.15,0.45964839479293207,42.12362557201584
347.2,0.4593244434183099,41.109338363368934
347.25,0.45898622035075337,40.09593242047614
347.3,0.45863427623867,39.083400843378925
347.35,0.4582691449908914,38.07173686679362
347.4,0.4578913439766961,37.06093385864312
347.45,0.4575013742410405,36.050985318614764
347.5,0.45709972073327254,35.041884876805334
347.55,0.45668685254769287,34.03362629239892
347.6,0.45626322317444573,33.02620345240627
347.65,0.455829270759284,32.01961037045781
347.7,0.4553854183708774,31.013841185636128
347.75,0.4549320742744072,30.00889016138823
347.8,0.45446963221025893,29.004751684452135
347.85,0.45399847167674673,28.00142026386038
347.9,0.4535189582158318,26.998890529982273
347.95,0.453031443700918,25.99715723361209
348.0,0.4525362666258585,24.99621524511401
348.05,0.452033752394356,23.99605955361458
348.1,0.4515242136090498,22.996685266227214
348.15,0.45100795035960733,21.998087607348598
348.2,0.4504852505091961,21.000261917976744
348.25,0.4499563899788154,20.00320365510286
348.3,0.4494216330289198,19.006908391120323
348.35,0.4488812325379515,18.01137181330139
348.4,0.44833543027730505,17.016589723318695
348.45,0.4477844571823812,16.02255803678993
348.5,0.44722853361942627,15.029272782903547
348.55,0.4466678696478103,14.036730104065601
348.6,0.44610266527753195,13.044926255597538
348.65,0.44553311072170976,12.053857605481983
348.7,0.4449593866438553,11.063520634154958
348.75,0.44438166439979876,10.073911934348754
348.8,0.4438001062740597,9.085028210969774
348.85,0.4432148657106169,8.096866281027781
348.9,0.44262608753794924,7.109423073625023
348.95,0.44203390818825467,6.1226956299658495
349.0,0.4414384559108385,5.1366811034395
349.05,0.4408398509795754,4.151376759739041
349.1,0.440238205894482,3.1667799770253535
349.15,0.4396336255773325,2.182888246150395
349.2,0.4390262075613652,1.1996991709153748
349.25,0.4384160421750577,0.21721046839860836
349.3,0.43780321272003875,-0.7645800306875346
349.35,0.43718779564311966,-1.7456743815731965
349.4,0.4365698607025477,-2.726074524962037
349.45,0.43594947112846066,-3.7057822865123544
349.5,0.4353266837776822,-4.684799376257488
349.55,0.43470154928284277,-5.663127387972156
349.6,0.4340741121959466,-6.640767798498736
349.65,0.43344441112644166,-7.617721966993581
349.7,0.43281247887386387,-8.593991134139047
349.75,0.432178342555145,-9.569576421275569
349.8,0.43154202372664763,-10.544478829496509
349.85,0.4309035385010591,-11.518699238666244
349.9,0.43026289765916503,-12.492238406376888
349.95,0.42962010675665635,-13.46509696685905
350.0,0.4289751662259988,-14.43727542980555
350.05,0.42832807147353164,-15.408774179139096
350.1,0.4276788129717976,-16.379593471716493
350.15,0.4270273763472691,-17.349733435959386
350.2,0.42637374246353177,-18.319194070412994
350.25,0.4257178875000233,-19.287975242228416
350.3,0.4250597830264083,-20.256076685581665
350.35,0.4243993960726946,-21.2234980000088
350.4,0.42373668919520224,-22.190238648656305
350.45,0.4230716205384085,-23.156297956467984
350.5,0.42240414389285214,-24.121675108269912
350.55,0.4217342087490931,-25.086369146780026
350.6,0.42106176034790355,-26.050378970531458
350.65,0.4203867397267049,-27.013703331697133
350.7,0.41970908376238764,-27.97634083383427
350.75,0.419028725210573,-28.938289929513477
350.8,0.41834559274142935,-29.899548917870682
350.85,0.41765961097209164,-30.860115942040895
350.9,0.4169707004958034,-31.819988986494398
350.95,0.41627877790785184,-32.77916587426534
351.0,0.4155837558283784,-33.73764426406266
351.05,0.4148855429221484,-34.69542164726518
351.1,0.4141840439153617,-35.65249534480963
351.15,0.413479159609611,-36.60886250393764
351.2,0.41277078689301766,-37.564520094830215
351.25,0.4120588187487064,-38.51946490709336
351.3,0.41134314426060004,-39.473693546128516
351.35,0.41062364861674006,-40.42720242934395
351.4,0.4099002131101049,-41.37998778222189
351.45,0.4091727151370836,-42.332045634250264
351.5,0.40844102819365025,-43.28337181467537
351.55,0.4077050218693789,-44.233961948101616
351.6,0.40696456183930424,-45.18381144992787
351.65,0.4062195098538085,-46.13291552160003
351.7,0.40546972372654755,-47.08126914569211
351.75,0.40471505732059093,-48.02886708077951
351.8,0.40395536053278913,-48.97570385614355
351.85,0.40319047927651736,-49.92177376625528
351.9,0.40242025546291255,-50.86707086504799
351.95,0.40164452698062764,-51.81158895998604
352.0,0.4008631276743288,-52.75532160588713
352.05,0.4000758873219221,-53.698262098524324
352.1,0.3992826316107445,-54.640403467968284
352.15,0.3984831821127324,-55.58173847168598
352.2,0.3976773562587693,-56.522259587372425
352.25,0.39686496731230264,-57.461959005490414
352.3,0.39604582434238395,-58.400828621544626
352.35,0.3952197321962495,-59.33886002803989
352.4,0.394386491471625,-60.27604450612978
352.45,0.3935458984888466,-61.21237301695302
352.5,0.39269774526304,-62.14783619260655
352.55,0.3918418194764579,-63.08242432678805
352.6,0.39097790445115654,-64.01612736505555
352.65,0.39010577912225397,-64.9489348947114
352.7,0.38922521801186205,-65.88083613428299
352.75,0.38833599120400425,-66.81181992257518
352.8,0.3874378643206146,-67.74187470730604
352.85,0.38653059849894966,-68.67098853326878
352.9,0.3856139503705461,-69.59914903001979
352.95,0.384687672042029,-70.52634339908508
353.0,0.383751511077982,-71.45255840062362
353.05,0.3828052104861923,-72.37778033956332
353.1,0.38184850870547987,-73.30199505115858
353.15,0.38088113959645475,-74.22518788596241
353.2,0.37990283243547296,-75.14734369417764
353.25,0.3789133119121397,-76.06844680933519
353.3,0.3779122981306447,-76.98848103132383
353.35,0.3768995066152957,-77.90742960868124
353.4,0.3758746483206346,-78.82527522014726
353.45,0.3748374296464571,-79.7419999554369
353.5,0.3737875524581914,-80.65758529518239
353.55,0.3727247141129505,-81.57201209002528
353.6,0.37164860749182077,-82.48526053879603
353.65,0.3705589210386553,-83.39731016575514
353.7,0.36945533880598785,-84.3081397968406
353.75,0.36833754050842626,-85.21772753485837
353.8,0.36720520158410475,-86.1260507335973
353.85,0.36605799326462124,-87.03308597077982
353.9,0.3648955826540748,-87.93880901980282
353.95,0.3637176328176568,-88.84319482022711
354.0,0.36252380288045405,-89.74621744689918
354.05,0.3613137481369786,-90.64785007769683
354.1,0.3600871201720267,-91.54806495977498
354.15,0.358843566993519,-92.44683337427529
354.2,0.35758273317792405,-93.34412559938161
354.25,0.35630426002894194,-94.23991087165184
354.3,0.3550077857500334,-95.13415734554417
354.35,0.3536929456316173,-96.02683205101589
354.4,0.35235937225346503,-96.91790084910112
354.45,0.3510066957031151,-97.80732838537631
354.5,0.3496345438109595,-98.69507804115592
354.55,0.34824254240276936,-99.58111188233093
354.6,0.34683031557037497,-100.46539060569867
354.65,0.3453974859612057,-101.34787348265108
354.7,0.34394367508750534,-102.22851830007424
354.75,0.3424685036559369,-103.1072812982746
354.8,0.3409715919183073,-103.98411710581291
354.85,0.3394525600441728,-104.85897867101424
354.9,0.33791102851609695,-105.73181718999251
354.95,0.33634661854823455,-106.60258203098077
355.0,0.3347589525290352,-107.47122065473714
355.05,0.33314765448870054,-108.33767853080896
355.1,0.3315123505921503,-109.20189904940091
355.15,0.32985266965813215,-110.06382342858198
355.2,0.32816824370512176,-110.9233906165558
355.25,0.32645870852464914,-111.78053718867857
355.3,0.3247237042826011,-112.6351972389232
355.35,0.3229628761490801,-113.48730226543313
355.4,0.32117587495728156,-114.33678104979178
355.45,0.31936235789186296,-115.18355952964684
355.5,0.31752198920723884,-116.02756066421735
355.55,0.3156544409760936,-116.86870429228888
355.6,0.3137593938684377,-117.70690698217108
355.65,0.31183653796140387,-118.54208187314013
355.7,0.3098855735799783,-119.37413850777986
355.75,0.3079062121687355,-120.20298265464872
355.8,0.30589817719452905,-121.0285161206426
355.85,0.3038612050801482,-121.8506365523638
355.9,0.3017950461687656,-122.6692372257596
355.95,0.2996994657188777,-123.48420682327983
356.0,0.29757424492950324,-124.29542919767498
356.05,0.2954191819951797,-125.1027831215587
356.1,0.2932340931902915,-125.90614202176336
356.15,0.2910188139821066,-126.70537369744656
356.2,0.28877320017191915,-127.50034002084281
356.25,0.2864971290635801,-128.29089661943365
356.3,0.2841905006585181,-129.0768925383007
356.35,0.2818532388764721,-129.85816988122602
356.4,0.2794852928009845,-130.6345634290896
356.45,0.27708663794866945,-131.40590023395742
356.5,0.274657277561314,-132.17199918714056
356.55,0.27219724391972,-132.93267055939384
356.6,0.2697065996783672,-133.68771551127398
356.65,0.26718543921986443,-134.43692557153256
356.7,0.2646338900282689,-135.18008208127327
356.75,0.2620521140804487,-135.91695560141628
356.8,0.25944030925469524,-136.64730528086858
356.85,0.25679871075603644,-137.37087818258675
356.9,0.25412759255778844,-138.08740856451735
356.95,0.2514272688591286,-138.79661711223932
357.0,0.24869809555885808,-139.49821011982937
357.05,0.24594047174560332,-140.19187861534857
357.1,0.24315484120530395,-140.87729742701475
357.15,0.24034169394711838,-141.55412418596828
357.2,0.23750156774947934,-142.22199826122082
357.25,0.23463504972853494,-142.8805396221837
357.3,0.23174277793175566,-143.52934762390998
357.35,0.22882544296039894,-144.16799970994654
357.4,0.22588378962521713,-144.79605002748565
357.45,0.22291861864046086,-145.41302794931704
357.5,0.21993078836265617,-146.01843649691983
357.55,0.2169212165811159,-146.61175065894682
357.6,0.21389088236884846,-147.19241559932783
357.65,0.2108408280032067,-147.75984474927924
357.7,0.20777216096737935,-148.31341777772116
357.75,0.20468605604505477,-148.85247843493067
357.8,0.20158375752192662,-149.3763322648862
357.85,0.19846658150951935,-149.88424418250233
357.9,0.19533591840824205,-150.3754359131955
357.95,0.19219323552821402,-150.84908329374366
358.0,0.1890400798881101,-151.30431343549725
358.05,0.1858780812137635,-151.740201753747
358.1,0.18270895515976343,-152.15576887050895
358.15,0.17953450677874122,-152.5499774025218
358.2,0.1763566342638318,-152.9217286517991
358.25,0.17317733299085755,-153.26985922320875
358.3,0.1699986998865215,-153.5931376022607
358.35,0.16682293814888194,-153.8902607371478
358.4,0.16365236234444916,-154.15985068230083
358.45,0.16048940390382174,-154.4004513769601
358.5,0.15733661703360804,-154.61052565177638
358.55,0.1541966850557844,-154.78845258005586
358.6,0.15107242717713817,-154.93252531829046
358.65,0.14796680567925644,-155.0409496139118
358.7,0.14488293350371564,-155.1118431970924
358.75,0.14182408218629103,-155.1432363185833
358.8,0.13879369006745096,-155.13307374717704
358.85,0.1357953706729447,-155.07921859838476
358.9,0.13283292111674816,-154.9794584299668
358.95,0.1299103303272272,-154.831514108434
359.0,0.12703178683628102,-154.63305202172216
359.05,0.12420168579747479,-154.38170028265674
359.1,0.12142463481427493,-154.075069630486
359.15,0.11870545806160415,-153.71077978512702
359.2,0.11604919807604179,-153.28649203056452
359.25,0.11346111447333274,-152.79994878534677
359.3,0.11094667873254745,-152.24902084235248
359.35,0.10851156407131164,-151.63176280566265
359.4,0.10616162933781427,-150.94647699718973
359.45,0.10390289577774367,-150.19178572626095
359.5,0.10174151551740389,-149.36671129215446
359.55,0.09968373066172481,-148.47076241168563
359.6,0.09773582206268024,-147.50402493472077
359.65,0.09590404709596186,-146.46725375745947
359.7,0.09419456621229938,-145.36196182344796
359.75,0.09261335861636656,-144.19050111068205
359.8,0.0911661281650487,-142.9561296708028
359.85,0.08985820144023308,-141.66305827661313
359.9,0.08869442088169238,-140.31647022050714
359.95,0.08767903677775735,-138.9225084475055
360.0,0.08681560269365092,-137.48822560267345
360.05,0.08610687944656834,-136.02149472945413
360.1,0.0855547528955549,-134.53088114840006
360.15,0.08516017051669744,-133.02547921486726
360.2,0.08492310094688789,-131.5147208227216
360.25,0.084842519438939,-130.00816525468937
360.3,0.08491642058638059,-128.51528186815798
360.35,0.08514185791701727,-127.0452378469646
360.4,0.08551500822193847,-125.60670272435243
360.45,0.08603125698023806,-124.20767967521944
360.5,0.08668530011940138,-122.85537096128778
360.55,0.08747125671403526,-121.55608178775788
360.6,0.08838278709226752,-120.31516363199958
360.65,0.08941321114210594,-119.13699522392095
360.7,0.09055562228878193,-118.02499707855537
360.75,0.09180299352236902,-116.98167395033379
360.8,0.09314827286264929,-116.00867881215987
360.85,0.0945844666428274,-115.10689187265409
360.9,0.09610470989028004,-114.27650858151095
360.95,0.09770232382840836,-113.51713136163337
361.0,0.09937086109625151,-112.82786078114405
361.05,0.10110413968179481,-112.20738290126731
361.1,0.1028962668087979,-111.65405050570679
361.15,0.10474165413063108,-111.16595677052226
361.2,0.10663502559836749,-110.74100063836599
361.25,0.10857141931163884,-110.37694371054609
361.3,0.11054618455580728,-110.07145887327283
361.35,0.11255497509686088,-109.82217114980133
361.4,0.11459373966336012,-109.62669144001578
361.45,0.11665871040227008,-109.48264389706564
361.5,0.11874638996148726,-109.38768771749807
361.55,0.12085353772949271,-109.33953410560255
361.6,0.12297715565505926,-109.33595912870682
361.65,0.12511447397705042,-109.3748131196215
361.7,0.12726293711602954,-109.45402721365134
361.75,0.1294201899145695,-109.57161753653871
361.8,0.1315840643603177,-109.72568749051919
361.85,0.13375256688329498,-109.91442852076982
361.9,0.13592386628525863,-110.13611968544325
361.95,0.1380962823330449,-110.38912629969892
362.0,0.14026827502747924,-110.67189787796734
362.05,0.14243843454471655,-110.98296555863934
362.1,0.14460547183556297,-111.3209391612503
362.15,0.14676820986090797,-111.6845039972331
362.2,0.14892557543571977,-112.072417531084
362.25,0.15107659165094886,-112.48350596851934
362.3,0.15322037084077297,-112.91666083150488
362.35,0.15535610806181935,-113.37083556628798
362.4,0.1574830750511953,-113.84504221933909
362.45,0.15960061463076156,-114.33834820704594
362.5,0.1617081355262583,-114.84987319763852
362.55,0.16380510757128444,-115.37878611799897
362.6,0.16589105726774933,-115.9243022933312
362.65,0.16796556367593551,-116.48568072403882
362.7,0.1700282546092918,-117.06222150128025
362.75,0.17207880311042992,-117.65326336050647
362.8,0.1741169241868625,-118.25818137063042
362.85,0.17614237178615053,-118.87638475524173
362.9,0.17815493599213075,-119.50731484140573
362.95,0.18015444042494216,-120.15044313098318
363.0,0.18214073982915746,-120.80526948901063
363.05,0.18411371783545508,-121.47132044345202
363.1,0.18607328488250421,-122.14814759056064
363.15,0.18801937628682341,-122.83532610008201
363.2,0.189951950449292,-123.53245331463198
363.25,0.19187098718795992,-124.23914743769315
363.3,0.19377648618771384,-124.95504630492336
363.35,0.19566846555801468,-125.67980623359666
363.4,0.19754696049069176,-126.41310094530286
363.45,0.19941202201042363,-127.15462055721682
363.5,0.20126371581112357,-127.9040706375393
363.55,0.203102121172057,-128.6611713209187
363.6,0.20492732994781337,-129.42565647992598
363.65,0.20673944562701507,-130.197272948901
363.7,0.20853858245480825,-130.9757797966819
363.75,0.21032486461464,-131.76094764498123
363.8,0.2120984254652403,-132.55255802937432
363.85,0.2138594068289422,-133.35040280005532
363.9,0.21560795832785173,-134.1542835597077
363.95,0.21734423676456857,-134.96401113602698
364.0,0.21906840554445758,-135.77940508657437
364.05,0.2207806341366776,-136.60029323383242
364.1,0.22248109757138274,-137.42651122843583
364.15,0.22416997597069296,-138.25790213874777
364.2,0.22584745411119464,-139.09431606501016
364.25,0.2275137210158876,-139.9356097764708
364.3,0.22916896957375466,-140.781646369993
364.35,0.23081339618499802,-141.63229494872235
364.4,0.23244720043042263,-142.48743031953174
364.45,0.23407058476335876,-143.34693270801415
364.5,0.2356837542226757,-144.21068748991013
364.55,0.2372869161655376,-145.0785849378998
364.6,0.2388802800186442,-145.95051998279507
364.65,0.24046405704682108,-146.82639198821664
364.7,0.24203846013779362,-147.70610453790695
364.75,0.2436037036021457,-148.5895652348694
364.8,0.24516000298750365,-149.47668551162744
364.85,0.24670757490607156,-150.36738045089132
364.9,0.24824663687460333,-151.26156861600174
364.95,0.2497774071660724,-152.1591718905382
365.0,0.25130010467228175,-153.06011532655265
365.05,0.25281494877669636,-153.96432700089306
365.1,0.2543221592368935,-154.87173787912815
365.15,0.2558219560759131,-155.78228168663176
365.2,0.25731455948204857,-156.6958947863865
365.25,0.25880018971642876,-157.61251606311683
365.3,0.2602790670279129,-158.53208681337165
365.35,0.2617514115748249,-159.45455064123
365.4,0.263217443353043,-160.3798533592711
365.45,0.26467738213001096,-161.3079428945367
365.5,0.266131447384256,-162.23876919917024
365.55,0.2675798582500368,-163.17228416549509
365.6,0.2690228334667389,-164.10844154524938
365.65,0.2704605913326761,-165.0471968727792
365.7,0.2718933496629408,-165.9885073919317
365.75,0.27332132575100937,-166.93233198646382
365.8,0.2747447363337746,-167.8786311137682
365.85,0.2761637975597854,-168.82736674173776
365.9,0.2775787249602722,-169.77850228858145
365.95,0.2789897334228767,-170.7320025654468
366.0,0.2803970371676832,-171.6878337216957
366.05,0.2818008497253948,-172.64596319267733
366.1,0.28320138391736244,-173.60635964987907
366.15,0.2845988518373142,-174.56899295332542
366.2,0.2859934648344977,-175.5338341061081
366.25,0.287385433498043,-176.50085521091376
366.3,0.2887749676423585,-177.47002942848007
366.35,0.290162276293372,-178.4413309378566
366.4,0.2915475676753897,-179.4147348983813
366.45,0.29293104919837093,179.60978258671778
366.5,0.2943129274455133,178.63224450517347
366.55,0.29569340816086925,177.65267296906322
366.6,0.2970726962368989,176.67108924680844
366.65,0.29845099570169364,175.68751379384634
366.7,0.2998285097058028,174.7019662820512
366.75,0.30120544050838644,173.71446562796515
366.8,0.3025819894625825,172.72503001990458
366.85,0.3039583569999005,171.73367694397388
366.9,0.30533474261347693,170.7404232090777
366.95,0.3067113448399975,169.7452849709469
367.0,0.3080883612401231,168.74827775525512
367.05,0.3094659883772612,167.74941647984645
367.1,0.31084442179446486,166.7487154761382
367.15,0.3122238559893496,165.74618850971916
367.2,0.31360448438674016,164.74184880020087
367.25,0.3149864993089719,163.73570904035356
367.3,0.31637009194357113,162.72778141455316
367.35,0.3177554523082108,161.71807761657334
367.4,0.31914276921261747,160.70660886677246
367.45,0.32053223021737454,159.69338592868206
367.5,0.3219240215892885,158.67841912503806
367.55,0.32331832825322393,157.66171835327648
367.6,0.3247153337400375,156.64329310053097
367.65,0.32611522013056865,155.62315245813548
367.7,0.32751816799531785,154.60130513566799
367.75,0.3289243563296152,153.57775947457316
367.8,0.3303339624840659,152.55252346135438
367.85,0.3317471620899877,151.52560474036736
367.9,0.33316412897960884,150.4970106262477
367.95,0.334585035100696,149.46674811597603
368.0,0.3360100504254366,148.4348239006018
368.05,0.3374393428531951,147.40124437664122
368.1,0.33887307810693246,146.36601565717302
368.15,0.3403114196228855,145.3291435826334
368.2,0.3417545284333257,144.29063373133667
368.25,0.343202563041937,143.250491429734
368.3,0.3446556792916081,142.20872176241832
368.35,0.3461140302241786,141.16532958188554
368.4,0.3475777659319045,140.12031951807901
368.45,0.34904703340019444,139.07369598770907
368.5,0.35052197634126536,138.02546320337694
368.55,0.3520027350183828,136.9756251824992
368.6,0.35348944606020954,135.9241857560546
368.65,0.35498224226498437,134.87114857714715
368.7,0.3564812523939544,133.81651712941246
368.75,0.3579866009538088,132.76029473527154
368.8,0.3594984079675583,131.70248456403058
368.85,0.36101678873353166,130.64308963983672
368.9,0.3625418535719124,129.58211284951528
368.95,0.3640737075585092,128.5195569502737
369.0,0.3656124502451809,127.45542457728908
369.05,0.3671581753665533,126.38971825118388
369.1,0.3687109705324407,125.3224403854062
369.15,0.3702709169056446,124.25359329349769
369.2,0.37183808886454295,123.18317919627661
369.25,0.3734125536500513,122.11120022893333
369.3,0.37499437099646465,121.03765844805118
369.35,0.3765835927457424,119.96255583853153
369.4,0.3781802624447757,118.8858943204635
369.45,0.3797844149251209,117.8076757559211
369.5,0.3813960758648737,116.72790195569652
369.55,0.3830152613321708,115.6465746859707
369.6,0.3846419773099743,114.56369567493664
369.65,0.3862762192016987,113.47926661936056
369.7,0.3879179713174136,112.39328919109906
369.75,0.38956720634019165,111.30576504357396
369.8,0.39122388477243786,110.21669581820053
369.85,0.39288795436184865,109.12608315077365
369.9,0.39455934950686333,108.03392867781947
369.95,0.39623799064148063,106.94023404291443
370.0,0.3979237835993111,105.84500090296177
370.05,0.39961661895689654,104.74823093445004
370.1,0.4013163713563252,103.6499258396746
370.15,0.4030228988073773,102.5500873529265
370.2,0.4047360419693138,101.44871724666201
370.25,0.406455623412788,100.34581733765037
370.3,0.4081814468622513,99.24138949308997
370.35,0.409913296419537,98.135435636697
370.4,0.41165093576921935,97.02795775478396
370.45,0.4133941073667633,95.91895790230768
370.5,0.41514253161038056,94.80843820889517
370.55,0.41689590599791704,93.69640088484702
370.6,0.4186539042700211,92.58284822712972
370.65,0.42041617554135474,91.46778262532533
370.7,0.4221823434215527,90.35120656757455
370.75,0.423952005127991,89.23312264649006
370.8,0.42572473059267185,88.11353356505569
370.85,0.4275000615657874,86.99244214248002
370.9,0.42927751071875797,85.86985132004233
370.95,0.431056560749832,84.74576416690577
371.0,0.43283666349574446,83.62018388590066
371.05,0.43461723905307476,82.49311381927558
371.1,0.43639767491344217,81.36455745442375
371.15,0.43817732511686064,80.23451842956557
371.2,0.43995550942810574,79.10300053940003
371.25,0.44173151254110227,77.97000774072295
371.3,0.44350458331692383,76.83554415799493
371.35,0.4452739340611567,75.6996140888718
371.4,0.4470387398469515,74.56222200968674
371.45,0.4487981378903052,73.42337258088794
371.5,0.45055122698459105,72.28307065241457
371.55,0.45229706700162775,71.14132126903277
371.6,0.45403467846703366,69.99812967559704
371.65,0.45576304221783254,68.853501322269
371.7,0.4574810991506999,67.70744186964068
371.75,0.4591877500693775,66.55995719382747
371.8,0.46088185564018275,65.41105339146154
371.85,0.46256223646469485,64.26073678461024
371.9,0.4642276732787336,63.10901392562564
371.95,0.46587690728708103,61.955891601900916
372.0,0.4675086406432334,60.801376840539696
372.05,0.46912153708355114,59.64547691292518
372.1,0.4707142227250044,58.48819933920497
372.15,0.472285287035563,57.32955189266362
372.2,0.47383328398598307,56.16954260398167
372.25,0.47535673339126466,55.008179765393834
372.3,0.4768541224496722,53.845471934734434
372.35,0.4783239074865132,52.68142793933821
372.4,0.4797645159091314,51.51605687983954
372.45,0.4811743483787006,50.349368133820285
372.5,0.48255178120341363,49.18137135933828
372.55,0.48389516895649426,48.01207649829878
372.6,0.4852028473212145,46.8414937796842
372.65,0.48647313616361415,45.66963372264386
372.7,0.487704342832196,44.49650713939685
372.75,0.4888947656820419,43.32212513800902
372.8,0.49004269781913035,42.14649912497639
372.85,0.4911464310586595,40.96964080764855
372.9,0.492204260089165,39.79156219646902
372.95,0.4932144868322219,38.612275607041546
373.0,0.49417542498522565,37.431793661997
373.05,0.49508540473269186,36.25012929268614
373.1,0.49594277760920474,35.06729574065726
373.15,0.4967459214949606,33.88330655895574
373.2,0.49749324572271364,32.698175613184866
373.25,0.49818319627271895,31.5119170823989
373.3,0.49881426103036874,30.324545459753853
373.35,0.49938497507925345,29.136075552947243
373.4,0.49989392600066584,27.946522484439733
373.45,0.5003397591490465,26.755901691453275
373.5,0.5007211828715586,25.564228925739993
373.55,0.5010369736389542,24.371520253111864
373.6,0.501285981054089,23.1777920527523
373.65,0.5014671327040768,21.983061016279585
373.7,0.5015794388218966,20.78734414656678
373.75,0.5016219967235769,19.590658756329777
373.8,0.5015939949876591,18.393022466477174
373.85,0.5014947173446813,17.194453204191348
373.9,0.5013235462457747,15.994969200789173
373.95,0.5010799660812293,14.794588989314839
374.0,0.5007635660220239,13.593331401901597
374.05,0.5003740424597499,12.391215566871445
374.1,0.4999112010232022,11.188260905589763
374.15,0.4993749581529576,9.984487129078303
374.2,0.49876534221864155,8.779914234362634
374.25,0.49808249416715983,7.574562500596769
374.3,0.4973266676938891,6.368452484921205
374.35,0.496498228932741,5.161605018087863
374.4,0.4955976556649354,3.9540411998369276
374.45,0.4946255360502802,2.74578239404233
374.5,0.4935825668887371,1.5368502236068056
374.55,0.49246955142387844,0.32726656514147573
374.6,0.4912873967035566,-0.8829464566032418
374.65,0.4900371105166481,-2.093766474512262
374.7,0.4887197979280125,-3.305170885132363
374.75,0.4873366574369132,-4.517136854880946
374.8,0.4858889767866909,-5.729641326484891
374.85,0.48437812845603884,-6.9426610256323995
374.9,0.4828055648640781,-8.156172467811823
374.95,0.4811728133232091,-9.370151965349208
375.0,0.47948147077473585,-10.584575634633673
375.05,0.4777331983432944,-11.799419403531035
375.1,0.47592971574640963,-13.014659018955875
375.15,0.4740727955956108,-14.230270054619412
375.2,0.47216425762511477,-15.446227918941606
375.25,0.4702059628835592,-16.66250786310093
375.3,0.4681998079230933,-17.879084989221884
375.35,0.46614771901886565,-19.09593425871737
375.4,0.4640516464503939,-20.313030500729365
375.45,0.4619135588744431,-21.530348420700545
375.5,0.4597354378170395,-22.74786260903961
375.55,0.4575192723099868,-23.965547549885354
375.6,0.45526705369504317,-25.1833776299583
375.65,0.45298077061640774,-26.40132714747603
375.7,0.45066240421978704,-27.619370321151074
375.75,0.44831392357374245,-28.837481299216677
375.8,0.44593728132662996,-30.05563416851213
375.85,0.4435344096098446,-31.273802963600943
375.9,0.4411072161959747,-32.491961675897215
375.95,0.4386575809178341,-33.71008426280718
376.0,0.4361873523524228,-34.92814465687639
376.05,0.43369834477167435,-36.146116774907405
376.1,0.43119233535991297,-37.36397452706916
376.15,0.4286710616962117,-38.58169182595682
376.2,0.426136219498069,-39.79924259562601
376.25,0.4235894606216399,-41.016600780540834
376.3,0.42103239131200165,-42.23374035446847
376.35,0.4184665706961732,-43.45063532930071
376.4,0.41589350951033843,-44.66725976377048
376.45,0.41331466905209885,-45.88358777206999
376.5,0.4107314603475847,-47.09959353235807
376.55,0.40814524352300413,-48.315251295144925
376.6,0.4055573273695197,-49.53053539154254
376.65,0.4029689690902977,-50.74542024136038
376.7,0.40038137421803666,-51.959880361068606
376.75,0.39779569669158693,-53.17389037157843
376.8,0.39521303908001587,-54.3874250058458
376.85,0.3926344529426057,-55.60045911631229
376.9,0.39006093931359587,-56.81296768213384
376.95,0.3874934493004852,-58.02492581621686
377.0,0.3849328847852885,-59.23630877203904
377.05,0.3823800992181587,-60.44709195025308
377.1,0.37983589849350285,-61.657250905067656
377.15,0.3773010418988478,-62.866761350381175
377.2,0.37477624312741475,-64.07559916569339
377.25,0.37226217134558803,-65.28374040174153
377.3,0.3697594523071524,-66.4911612858953
377.35,0.3672686695064083,-67.69783822729181
377.4,0.3647903653631289,-68.90374782168416
377.45,0.3623250424323324,-70.1088668560316
377.5,0.3598731646328028,-71.3131723127839
377.55,0.35743515848833496,-72.5166413739116
377.6,0.35501141437651385,-73.71925142460937
377.65,0.3526022877800132,-74.92098005671681
377.7,0.35020810053586615,-76.12180507184875
377.75,0.3478291420788428,-77.32170448419082
377.8,0.34546567067500566,-78.52065652299937
377.85,0.34311791464230684,-79.71863963479392
377.9,0.34078607355518387,-80.91563248521472
377.95,0.3384703194306356,-82.11161396057159
378.0,0.3361707978933981,-83.30656316904721
378.05,0.3338876293182493,-84.50045944160071
378.1,0.3316209099477078,-85.69328233252004
378.15,0.3293707129837625,-86.88501161963774
378.2,0.3271370896522032,-88.07562730423217
378.25,0.3249200702387702,-89.26510961056348
378.3,0.32271966509616584,-90.45343898508806
378.35,0.32053586562137504,-91.64059609532116
378.4,0.3183686452028687,-92.82656182835699
378.45,0.3162179601372874,-94.01131728904949
378.5,0.3140837505156672,-95.1948437978216
378.55,0.31196594107891745,-96.37712288815325
378.6,0.30986444204286046,-97.55813630369956
378.65,0.30777914989287963,-98.73786599505358
378.7,0.3057099481485553,-99.91629411616908
378.75,0.3036567080985627,-101.09340302040175
378.8,0.30161928950633976,-102.26917525620495
378.85,0.2995975412868998,-103.44359356246729
378.9,0.297591302155498,-104.6166408634662
378.95,0.2956004012485722,-105.7883002634774
379.0,0.2936246587176843,-106.95855504098327
379.05,0.2916638862970557,-108.1273886425441
379.1,0.2897178878454318,-109.29478467625886
379.15,0.28778645986294965,-110.4607269048585
379.2,0.28586939198366973,-111.62519923842181
379.25,0.2839664674446011,-112.78818572668605
379.3,0.28207746353188046,-113.94967055096073
379.35,0.28020215200484533,-115.1096380156593
379.4,0.2783402994987275,-116.26807253940432
379.45,0.2764916679067728,-117.4249586457305
379.5,0.2746560147424044,-118.58028095334825
379.55,0.27283309348222967,-119.73402416600345
379.6,0.27102265389053515,-120.88617306188115
379.65,0.26922444232607634,-122.03671248255363
379.7,0.2674382020317059,-123.1856273214976
379.75,0.2656636734076283,-124.33290251210663
379.8,0.26390059426888607,-125.47852301524414
379.85,0.26214870008773516,-126.62247380628892
379.9,0.2604077242215524,-127.76473986167204
379.95,0.25867739812683155,-128.90530614488773
380.0,0.2569574515599615,-130.0441575919508
380.05,0.25524761276525343,-131.1812790963002
380.1,0.2535476086508831,-132.31665549311464
380.15,0.2518571649531862,-133.4502715430174
380.2,0.25017600638995174,-134.58211191516534
380.25,0.24850385680311474,-135.71216116966477
380.3,0.24684043929142926,-136.84040373931413
380.35,0.2451854763335211,-137.96682391064746
380.4,0.2435386899018666,-139.09140580420814
380.45,0.24189980156806293,-140.21413335407436
380.5,0.2402685325998791,-141.33499028654057
380.55,0.23864460405045526,-142.45396009798122
380.6,0.2370277368400966,-143.57102603178873
380.65,0.23541765183103394,-144.68617105438494
380.7,0.23381406989546638,-145.79937783025164
380.75,0.2322167119773481,-146.91062869590692
380.8,0.2306252991481943,-148.0199056327836
380.85,0.22903955265725792,-149.12719023896926
380.9,0.22745919397637246,-150.23246369970815
380.95,0.2258839448398656,-151.335706756623
381.0,0.22431352727972403,-152.43689967555872
381.05,0.2227476636563776,-153.53602221300298
381.1,0.22118607668535825,-154.6330535809669
381.15,0.21962848946013813,-155.72797241023216
381.2,0.21807462547135073,-156.8207567119091
381.25,0.21652420862271196,-157.91138383713582
381.3,0.21497696324387025,-158.99983043486006
381.35,0.21343261410041633,-160.08607240755026
381.4,0.21189088640132878,-161.17008486471366
381.45,0.21035150580402392,-162.2518420740834
381.5,0.20881419841732937,-163.33131741030738
381.55,0.20727869080252215,-164.4084833009951
381.6,0.20574470997271235,-165.48331116993234
381.65,0.20421198339076152,-166.55577137726573
381.7,0.2026802389659365,-167.62583315648627
381.75,0.20114920504962172,-168.6934645479328
381.8,0.1996186104301505,-169.75863232862474
381.85,0.19808818432708608,-170.82130193815695
381.9,0.1965576563851531,-171.8814374003424
381.95,0.19502675666802213,-172.9390012403517
382.0,0.1934952156521836,-173.99395439696542
382.05,0.19196276422113573,-175.04625612964603
382.1,0.1904291336601523,-176.0958639199822
382.15,0.18889405565185582,-177.14273336712898
382.2,0.18735726227280736,-178.1868180767862
382.25,0.18581848599146447,-179.22806954320092
382.3,0.18427745966771936,179.73356297632952
382.35,0.18273391655430124,178.6981325950169
382.4,0.18118759030037263,177.66569493887837
382.45,0.17963821495759147,176.63630829841864
382.5,0.1780855249890834,175.6100337905021
382.55,0.17652925528150004,174.58693553118022
382.6,0.17496914116070364,173.56708082041814
382.65,0.1734049184114193,172.55054033970274
382.7,0.17183632330126802,171.5373883635699
382.75,0.17026309260967942,170.5277029862917
382.8,0.1686849636621807,169.52156636496852
382.85,0.16710167437058707,168.5190649804761
382.9,0.1655129632797113,167.5202899178239
382.95,0.16391856962116813,166.52533716764106
383.0,0.1623182333750589,165.5343079506991
383.05,0.1607116953402027,164.54730906754176
383.1,0.159098697213786,163.5644532755432
383.15,0.1574789816813532,162.58585969594543
383.2,0.15585229251801586,161.61165425367054
383.25,0.1542183747021801,160.64197015307982
383.3,0.1525769745427577,159.676948393101
383.35,0.15092783982135258,158.7167383255855
383.4,0.1492707199507807,157.76149826118677
383.45,0.14760536615165465,156.81139612750837
383.5,0.1459315316487142,155.86661018484827
383.55,0.1442489718889647,154.9273298054322
383.6,0.14255744478386465,153.99375632280777
383.65,0.14085671097802913,153.0661039587801
383.7,0.13914653414719003,152.14460083620241
383.75,0.13742668132860572,151.2294900869711
383.8,0.13569692328740893,150.32103106569832
383.85,0.13395703492272565,149.41950068085765
383.9,0.1322067957181613,148.5251948567389
383.95,0.13044599024149936,147.6384301412205
384.0,0.12867440869948218,146.75954547639284
384.05,0.1268918475538742,145.88890415125047
384.1,0.12509811020633696,145.0268959583472
384.15,0.12329300776028457,144.1739395792359
384.2,0.12147635986937098,143.33048522696515
384.25,0.11964799568337785,142.49701757789805
384.3,0.11780775490406195,141.67405902965777
384.35,0.11595548896532164,140.8621733273764
384.4,0.1140910623541899,140.06196960651107
384.45,0.112214354091792,139.27410690771174
384.5,0.11032525939643203,138.49929922750403
384.55,0.10842369155450815,137.73832117823525
384.6,0.10650958402912578,136.99201434205656
384.65,0.10458289284145256,136.26129441688528
384.7,0.1026435992655059,135.5471592676941
384.75,0.10069171288455954,134.85069801454665
384.8,0.09872727506529928,134.1731013098232
384.85,0.09675036291648924,133.51567298182957
384.9,0.09476109381062246,132.87984325080134
384.95,0.09275963056206535,132.2671837571223
385.0,0.09074618737247393,131.67942468092085
385.05,0.08872103667581469,131.11847427805606
385.1,0.08668451704112172,130.58644121070301
385.15,0.08463704232239663,130.08566011197524
385.2,0.08257911228313856,129.6187208941488
385.25,0.08051132496946892,129.18850238930068
385.3,0.07843439116210679,128.79821099924706
385.35,0.07634915130608266,128.45142512724908
385.4,0.07425659540074428,128.15214626353384
385.45,0.07215788643369121,127.9048576939621
385.5,0.07005438806497388,127.7145918844344
385.55,0.06794769741441264,127.58700764352993
385.6,0.06583968398017258,127.52847815043005
385.65,0.0637325359210213,127.54619080345184
385.7,0.06162881516958125,127.648259516578
385.75,0.05953152310286224,127.84384944402838
385.8,0.05744417876636129,128.1433129592294
385.85,0.0553709118981431,128.5583337766571
385.9,0.053316573173243814,129.1020729788648
385.95,0.051286864084671695,129.78930582867406
386.0,0.0492884885253075,130.63653084553167
386.05,0.04732932715940311,131.66202175917851
386.1,0.04541863364880579,132.8857776072388
386.15,0.04356724811151482,134.32930567708289
386.2,0.04178781701408563,136.01514653476258
386.25,0.040094999082919115,137.96602295744032
386.3,0.038505622970682524,140.20347323619782
386.35,0.03703874440010543,142.74583054686715
386.4,0.03571553052865945,145.60546145562154
386.45,0.03455888349561758,148.7853142505069
386.5,0.03359271519323957,152.27508104229813
386.55,0.032840817506348915,156.04763374848162
386.6,0.03232535070626998,160.05674988976165
386.65,0.032065095211152896,164.2372845954397
386.7,0.03207374477272261,168.50861986156733
386.75,0.03235859739743723,172.78134594625237
386.8,0.0329199598177147,176.96598224255598
386.85,0.03375141048011853,-179.01828483064875
386.9,0.03484083150270772,-175.236876601169
386.95,0.036171930429587044,-171.73631929204612
387.0,0.03772590470287828,-168.5440257214795
387.05,0.03948295656157558,-165.67054012823587
387.1,0.041423486651149914,-163.11309066077598
387.15,0.043528915961742354,-160.8594290799929
387.2,0.04578216970972119,-158.89129159436803
387.25,0.048167896627682415,-157.18717199700532
387.3,0.050672504002142446,-155.72435339908742
387.35,0.05328407784380515,-154.48028410779628
387.4,0.055992240492631136,-153.4334356213981
387.45,0.058787981394920766,-152.56378248539045
387.5,0.061663483474047084,-151.8530226025275
387.55,0.06461195792670489,-151.2846291790093
387.6,0.06762749389027876,-150.8437999687923
387.65,0.07070492544716427,-150.5173488288116
387.7,0.07383971611396362,-150.29356917412184
387.75,0.07702785972611512,-150.16208799414588
387.8,0.08026579605945175,-150.11372164370692
387.85,0.083550339351745,-150.1403397075143
387.9,0.08687861792543099,-150.23474008790697
387.95,0.09024802325777109,-150.39053651288378
388.0,0.09365616703478374,-150.60205849783043
388.05,0.09710084492357748,-150.86426314081314
388.1,0.10058000598595766,-151.17265779948625
388.15,0.1040917268260494,-151.52323256352847
388.2,0.1076341897128857,-151.9124014197884
388.25,0.11120566404535814,-152.33695105638867
388.3,0.11480449063406348,-152.7939963350926
388.35,0.11842906836368966,-153.28094155825556
388.4,0.12207784287408852,-153.7954467564287
388.45,0.12574929695945203,-154.33539831822495
388.5,0.129441942435649,-154.8988833723863
388.55,0.13315431326808286,-155.48416741129313
388.6,0.13688495978624743,-156.08967471545887
388.65,0.1406324438401023,-156.71397119990604
388.7,0.14439533477641753,-157.35574935667788
388.75,0.1481722061326711,-158.01381501359737
388.8,0.1519616329619963,-158.68707566893826
388.85,0.15576218971561928,-159.37453019548727
388.9,0.15957244862017955,-160.0752597364034
388.95,0.16339097849617482,-160.78841964005767
389.0,0.16721634397105695,-161.5132323021285
389.05,0.17104710504674828,-162.24898080138462
389.1,0.1748818169860033,-162.99500323093162
389.15,0.17871903048646381,-163.75068764001347
389.2,0.18255729211446917,-164.51546751272753
389.25,0.1863951449733266,-165.28881771974815
389.3,0.1902311295831991,-166.07025088748063
389.35,0.19406378495148457,-166.85931413624522
389.4,0.19789164981413299,-167.65558614526861
389.45,0.20171326402940665,-168.45867450754957
389.5,0.20552717010676883,-169.26821334230834
389.55,0.2093319148544096,-170.0838611366805
389.6,0.21312605112938185,-170.90529879176933
389.65,0.21690813967507191,-171.7322278511376
389.7,0.22067675103128337,-172.56436889248735
389.75,0.2244304675023756,-173.40146006543097
389.8,0.22816788516962583,-174.24325576035315
389.85,0.23188761593403664,-175.08952539497562
389.9,0.23558828957653233,-175.94005230684473
389.95,0.23926855582257342,-176.79463274119493
390.0,0.24292708639873056,-177.65307492486392
390.05,0.24656257706927712,-178.51519821793502
390.1,0.25017374964116035,-179.3808323356711
390.15,0.25375935392628524,179.75018336589326
390.2,0.2573181696505906,178.878000546633
390.25,0.26084900829984514,178.00276248661493
390.3,0.2643507148929051,177.124604642746
390.35,0.2678221696735787,176.2436551620711
390.4,0.27126228971308664,175.36003535558248
390.45,0.2746700304157569,174.47386013599643
390.5,0.27804438692129185,173.58523842266092
390.55,0.2813843953978462,172.69427351636298
390.6,0.28468913422067976,171.8010634466507
390.65,0.2879577250321938,170.9057012939373
390.7,0.29118933367989125,170.0082754884913
390.75,0.2943831710294298,169.10887008822533
390.8,0.29753849365093515,168.2075650369832
390.85,0.30065460437749914,167.30443640491632
390.9,0.3037308527354547,166.39955661234245
390.95,0.30676663524679426,165.49299463841902
391.0,0.309761395604867,164.58481621579696
391.05,0.3127146247252117,163.6750840123259
391.1,0.3156258606738555,162.76385780081188
391.15,0.3184946884761661,161.85119461773095
391.2,0.321320739809915,160.9371489117047
391.25,0.3241036925866295,160.02177268251793
391.3,0.3268432704258522,159.10511561134638
391.35,0.32953924202727536,158.18722518286296
391.4,0.3321914204462024,157.26814679976457
391.45,0.3347996622779804,156.34792389029377
391.5,0.33736386675732105,155.42659800923823
391.55,0.3398839747786991,154.50420893284263
391.6,0.34235996784416695,153.58079474808693
391.65,0.344791866944906,152.6563919366869
391.7,0.3471797313831192,151.73103545419346
391.75,0.3495236575405818,150.80475880450976
391.8,0.351823777600489,149.87759411013678
391.85,0.3540802582288492,148.94957217842324
391.9,0.3562932992217582,148.02072256408766
391.95,0.3584631321246923,147.09107362824048
392.0,0.3605900188297524,146.16065259416334
392.05,0.36267425015668653,145.22948559999705
392.1,0.3647161444231355,144.2975977485936
392.15,0.36671604600950536,143.36501315466566
392.2,0.36867432392341015,142.43175498941926
392.25,0.37059137036853557,141.49784552282466
392.3,0.3724675993222767,140.5633061636615
392.35,0.37430344512645825,139.62815749748725
392.4,0.3760993610949116,138.69241932262784
392.45,0.3778558181415753,137.75611068433278
392.5,0.37957330343224016,136.81924990720367
392.55,0.3812523190631173,135.88185462596772
392.6,0.3828933807687179,134.9439418147222
392.65,0.38449701666150876,134.00552781473294
392.7,0.3860637660054289,133.06662836085195
392.75,0.38759417802508883,132.1272586066551
392.8,0.3890888107521913,131.18743314835038
392.85,0.3905482299104649,130.24716604755218
392.9,0.39197300784021966,129.30647085295055
392.95,0.39336372246327617,128.3653606209597
393.0,0.3947209562889424,127.42384793540859
393.05,0.3960452954613829,126.48194492629001
393.1,0.39733732884866046,125.53966328765964
393.15,0.39859764717341767,124.59701429470081
393.2,0.3998268421851385,123.65400882001566
393.25,0.40102550587363917,122.71065734917595
393.3,0.4021942297234604,121.7669699955751
393.35,0.4033336040085401,120.82295651461517
393.4,0.40444421712658896,119.87862631726617
393.45,0.4055266549723596,118.93398848302058
393.5,0.4065815003490142,117.98905177230135
393.55,0.40760933241668396,117.04382463830196
393.6,0.4086107261771743,116.09831523833913
393.65,0.40958625199387905,115.15253144470933
393.7,0.4105364751457321,114.20648085508243
393.75,0.41146195541414615,113.26017080245934
393.8,0.41236324670171304,112.31360836470873
393.85,0.4132408966815762,111.36680037371282
393.9,0.41409544647620566,110.41975342412161
393.95,0.4149274303644639,109.47247388175334
394.0,0.41573737551563605,108.52496789166231
394.05,0.4165258017493812,107.57724138585885
394.1,0.41729322132027175,106.62930009073109
394.15,0.4180401387258396,105.68114953416521
394.2,0.41876705053687924,104.73279505238285
394.25,0.41947444524894134,103.78424179650897
394.3,0.4201628031538362,102.83549473887558
394.35,0.4208325962300292,101.88655867909019
394.4,0.4214842880509347,100.93743824985735
394.45,0.4221183337099619,99.98813792257694
394.5,0.422735179761352,99.03866201274178
394.55,0.4233352641758061,98.0890146851086
394.6,0.4239190163099423,97.1391999586897
394.65,0.4244868568886542,96.1892217115483
394.7,0.425039197999511,95.23908368541736
394.75,0.4255764430982853,94.28878949014782
394.8,0.4260989870248453,93.33834260799092
394.85,0.4266072160285778,92.38774639772667
394.9,0.4271015078026296,91.43700409863452
394.95,0.4275822315261786,90.4861188343266
395.0,0.42804974791410355,89.53509361644815
395.05,0.4285044092733873,88.58393134822991
395.1,0.4289465595655762,87.63263482792921
395.15,0.4293765344747664,86.68120675214426
395.2,0.4297946614804899,85.72964971901007
395.25,0.4302012599350267,84.77796623128619
395.3,0.43059664114455176,83.82615869933637
395.35,0.43098110845372695,82.87422944401114
395.4,0.4313549573332005,81.92218069942034
395.45,0.43171847546965364,80.970014615618
395.5,0.43207194285791595,80.01773326120784
395.55,0.4324156318948468,79.06533862584143
395.6,0.4327498074745598,78.11283262264854
395.65,0.4330747270846824,77.1602170905782
395.7,0.43339064090333473,76.20749379667397
395.75,0.4336977918965141,75.25466443826342
395.8,0.43399641591562954,74.3017306450863
395.85,0.4342867417949056,73.34869398134988
395.9,0.4345689914484175,72.39555594772236
395.95,0.43484337996655,71.44231798325582
396.0,0.43511011571162833,70.48898146726621
396.05,0.4353694004125686,69.53554772113482
396.1,0.435621429258334,68.58201801007014
396.15,0.43586639099002883,67.62839354480789
396.2,0.43610446799150054,66.67467548326321
396.25,0.43633583637824874,65.72086493213367
396.3,0.43656066608456745,64.76696294845418
396.35,0.4367791209487457,63.81297054111132
396.4,0.43699135879623774,62.85888867230078
396.45,0.4371975315206836,61.904718258957885
396.5,0.43739778516267314,60.95046017414589
396.55,0.43759225998619883,59.99611524839656
396.6,0.4377810905526497,59.04168427101795
396.65,0.4379644057923387,58.087167991375004
396.7,0.4381423290734347,57.13256712012379
396.75,0.43831497826827115,56.17788233041959
396.8,0.4384824658169457,55.223114259092
396.85,0.43864489878818014,54.26826350779592
396.9,0.43880237893736157,53.31333064412028
396.95,0.43895500276174587,52.35831620267807
397.0,0.4391028615527591,51.40322068617518
397.05,0.4392460414453628,50.44804456644488
397.1,0.43938462346446566,49.492788285459106
397.15,0.43951868356831547,48.53745225631648
397.2,0.43964829268886746,47.58203686421724
397.25,0.43977351676909193,46.62654246740298
397.3,0.43989441679718966,45.67096939808695
397.35,0.4400110488377047,44.715317963360086
397.4,0.4401234640594983,43.759588446080734
397.45,0.44023170876057405,42.80378110574135
397.5,0.440335824389729,41.84789617933105
397.55,0.4404358475650193,40.89193388216983
397.6,0.4405318100890187,39.93589440873384
397.65,0.44062373896085333,38.97977793346499
397.7,0.44071165638501436,38.023584611567884
397.75,0.4407955797769065,37.06731457979572
397.8,0.44087552176515127,36.110967957219145
397.85,0.44095149019061314,35.154544845995346
397.9,0.4410234881021471,34.198045332108485
397.95,0.44109151374905214,33.241469486117936
398.0,0.44115556057022687,32.284817363890156
398.05,0.4412156171800209,31.328089007326902
398.1,0.44127166735076323,30.37128444507199
398.15,0.44132368999197447,29.414403693232277
398.2,0.4413716591262551,28.457446756075004
398.25,0.44141554386182963,27.500413626731408
398.3,0.4414553083617708,26.543304287882865
398.35,0.4414909118098787,25.58611871246227
398.4,0.4415223083732191,24.62885686433114
398.45,0.44154944716133165,23.67151869896012
398.5,0.44157227218209527,22.71410416412111
398.55,0.441590722294266,21.756613200560803
398.6,0.44160473115669163,20.79904574267839
398.65,0.44161422717419624,19.84140171920285
398.7,0.44161913344017345,18.883681053877456
398.75,0.44161936767587134,17.925883666133984
398.8,0.4416148421664066,16.968009471777417
398.85,0.4416054636935139,16.010058383669083
398.9,0.4415911334650649,15.052030312414386
398.95,0.44157174704137225,14.093925167048543
399.0,0.441547194258307,13.135742855740123
399.05,0.44151735914728596,12.177483286485558
399.1,0.44148211985214747,11.219146367816656
399.15,0.4414413485429601,10.260732009513225
399.2,0.44139491132684094,9.302240123322498
399.25,0.4413426681558158,8.343670623686767
399.3,0.4412844727317931,7.3850234284795295
399.35,0.44122017240873357,6.426298459757477
399.4,0.4411496080920879,5.467495644505779
399.45,0.44107261413558607,4.508614915413165
399.5,0.44098901823549674,3.5496562116497414
399.55,0.4408986413224425,2.5906194796634057
399.6,0.4408012974509095,1.6315046739748893
399.65,0.4406967936865667,0.6723117580093818
399.7,0.4405849299915503,-0.28695929507450996
399.75,0.4404654991078662,-1.2463085015282145
399.8,0.44033828643907846,-2.205735866148844
399.85,0.44020306993047575,-3.1652413813833817
399.9,0.44005961994789916,-4.124825026427392
399.95,0.4399076991554909,-5.084486766298155
400.0,0.4397470623925335,-6.0442265508806585
400.05,0.4395774565497171,-7.004044313954577
400.1,0.43939862044503086,-7.9639399722020485
400.15,0.4392102846996281,-8.923913424187166
400.2,0.43901217161396094,-9.883964549302593
400.25,0.43880399504452894,-10.84409320669912
400.3,0.43858546028161033,-11.804299234178313
400.35,0.4383562639283696,-12.764582447058237
400.4,0.4381160937817466,-13.724942637004983
400.45,0.4378646287155994,-14.68537957083753
400.5,0.43760153856654943,-15.645892989283437
400.55,0.4373264840230489,-16.60648260570988
400.6,0.43703911651822414,-17.567148104815143
400.65,0.43673907812702994,-18.527889141272237
400.7,0.4364260014683566,-19.48870533833829
400.75,0.4360995096127054,-20.4495962864155
400.8,0.43575921599614026,-21.410561541567127
400.85,0.4354047243411888,-22.371600623979283
400.9,0.43503562858548067,-23.3327130163877
400.95,0.4346515128189098,-24.293898162434463
401.0,0.43425195123014243,-25.255155464976912
401.05,0.43383650806335167,-26.216484284333877
401.1,0.4334047375860931,-27.17788393648569
401.15,0.4329561840692865,-28.139353691188983
401.2,0.4324903817802826,-29.100892770041384
401.25,0.4320068549900865,-30.062500344470543
401.3,0.43150511799576674,-31.02417553365261
401.35,0.43098467515926175,-31.985917402348154
401.4,0.4304450209636354,-32.94772495866773
401.45,0.4298856400880844,-33.90959715175236
401.5,0.4293060075028693,-34.87153286935878
401.55,0.4287055885855081,-35.83353093535698
401.6,0.42808383925946225,-36.79559010714009
401.65,0.42744020615674655,-37.75770907292319
401.7,0.42677412680575205,-38.71988644894307
401.75,0.4260850298457547,-39.68212077654454
401.8,0.42537233526945184,-40.64441051915292
401.85,0.4246354546950082,-41.60675405912725
401.9,0.42387379166903055,-42.569149694482306
401.95,0.4230867420019304,-43.531595635485495
402.0,0.4222736941371108,-44.494090001104375
402.05,0.42143402955540366,-45.45663081531223
402.1,0.4205671232162172,-46.419216003245985
402.15,0.4196723440367239,-47.381843387192234
402.2,0.418749055410516,-48.34451068241239
402.25,0.41779661576697247,-49.30721549278682
402.3,0.41681437917267355,-50.269955306272514
402.35,0.41580169597597155,-51.23272749016065
402.4,0.41475791349589214,-52.19552928613839
402.45,0.413682376756329,-53.158357805127224
402.5,0.41257442926652016,-54.121210021888615
402.55,0.4114334138484942,-55.08408276939343
402.6,0.4102586735122001,-56.04697273294848
402.65,0.40904955237884477,-57.00987644404228
402.7,0.40780539665268595,-57.972790273917276
402.75,0.406525555641521,-58.93571042684955
402.8,0.4052093828257257,-59.8986329331151
402.85,0.40385623697568884,-60.86155364162383
402.9,0.40246548331699805,-61.82446821221683
402.95,0.401036494742734,-62.78737210759662
403.0,0.39956865307176664,-63.75026058486496
403.05,0.3980613503518366,-64.71312868665937
403.1,0.396513990205673,-65.67597123186479
403.15,0.3949259892183819,-66.6387828058652
403.2,0.39329677836371457,-67.6015577503173
403.25,0.39162580446677003,-68.5642901524175
403.3,0.3899125317000499,-69.52697383363116
403.35,0.38815644310968356,-70.4896023378533
403.4,0.38635704216814226,-71.45216891897196
403.45,0.3845138543493645,-72.41466652778948
403.5,0.38262642872201535,-73.37708779826838
403.55,0.3806943395559904,-74.33942503305909
403.6,0.3787171879372012,-75.30167018827672
403.65,0.37669460338502386,-76.26381485745753
403.7,0.3746262454667515,-77.22585025466907
403.75,0.3725118054027719,-78.18776719670328
403.8,0.3703510076562215,-79.14955608430442
403.85,0.36814361150019476,-80.11120688236586
403.9,0.3658894125557397,-81.07270909902824
403.95,0.3635882442932639,-82.03405176362372
404.0,0.36123997949018993,-82.99522340335518
404.05,0.35884453163716595,-83.95621201866642
404.1,0.3564018562852945,-84.91700505719517
404.15,0.3539119523267109,-85.8775893862175
404.2,0.35137486320085903,-86.83795126347356
404.25,0.3487906780188054,-87.79807630628328
404.3,0.3461595325980729,-88.75794945881316
404.35,0.34348161040076314,-89.71755495737798
404.4,0.3407571433677113,-90.67687629362433
404.45,0.33798641264193896,-91.63589617547719
404.5,0.3351697491749011,-92.59459648563875
404.55,0.33230753420955733,-93.5529582375036
404.6,0.3294001996344947,-94.51096152828659
404.65,0.3264482282042841,-95.46858548915071
404.7,0.3234521536214151,-96.42580823211432
404.75,0.32041256047616035,-97.38260679349322
404.8,0.3173300840411263,-98.33895707361727
404.85,0.31420540991816115,-99.29483377251914
404.9,0.3110392735360222,-100.25021032129443
404.95,0.3078324594979821,-101.20505880878447
405.0,0.30458580077948716,-102.15934990319991
405.05,0.30130017777664625,-103.11305276828256
405.1,0.2979765172074948,-104.06613497356703
405.15,0.29461579086852707,-105.01856239822521
405.2,0.29121901425014474,-105.97029912798675
405.25,0.2877872450152929,-106.92130734452344
405.3,0.28432158134666585,-107.87154720666412
405.35,0.2808231601683187,-108.82097672272094
405.4,0.2772931552487043,-109.76955161314385
405.45,0.273732775192474,-110.71722516266358
405.5,0.27014326132951744,-111.66394806092103
405.55,0.2665258855098903,-112.60966823058942
405.6,0.2628819478141279,-113.55433064179321
405.65,0.25921277418889765,-114.49787711155064
405.7,0.2555197140183259,-115.44024608680138
405.75,0.2518041376416537,-116.38137240946013
405.8,0.24806743382822546,-117.32118706170975
405.85,0.24431100722096616,-118.25961688960524
405.9,0.24053627575969694,-119.19658430276979
405.95,0.23674466809547498,-120.13200694779918
406.0,0.23293762100736076,-121.06579735259069
406.05,0.22911657683283632,-121.99786253859585
406.1,0.22528298092266236,-122.92810359755872
406.15,0.22143827913118874,-123.85641522889523
406.2,0.21758391535238727,-124.78268523340684
406.25,0.21372132911183292,-125.70679395843722
406.3,0.20985195322425024,-126.62861368899905
406.35,0.20597721152591722,-127.54800797862565
406.4,0.20209851669076065,-128.46483091291643
406.45,0.19821726813839344,-129.3789262977667
406.5,0.19433485004199558,-130.2901267631708
406.55,0.1904526294432899,-131.19825277221636
406.6,0.18657195448145394,-132.10311152343468
406.65,0.1826941527424775,-133.0044957328793
406.7,0.17882052973479426,-133.90218228040277
406.75,0.17495236749682175,-134.79593070216563
406.8,0.17109092334183276,-135.68548150873798
406.85,0.16723742874507191,-136.57055430490462
406.9,0.1633930883782211,-137.4508456834733
406.95,0.1595590792960707,-138.32602686097775
407.0,0.15573655028072633,-139.19574101774407
407.05,0.15192662134863366,-140.05960029860896
407.1,0.14813038342650128,-140.91718242296244
407.15,0.14434889820298893,-141.76802684384683
407.2,0.14058319816406484,-142.61163038501425
407.25,0.13683428682137597,-143.44744227189528
407.3,0.13310313914497626,-144.27485845664378
407.35,0.1293907022141423,-145.0932151184372
407.4,0.125697896103231,-145.90178119689932
407.45,0.12202561502319417,-146.69974978818595
407.5,0.11837472874474356,-147.48622819830936
407.55,0.11474608433490818,-148.2602264052633
407.6,0.11114050824698948,-149.02064362821721
407.65,0.1075588088134348,-149.76625263555113
407.7,0.10400177920387531,-150.49568134057452
407.75,0.10047020092632901,-151.2073911292769
407.8,0.09696484796969898,-151.8996512326257
407.85,0.09348649171168055,-152.5705082883345
407.9,0.09003590674949788,-153.21775002315132
407.95,0.08661387785413024,-153.83886171196826
408.0,0.08322120830521924,-154.43097371541026
408.05,0.07985872993797022,-154.99079793696464
408.1,0.07652731533169715,-155.51455043937864
408.15,0.07322789270088133,-155.9978566702759
408.2,0.06996146422570795,-156.43563470458196
408.25,0.06672912879829657,-156.82195052839077
408.3,0.06353211048736278,-157.14983754635162
408.35,0.060371794474582664,-157.41107003192369
408.4,0.057249772841363004,-157.5958769421185
408.45,0.05416790346160252,-157.69257810733015
408.5,0.0511283864931754,-157.6871189348555
408.55,0.04813386471790107,-157.562472039474
408.6,0.04518755648721269,-157.2978642866777
408.65,0.04229343361383782,-156.86777555374604
408.7,0.03945646165174993,-156.24064196434625
408.75,0.03668292718074141,-155.37718474734783
408.8,0.0339808865103022,-154.22828532301025
408.85,0.031360782778881206,-152.73235996744467
408.9,0.02883629227765829,-150.81230395037173
408.95,0.026425469792772598,-148.3723828423661
409.0,0.02415224870815845,-145.29615699004344
409.05,0.022048269738164622,-141.4479785532063
409.1,0.02015476885054385,-136.6831509376777
409.15,0.018523703561961032,-130.87507758635218
409.2,0.017216361064710303,-123.9682395848686
409.25,0.016296840613407096,-116.05439752031036
409.3,0.015818756608804444,-107.43697430984687
409.35,0.0158083215436137,-98.61568886385275
409.4,0.016253216597876836,-90.15519170439968
409.45,0.017105664539053454,-82.5083693264173
409.5,0.018297553627846925,-75.91566182529542
409.55,0.019757360463810904,-70.4191287152536
409.6,0.021421187152500767,-65.93617965108848
409.65,0.023236961901940214,-62.330981586282704
409.7,0.025164336053427282,-59.45956170318158
409.75,0.027172811859065664,-57.19116829810094
409.8,0.029239552701732403,-55.41527826550275
409.85,0.031347464598375015,-54.04170262907754
409.9,0.03348369237248822,-52.99804313612827
409.95,0.03563849882372886,-52.22652954687095
410.0,0.03780444778962585,-51.68106554405826
410.05,0.039975813229053386,-51.32474497090154
410.1,0.04214815158072023,-51.127862130716025
410.15,0.044317990704539026,-51.066354703537684
410.2,0.046482601886407585,-51.120597983917875
410.25,0.048639831212714035,-51.274474301545276
410.3,0.050787973644964055,-51.51465422073658
410.35,0.05292567805054916,-51.83003946699817
410.4,0.05505187487522197,-52.2113291046258
410.45,0.057165720530424555,-52.65067976989
410.5,0.05926655423573949,-53.14143792641391
410.55,0.06135386422903616,-53.67792753024271
410.6,0.06342726108593057,-54.25528055662128
410.65,0.06548645648238643,-54.869300877124466
410.7,0.06753124615988458,-55.516354244382036
410.75,0.06956149616188678,-56.1932788401196
410.8,0.07157713163637643,-56.89731211853262
410.85,0.07357812766644434,-57.62603064035136
410.9,0.07556450171492386,-58.37730032379356
410.95,0.07753630736247384,-59.14923509605812
411.0,0.0794936290888225,-59.9401623565739
411.05,0.0814365779005869,-60.748593993038654
411.1,0.08336528765028042,-61.57320194712938
411.15,0.08527991192262094,-62.412797526266424
411.2,0.08718062138934202,-63.266313814412705
411.25,0.08906760155256328,-64.13279065820886
411.3,0.09094105081239535,-65.0113618026567
411.35,0.09280117880603064,-65.90124382838997
411.4,0.09464820497556618,-66.80172660504437
411.45,0.09648235732911388,-67.71216502536798
411.5,0.09830387136612245,-68.63197182526271
411.55,0.10011298914260762,-69.560611327875
411.6,0.10190995845631688,-70.49759397669594
411.65,0.10369503213478073,-71.44247154454195
411.7,0.10546846741222546,-72.39483292339881
411.75,0.10723052538328312,-73.35430041492926
411.8,0.10898147052348706,-74.32052645386928
411.85,0.11072157026792184,-75.29319070669284
411.9,0.11245109464060339,-76.27199749651507
411.95,0.11417031592850757,-77.25667351239122
412.0,0.11587950839463806,-78.24696576708467
412.05,0.11757894802568891,-79.24263977253324
412.1,0.11926891231010672,-80.24347790644458
412.15,0.12094968004323707,-81.24927794710865
412.2,0.1226215311563875,-82.25985175658036
412.25,0.12428474656727072,-83.27502409499712
412.3,0.12593960804941448,-84.29463155106346
412.35,0.1275863981186123,-85.31852157562149
412.4,0.1292253999345299,-86.34655160688541
412.45,0.13085689721597313,-87.3785882773662
412.5,0.1324811741683298,-88.41450669365409
412.55,0.13409851542200626,-89.45418978139317
412.6,0.13570920598078415,-90.49752768862675
412.65,0.13731353117895934,-91.5444172414854
412.7,0.13891177664658538,-92.59476144694635
412.75,0.14050422828181405,-93.64846903791144
412.8,0.1420911722298323,-94.70545405648004
412.85,0.14367289486750948,-95.76563547164353
412.9,0.14524968279338848,-96.82893682813142
412.95,0.14682182282233214,-97.89528592345785
413.0,0.14838960198442877,-98.96461451050266
413.05,0.149953307527617,-100.03685802328789
413.1,0.1515132269237213,-101.11195532384674
413.15,0.15306964787745314,-102.18984846825485
413.2,0.1546228583380454,-103.27048249015624
413.25,0.15617314651316266,-104.35380520019952
413.3,0.15772080088484453,-105.43976700006799
413.35,0.15926611022714418,-106.52832070979406
413.4,0.16080936362520065,-107.61942140726619
413.45,0.1623508504955132,-108.7130262789026
413.5,0.16389086060711924,-109.80909448055606
413.55,0.1654296841035494,-110.90758700783154
413.6,0.16696761152518594,-112.00846657504653
413.65,0.16850493383196521,-113.11169750214275
413.7,0.17004194242610568,-114.21724560893328
413.75,0.1715789291746968,-115.32507811609247
413.8,0.17311618643196724,-116.43516355239478
413.85,0.17465400706099307,-117.54747166770923
413.9,0.17619268445470204,-118.66197335131245
413.95,0.17773251255595748,-119.77864055515901
414.0,0.17927378587649995,-120.89744622168439
414.05,0.18081679951460206,-122.01836421586998
414.1,0.18236184917124973,-123.14136926123795
414.15,0.1839092311645949,-124.26643687949847
414.2,0.18545924244253828,-125.3935433335954
414.25,0.1870121805931881,-126.52266557391076
414.3,0.18856834385310392,-127.65378118744026
414.35,0.1901280311129248,-128.78686834969696
414.4,0.19169154192036675,-129.9219057791912
414.45,0.19325917648025143,-131.05887269432748
414.5,0.19483123565136223,-132.19774877252982
414.55,0.19640802093990642,-133.33851411147296
414.6,0.19798983448934482,-134.48114919230846
414.65,0.19957697906633934,-135.62563484472028
414.7,0.20116975804255632,-136.77195221374805
414.75,0.20276847537202938,-137.92008272821556
414.8,0.20437343556387713,-139.07000807074326
414.85,0.20598494365003683,-140.22171014919158
414.9,0.20760330514771258,-141.3751710694903
414.95,0.20922882601627277,-142.5303731097741
415.0,0.2108618126082058,-143.68729869574062
415.05,0.21250257161391367,-144.84593037718614
415.1,0.21415140999984628,-146.00625080565385
415.15,0.21580863493977234,-147.16824271313027
415.2,0.2174745537387021,-148.3318888917605
415.25,0.21914947374911756,-149.49717217450845
415.3,0.2208337022791137,-150.66407541674695
415.35,0.22252754649200945,-151.83258147872297
415.4,0.2242313132970174,-153.00267320885268
415.45,0.22594530923052658,-154.17433342785327
415.5,0.22766984032747714,-155.34754491361232
415.55,0.22940521198240432,-156.52229038683123
415.6,0.23115172879965656,-157.6985524973862
415.65,0.23290969443220605,-158.87631381138226
415.7,0.23467941140857237,-160.0555567988812
415.75,0.23646118094725768,-161.23626382227658
415.8,0.23825530275820556,-162.4184171253184
415.85,0.2400620748306079,-163.60199882274384
415.9,0.24188179320644412,-164.78699089049846
415.95,0.24371475173926224,-165.9733751565647
416.0,0.24556124183739536,-167.1611332923409
416.05,0.24742155219104156,-168.3502468045764
416.1,0.24929596848254487,-169.540697027872
416.15,0.25118477307914805,-170.73246511768934
416.2,0.2530882447075487,-171.92553204390936
416.25,0.2550066581094839,-173.1198785848672
416.3,0.2569402836777093,-174.31548532193406
416.35,0.25888938707156883,-175.51233263456385
416.4,0.2608542288114058,-176.71040069583864
416.45,0.2628350638511228,-177.90966946849818
416.5,0.2648321411280579,-179.11011870142738
416.55,0.26684570308948274,179.68827207337372
416.6,0.26887598519497397,178.48552354337494
416.65,0.27092321539381964,177.2816566176386
416.7,0.2729876135768739,176.07669242849903
416.75,0.27506939100198446,174.87065233280995
416.8,0.2771687496924007,173.6635579127461
416.85,0.27928588180742014,172.45543097618128
416.9,0.2814209689846575,171.24629355665587
416.95,0.28357418165333187,170.03616791289727
417.0,0.2857456783179384,168.82507652797446
417.05,0.28793560481187763,167.61304210800967
417.1,0.29014409352053067,166.40008758052116
417.15,0.2923712625734223,165.18623609234697
417.2,0.2946172150051374,163.97151100720723
417.25,0.2968820378847712,162.75593590288676
417.3,0.29916580141383914,161.53953456802608
417.35,0.3014685579926349,160.3223309985665
417.4,0.3037903412550395,159.10434939384126
417.45,0.3061311650722792,157.88561415229398
417.5,0.30849102252578,156.66614986688347
417.55,0.31086988484994466,155.44598132013184
417.6,0.31326770034540063,154.22513347886633
417.65,0.3156843932639026,153.00363148862755
417.7,0.31811986266594744,151.78150066776877
417.75,0.32057398125252345,150.5587665012846
417.8,0.32304659417279696,149.33545463430704
417.85,0.32553751780960577,148.11159086535406
417.9,0.32804653854502924,146.88720113929458
417.95,0.33057341150865976,145.66231154004925
418.0,0.3331178593114184,144.43694828305743
418.05,0.33567957076823374,143.21113770748596
418.1,0.33825819961323383,141.98490626822542
418.15,0.34085336321138565,140.75828052765917
418.2,0.34346464127118914,139.53128714722877
418.25,0.3460915745630947,138.30395287881873
418.3,0.3487336636491942,137.07630455593403
418.35,0.3513903676296926,135.8483690847312
418.4,0.35406110291261167,134.62017343488907
418.45,0.3567452420133582,133.391744630308
418.5,0.3594421123912585,132.163109739721
418.55,0.36215099533087475,130.93429586714578
418.6,0.36487112487614765,129.70533014225686
418.65,0.36760168682604444,128.47623971064164
418.7,0.3703418178006858,127.24705172398747
418.75,0.37309060438756964,126.01779333021277
418.8,0.3758470823777416,124.78849166351331
418.85,0.378610236102255,123.55917383438914
418.9,0.38137899787943547,122.32986691964433
418.95,0.38415224758408895,121.10059795234916
419.0,0.3869288123495416,119.8713939118259
419.05,0.38970746641410403,118.64228171362407
419.1,0.39248693112308924,117.4132881995354
419.15,0.3952658750980922,116.1844401276297
419.2,0.3980429145846355,114.95576416233978
419.25,0.40081661398944685,113.72728686462499
419.3,0.40358548661816623,112.4990346821837
419.35,0.40634799562391916,111.27103393976066
419.4,0.40910255517663835,110.04331082955711
419.45,0.4118475318622629,108.81589140172808
419.5,0.414581246320224,107.58880155502554
419.55,0.4173019751265437,106.36206702754687
419.6,0.42000795292885273,105.1357133876395
419.65,0.42269737483816616,103.90976602494568
419.7,0.4253683990811175,102.68425014160934
419.75,0.42801914991438905,101.4591907436655
419.8,0.43064772080177993,100.23461263258477
419.85,0.4332521778520035,99.01054039702537
419.9,0.4358305635137833,97.78699840478102
419.95,0.43838090052236084,96.56401079491047
420.0,0.44090119608950074,95.34160147010874
420.05,0.4433894463266897,94.11979408927955
420.1,0.44584364088898853,92.89861206033939
420.15,0.44826176782460003,91.67807853324618
420.2,0.45064181861266456,90.45821639327056
420.25,0.4529817933697253,89.2390482545239
420.3,0.4552797062028007,88.02059645370575
420.35,0.4575335906848749,86.80288304412512
420.4,0.45974150542642167,85.58592978998061
420.45,0.461901539714909,84.36975816087964
420.5,0.4640118191921032,83.1543893266465
420.55,0.4660705115379042,81.93984415237793
420.6,0.4680758321277419,80.7261431937816
420.65,0.4700260496300568,79.51330669277209
420.7,0.47191949150928764,78.30135457334248
420.75,0.473754549399742,77.09030643771773
420.8,0.4755296843156505,75.88018156277039
420.85,0.47724343166306515,74.67099889671154
420.9,0.47889440602006456,73.4627770560643
420.95,0.48048130565281094,72.25553432289063
421.0,0.48200291673653045,71.04928864231593
421.05,0.48345811725231025,69.84405762029942
421.1,0.4848458805328577,68.63985852169114
421.15,0.486165278432761,67.43670826854165
421.2,0.4874154841017538,66.23462343868206
421.25,0.488595774342357,65.03362026457405
421.3,0.4897055315367608,63.83371463239713
421.35,0.4907442451310115,62.634922081409634
421.4,0.49171151266837143,61.43725780355963
421.45,0.4926070403672727,60.240736643325405
421.5,0.49343064324295544,59.04537309782052
421.55,0.4941822447756456,57.85118131713068
421.6,0.49486187613168225,56.658175104883554
421.65,0.49546967494753263,55.46636791904714
421.7,0.4960058836899783,54.27577287294753
421.75,0.49647084760887944,53.08640273653388
421.8,0.49686501230189783,51.8982699378184
421.85,0.49718892091316436,50.71138656455194
421.9,0.4974432109902201,49.52576436610198
421.95,0.4976286110256825,48.34141475551032
422.0,0.4977459367116689,47.1583488117665
422.05,0.49779608693651567,45.976577282248115
422.1,0.4977800395542343,44.796110585360594
422.15,0.49769884695790795,43.61695881332919
422.2,0.49755363148851556,42.439131735175394
422.25,0.4973455807107203,41.26263879985528
422.3,0.4970759425868258,40.08748913954753
422.35,0.49674602057955003,38.91369157309267
422.4,0.4963571687133807,37.74125460958996
422.45,0.4959107866231842,36.57018645210106
422.5,0.4954083146174333,35.400495001529045
422.55,0.49485122878191234,34.23218786058719
422.6,0.4942410361480908,33.065272337910464
422.65,0.4935792699485894,31.899755452267875
422.7,0.49286748498028893,30.73564393688897
422.75,0.49210725309364345,29.572944243903024
422.8,0.49130015882481454,28.41166254885338
422.85,0.490447795185234,27.251804755325693
422.9,0.48955175962118097,26.09337649965342
422.95,0.4886136501539957,24.936383155696667
423.0,0.48763506170969706,23.78082983971042
423.05,0.486617582644828,22.626721415278556
423.1,0.48556279147367204,21.47406249831114
423.15,0.4844722538002412,20.3228574621034
423.2,0.48334751945692056,19.17311044244195
423.25,0.4821901198501861,18.024825342792035
423.3,0.4810015655124064,16.87800583949019
423.35,0.4797833438576039,15.73265538701263
423.4,0.4785369171378929,14.588777223259761
423.45,0.4772637205963448,13.446374374893248
423.5,0.4759651608111546,12.305449662689856
423.55,0.4746426142252382,11.166005706920778
423.6,0.4732974258547901,10.028044932772941
423.65,0.47193090816970695,8.891569575761716
423.7,0.4705443401384655,7.75658168717772
423.75,0.46913896642964914,6.6230831395472824
423.8,0.467715996762054,5.491075632092807
423.85,0.46627660539519944,4.360560696204854
423.9,0.4648219307519216,3.2315397009224824
423.95,0.4633530751647541,2.1040138584041044
424.0,0.4618711047378181,0.9779842294136561
424.05,0.46037704931601114,-0.14654827121394606
424.1,0.45887190255349103,-1.2695828690926823
424.15,0.4573566220735368,-2.3911189248371607
424.2,0.4558321297122043,-3.5111559286024074
424.25,0.4542993118383347,-4.62969349463355
424.3,0.45275901974277205,-5.746731355851939
424.35,0.451212070089993,-6.8622693584233865
424.4,0.44965924542557045,-7.976307456363472
424.45,0.44810129473325555,-9.088845706145717
424.5,0.44653893403577677,-10.199884261337836
424.55,0.44497284703378637,-11.309423367241466
424.6,0.44340368577769396,-12.417463355559146
424.65,0.44183207136743685,-13.52400463907891
424.7,0.44025859467560763,-14.629047706384739
424.75,0.4386838170896614,-15.73259311655858
424.8,0.43710827126915364,-16.83464149394041
424.85,0.43553246191437706,-17.935193522877448
424.9,0.4339568665429543,-19.03424994250926
424.95,0.4323819362713315,-20.13181154156177
425.0,0.4308080965982067,-21.227879153164338
425.05,0.42923574818739746,-22.32245364968656
425.1,0.4276652676476977,-23.415535937584988
425.15,0.4260970083076736,-24.50712695227518
425.2,0.4245313009833834,-25.597227653015807
425.25,0.42296845473740635,-26.685839017800557
425.3,0.4214087576275817,-27.77296203827405
425.35,0.4198524774441534,-28.858597714654852
425.4,0.41829986243413236,-29.942747050665776
425.45,0.41675114201185076,-31.025411048483942
425.5,0.415206527454848,-32.10659070368293
425.55,0.4136662125843234,-33.186287000195435
425.6,0.41213037442956274,-34.26450090526813
425.65,0.4105991738757785,-35.34123336443053
425.7,0.40907275629504863,-36.416485296457054
425.75,0.4075512521599694,-37.49025758831531
425.8,0.4060347776398279,-38.562551090136076
425.85,0.40452343517914696,-39.6333666101545
425.9,0.4030173140585772,-40.70270490964854
425.95,0.40151649093804076,-41.7705666978639
426.0,0.40002103038225756,-42.83695262693035
426.05,0.3985309853687236,-43.90186328674758
426.1,0.39704639777830075,-44.965299199857924
426.15,0.3955672988685754,-46.0272608162942
426.2,0.39409370973025737,-47.087748508406364
426.25,0.39262564172687386,-48.14676256562987
426.3,0.39116309691797274,-49.204303189255654
426.35,0.3897060684662521,-50.26037048713624
426.4,0.3882545410288152,-51.31496446835907
426.45,0.3868084911330436,-52.36808503786873
426.5,0.3853678875372821,-53.41973199103999
426.55,0.3839326915768522,-54.4699050081985
426.6,0.3825028574956444,-55.518603649073846
426.65,0.381078332763785,-56.565827347196304
426.7,0.3796590583816604,-57.611575404220766
426.75,0.37824496917077505,-58.65584698417026
426.8,0.37683599405177415,-59.698641107608275
426.85,0.37543205631005544,-60.739956645721115
426.9,0.37403307384933965,-61.77979231430724
426.95,0.37263895943357966,-62.81814666767543
427.0,0.37124962091765024,-63.85501809243132
427.05,0.3698649614670875,-64.89040480116114
427.1,0.36848487976737276,-65.92430482599188
427.15,0.3671092702230012,-66.95671601203917
427.2,0.36573802314683224,-67.98763601071663
427.25,0.36437102493995766,-69.0170622728985
427.3,0.3630081582625011,-70.04499204195932
427.35,0.36164930219564084,-71.07142234664076
427.4,0.3602943323952704,-72.09634999376213
427.45,0.35894312123749694,-73.11977156076023
427.5,0.357595537956417,-74.14168338804988
427.55,0.3562514487743615,-75.16208157119569
427.6,0.3549107170250443,-76.1809619528759
427.65,0.35357320326975356,-77.1983201146493
427.7,0.3522387654069739,-78.21415136849996
427.75,0.3509072587757276,-79.22845074813195
427.8,0.349578536252785,-80.24121300004775
427.85,0.3482524483441463,-81.25243257435339
427.9,0.34692884327093165,-82.26210361530207
427.95,0.3456075670500301,-83.27021995155327
428.0,0.3442884635696439,-84.27677508613826
428.05,0.3429713746600424,-85.28176218611826
428.1,0.34165614015968365,-86.28517407191104
428.15,0.3403425979770085,-87.28700320628494
428.2,0.33903058414800147,-88.28724168299328
428.25,0.33771993288987073,-89.28588121502347
428.3,0.3364104766508838,-90.28291312247467
428.35,0.33510204615673006,-91.27832832000233
428.4,0.33379447045346444,-92.27211730384472
428.45,0.3324875769472618,-93.26427013839243
428.5,0.3311811914412302,-94.2547764422813
428.55,0.32987513816933994,-95.24362537399178
428.6,0.3285692398277713,-96.23080561692193
428.65,0.32726331760372507,-97.2163053639219
428.7,0.32595719120199945,-98.2001123012491
428.75,0.3246506788693852,-99.18221359191791
428.8,0.32334359741712504,-100.16259585842516
428.85,0.3220357622415061,-101.14124516481922
428.9,0.3207269873428904,-102.11814699806183
428.95,0.3194170853431734,-103.09328624867142
429.0,0.3181058675019769,-104.06664719060097
429.05,0.31679314373160383,-105.0382134603156
429.1,0.31547872261104976,-106.00796803501976
429.15,0.3141624113991037,-106.97589321001756
429.2,0.3128440160467587,-107.94197057513301
429.25,0.31152334120909486,-108.90618099016199
429.3,0.310200190256781,-109.86850455929195
429.35,0.3088743652873541,-110.8289206044657
429.4,0.3075456671364166,-111.78740763759967
429.45,0.3062138953890171,-112.74394333161976
429.5,0.3048788483912408,-113.69850449025087
429.55,0.3035403232623104,-114.65106701649559
429.6,0.30219811590727846,-115.60160587972676
429.65,0.3008520210305909,-116.55009508133601
429.7,0.2995018321505988,-117.49650761885118
429.75,0.2981473416153131,-118.44081544844025
429.8,0.2967883406195347,-119.38298944572975
429.85,0.2954246192235916,-120.32299936483646
429.9,0.29405596637390063,-121.26081379552082
429.95,0.292682169925556,-122.19640011835808
430.0,0.291303016667186,-123.12972445783062
430.05,0.2899182923483331,-124.06075163320784
430.1,0.28852778170958576,-124.98944510711407
430.15,0.2871312685156888,-125.91576693165017
430.2,0.28572853559200956,-126.83967769192725
430.25,0.2843193648645176,-127.7611364468697
430.3,0.28290353740368257,-128.68010066714322
430.35,0.2814808334724869,-129.59652617004582
430.4,0.28005103257903624,-130.51036705117272
430.45,0.27861391353394527,-131.42157561269042
430.5,0.2771692545129784,-132.33010228801786
430.55,0.2757168331252635,-133.2358955627113
430.6,0.2742564264875188,-134.13890189131575
430.65,0.2727878113046776,-135.0390656099812
430.7,0.27131076395735193,-135.93632884456105
430.75,0.2698250605966573,-136.83063141394382
430.8,0.2683304772468319,-137.72191072832405
430.85,0.266826789916195,-138.610101682133
430.9,0.26531377471696665,-139.49513654127486
430.95,0.26379120799461914,-140.37694482434776
431.0,0.26225886646722696,-141.2554531774746
431.05,0.2607165273756187,-142.13058524235763
431.1,0.2591639686448829,-143.0022615171291
431.15,0.2576009690580737,-143.87039920956616
431.2,0.2560273084427998,-144.73491208218806
431.25,0.25444276787155057,-145.59571028871574
431.3,0.2528471298766315,-146.4527002013737
431.35,0.2512401786806047,-147.30578422843573
431.4,0.24962170044324375,-148.15486062140323
431.45,0.24799148352599326,-148.9998232711441
431.5,0.24634931877507954,-149.84056149229892
431.55,0.24469499982442022,-150.67695979517467
431.6,0.24302832341959818,-151.50889764433478
431.65,0.24134908976417221,-152.3362492030091
431.7,0.2396571028898054,-153.15888306240254
431.75,0.23795217105169228,-153.97666195489072
431.8,0.23623410715088608,-154.78944245007213
431.85,0.23450272918518203,-155.5970746325243
431.9,0.23275786073053145,-156.39940176004694
431.95,0.23099933145479434,-157.19625990110987
432.0,0.22922697766597908,-157.98747755010615
432.05,0.22744064289721858,-158.7728752189443
432.1,0.22564017853087043,-159.55226500337633
432.15,0.22382544446427574,-160.32545012240675
432.2,0.22199630981995114,-161.09222442895125
432.25,0.2201526537031712,-161.85237188984485
432.3,0.21829436601010857,-162.60566603314825
432.35,0.21642134828990447,-163.35186936059642
432.4,0.2145335146643549,-164.09073272285733
432.45,0.21263079280915193,-164.82199465517706
432.5,0.21071312500091846,-165.54538067080225
432.55,0.2087804692345699,-166.26060250945898
432.6,0.20683280041596244,-166.96735733799017
432.65,0.2048701116351041,-167.66532690012932
432.7,0.2028924155256602,-168.35417661223673
432.75,0.2008997457169261,-169.0335546016764
432.8,0.19889215838492458,-169.7030906844201
432.85,0.19686973390982473,-170.36239527832055
432.9,0.19483257864746073,-171.01105824843742
432.95,0.19278082682329775,-171.64864768072852
433.0,0.19071464255793663,-172.27470858043247
433.05,0.18863422203390218,-172.8887614914843
433.1,0.18653979581425437,-173.49030103344825
433.15,0.18443163132432114,-174.07879435264405
433.2,0.18231003550879823,-174.6536794844621
433.25,0.18017535767739212,-175.214363624326
433.3,0.17802799255292487,-175.76022130539664
433.35,0.17586838353710604,-176.2905924819753
433.4,0.17369702620993713,-176.80478051865407
433.45,0.1715144720799715,-177.30205008674764
433.5,0.16932133260336066,-177.78162497134775
433.55,0.16711828349088462,-178.24268579469864
433.6,0.16490606932288718,-178.68436766446393
433.65,0.16268550849276936,-179.10575775910885
433.7,0.1604574985003382,-179.50589286701117
433.75,0.15822302161656562,-179.88375690140865
433.8,0.15598315094116105,179.76172158011659
433.85,0.15373905687373982,179.43167181486896
433.9,0.1514920140181171,179.12728318660916
433.95,0.149243408536991,178.8498074315
434.0,0.14699474597104084,178.6005606267263
434.05,0.14474765953147584,178.38092487386325
434.1,0.1425039188687771,178.19234956996462
434.15,0.14026543931116237,178.03635213720577
434.2,0.1380342915550643,177.9145180562943
434.25,0.13581271177450036,177.82850001975598
434.3,0.13360311209743642,177.7800159883127
434.35,0.1314080913731566,177.77084589725828
434.4,0.12923044612510037,177.8028267202281
434.45,0.12707318154739816,177.87784555603716
434.5,0.12493952235979018,177.9978303616268
434.55,0.12283292328372618,178.1647379128969
434.6,0.12075707884181063,178.38053853839182
434.65,0.11871593211297694,178.64719714285783
434.7,0.11671368199743938,178.96665002438434
434.75,0.11475478845935794,179.34077699761053
434.8,0.11284397512363732,179.77136837557006
434.85,0.11098622851063081,-179.73991355536486
434.9,0.10918679310366236,-179.19157879698597
434.95,0.10745116136807,-178.58235966476613
435.0,0.10578505778666689,-177.91126632527534
435.05,0.10419441595922045,-177.17764722848796
435.1,0.10268534784724222,-176.38125336515174
435.15,0.1012641043477853,-175.52230474663537
435.2,0.09993702656698546,-174.60155691200163
435.25,0.09871048745067373,-173.62036465235374
435.3,0.09759082382322161,-172.58073956129613
435.35,0.09658425938638311,-171.48539754726224
435.4,0.09569681982279285,-170.33779216668123
435.45,0.09493424180326399,-169.1421296488093
435.5,0.09430187836540468,-167.90336186668824
435.55,0.09380460374876638,-166.6271543176386
435.6,0.09344672126493582,-165.31982741858442
435.65,0.09323187807311831,-163.9882710393232
435.7,0.09316299075830502,-162.63983406637533
435.75,0.09324218532834161,-161.2821927237434
435.8,0.09347075465212766,-159.92320315010713
435.85,0.0938491354881518,-158.57074511508435
435.9,0.09437690617524967,-157.23256456046948
435.95,0.095052804880729,-155.91612275983414
436.0,0.09587476714491101,-154.6284592869969
436.05,0.09683998044135932,-153.37607475670467
436.1,0.09794495268264704,-152.16483762113737
436.15,0.09918559110126737,-150.9999173957083
436.2,0.10055728774272342,-149.8857447768671
436.25,0.10205500790275052,-148.8259974056253
436.3,0.10367337817357834,-147.82360866707603
436.35,0.1054067712666602,-146.88079597619233
436.4,0.10724938537871329,-145.99910449318665
436.45,0.10919531649557435,-145.17946209668293
436.5,0.11123862262908955,-144.4222416428533
436.55,0.11337337951564809,-143.72732696303214
436.6,0.11559372774833035,-143.09417960948866
436.65,0.11789391165814694,-142.52190397074708
436.7,0.12026831050638975,-142.00930898154908
436.75,0.12271146270820073,-141.55496520631937
436.8,0.12521808389198102,-141.15725655283453
436.85,0.12778307962493987,-140.81442626413656
436.9,0.1304015536168321,-140.52461714131138
436.95,0.13306881216596045,-140.285906173747
437.0,0.13578036554412445,-140.09633390804552
437.05,0.13853192694041724,-139.95392898339978
437.1,0.14131940950324065,-139.85672831278353
437.15,0.14413892194145347,-139.80279340623784
437.2,0.1469867630714245,-139.7902233251283
437.25,0.1498594156295457,-139.81716473184312
437.3,0.15275353960978738,-139.8818194648628
437.35,0.15566596533392926,-139.9824500286915
437.4,0.1585936864172582,-140.1173833457588
437.45,0.16153385275530824,-140.28501307513613
437.5,0.1644837636257643,-140.48380076268967
437.55,0.1674408609741809,-140.7122760499398
437.6,0.17040272293140177,-140.96903613496315
437.65,0.1733670575940802,-141.25274464844316
437.7,0.17633169708674243,-141.56213008131235
437.75,0.17929459191339586,-141.8959838773098
437.8,0.182253805599523,-142.25315828374428
437.85,0.18520750961911364,-142.63256403678392
437.9,0.18815397859753502,-143.0331679430432
437.95,0.19109158577796992,-143.45399040714415
438.0,0.19401879873757824,-143.89410294465148
438.05,0.1969341753381523,-144.3526257113686
438.1,0.19983635989585785,-144.82872507289937
438.15,0.20272407955435823,-145.3216112326527
438.2,0.20559614084631922,-145.8305359317175
438.25,0.20845142642850242,-146.35479023017731
438.3,0.21128889197668116,-146.89370237637974
438.35,0.2141075632273508,-147.44663576813724
438.4,0.21690653315414823,-148.01298700789124
438.45,0.21968495926794845,-148.59218405228597
438.5,0.22244206103033737,-149.18368445542978
438.55,0.2251771173714349,-149.78697370413917
438.6,0.22788946430360035,-150.40156364282143
438.65,0.23057849262370303,-151.0269909850872
438.7,0.23324364569720493,-151.6628159088893
438.75,0.23588441731826673,-152.3086207316695
438.8,0.2385003496406139,-152.96400866193187
438.85,0.24109103117467445,-153.62860262355295
438.9,0.24365609484691206,-154.30204414912578
438.95,0.24619521611796885,-154.98399233871908
439.0,0.2487081111565927,-155.67412288045907
439.05,0.25119453506674927,-156.37212712948565
439.1,0.2536542801656881,-157.0777112419166
439.15,0.25608717431106226,-157.7905953606181
439.2,0.2584930792755244,-158.5105128497061
439.25,0.2608718891672968,-159.23720957484142
439.3,0.263223528895597,-159.97044322654193
439.35,0.2655479526798996,-160.70998268389124
439.4,0.26784514260216,-161.45560741612894
439.45,0.27011510720114035,-162.2071069197955
439.5,0.2723578801083287,-162.96428018920776
439.55,0.27457351872471364,-163.72693521819144
439.6,0.2767621029379615,-164.4948885311163
439.65,0.2789237338794119,-165.2679647413846
439.7,0.28105853272051745,-166.04599613568814
439.75,0.28316663950816295,-166.82882228237247
439.8,0.28524821203847983,-167.61628966244498
439.85,0.2873034247686574,-168.4082513217841
439.9,0.28933246776629795,-169.2045665432415
439.95,0.2913355456958381,-170.0051005373883
440.0,0.29331287684153506,-170.80972415076442
440.05,0.29526469216646867,-171.6183135905284
440.1,0.29719123440705536,-172.43075016451704
440.15,0.2990927572025049,-173.24692003574785
440.2,0.300969524258582,-174.06671399050344
440.25,0.30282180854509405,-174.89002721914554
440.3,0.3046498915264625,-175.71675910889903
440.35,0.3064540624247119,-176.54681304789452
440.4,0.30823461751415676,-177.38009623976032
440.45,0.3099918594471161,-178.2165195281668
440.5,0.3117260966099395,-179.0559972307049
440.55,0.3134376425085572,-179.89844698156537
440.6,0.315126815182831,179.2562104175201
440.65,0.3167939366489144,178.40805113854398
440.7,0.31843933236890454,177.55714846115046
440.75,0.3200633307468978,176.7035728996634
440.8,0.32166626265072823,175.8473923236061
440.85,0.3232484609585812,174.9886720720716
440.9,0.32481026012969355,174.12747506232026
440.95,0.32635199579827706,173.2638618929161
441.0,0.3278740043899574,172.3978909417085
441.05,0.3293766227598971,171.52961845895962
441.1,0.33086018785180665,170.65909865587147
441.15,0.33232503637706734,169.78638378879384
441.2,0.3337715045132322,168.91152423930927
441.25,0.33519992762109957,168.034568590473
441.3,0.3366106399796277,167.15556369937022
441.35,0.33800397453797437,166.27455476621918
441.4,0.33938026268389426,165.39158540019253
441.45,0.3407398340278492,164.50669768213538
441.5,0.34208301620205817,163.61993222435237
441.55,0.3434101346738914,162.7313282276024
441.6,0.3447215125728866,161.84092353546222
441.65,0.3460174705307542,160.9487546861931
441.7,0.34729832653381115,160.0548569622254
441.75,0.34856439578708814,159.15926443741375
441.8,0.34981599058967594,158.26201002215106
441.85,0.3510534202206459,157.36312550644837
441.9,0.3522769908349868,156.46264160111485
441.95,0.35348700536906896,155.56058797708909
442.0,0.35468376345505254,154.6569933030635
442.05,0.3558675613437993,153.75188528143028
442.1,0.3570386918357437,152.84529068268756
442.15,0.35819744421927063,151.93723537834478
442.2,0.35934410421619584,151.02774437240467
442.25,0.3604789539338308,150.11684183151047
442.3,0.3616022718232505,149.20455111380537
442.35,0.36271433264340813,148.29089479656335
442.4,0.36381540743059854,147.37589470266468
442.45,0.3649057634730403,146.45957192595444
442.5,0.3659856642900432,145.54194685555998
442.55,0.36705536961560237,144.62303919918244
442.6,0.36811513538595875,143.7028680054347
442.65,0.36916521373084066,142.78145168527666
442.7,0.37020585296813113,141.85880803254724
442.75,0.37123729760160123,140.93495424369442
442.8,0.3722597883214822,140.00990693668658
442.85,0.37327356200758444,139.0836821691721
442.9,0.3742788517347069,138.1562954559105
442.95,0.3752758867801224,137.22776178550774
443.0,0.3762648926328612,136.29809563649582
443.05,0.37724609100458645,135.36731099276537
443.1,0.3782196998418787,134.43542135840133
443.15,0.37918593333964834,133.50243977193912
443.2,0.3801450019555901,132.56837882005038
443.25,0.3810971124253405,131.63325065071916
443.3,0.3820424677783173,130.697066985898
443.35,0.382981267353943,129.75983913366989
443.4,0.3839137068181657,128.8215779999569
443.45,0.3848399781800467,127.88229409976941
443.5,0.3857602698083252,126.94199756804441
443.55,0.3866747664477782,126.00069817004564
443.6,0.38758364923522626,125.05840531139519
443.65,0.3884870957150579,124.11512804771665
443.7,0.38938527985415744,123.17087509390798
443.75,0.39027837205606686,122.22565483307999
443.8,0.39116653917426875,121.27947532515591
443.85,0.3920499445245134,120.33234431514397
443.9,0.3929287478959879,119.38426924110911
443.95,0.3938031055613131,118.43525724184013
444.0,0.39467317028513466,117.48531516424931
444.05,0.3955390913313315,116.5344495704768
444.1,0.39640101446862075,115.58266674474397
444.15,0.3972590819745342,114.62997269995715
444.2,0.3981134326375966,113.67637318405217
444.25,0.39896420175766606,112.7218736861255
444.3,0.3998115211442837,111.7664794423238
444.35,0.4006555191129639,110.81019544152248
444.4,0.40149632047931516,109.85302643079636
444.45,0.40233404655088945,108.89497692068039
444.5,0.40316881511667435,107.93605119025361
444.55,0.40400074043410245,106.97625329201524
444.6,0.4048299332135319,106.01558705659492
444.65,0.40565650060002656,105.0540560972861
444.7,0.4064805461524237,104.09166381439994
444.75,0.4073021698194991,103.12841339947654
444.8,0.4081214679132075,102.16430783932998
444.85,0.40893853307884914,101.19934991993452
444.9,0.4097534542621031,100.23354223017861
444.95,0.410566316672762,99.2668871654666
445.0,0.4113772017451324,98.29938693120077
445.05,0.4121861870949718,97.33104354610676
445.1,0.41299334647282776,96.36185884545237
445.15,0.41379874971371167,95.3918344841406
445.2,0.41460246268299733,94.42097193966642
445.25,0.4154045472183994,93.44927251498065
445.3,0.4162050610679504,92.47673734123254
445.35,0.4170040578238603,91.50336738039842
445.4,0.41780158685213425,90.52916342781441
445.45,0.4185976932178564,89.55412611459818
445.5,0.4193924176059624,88.57825590998937
445.55,0.42018579623747576,87.60155312357273
445.6,0.4209778607810006,86.62401790742136
445.65,0.42176863825940597,85.6456502581518
445.7,0.4225581509515445,84.6664500188778
445.75,0.4233464162889085,83.686416881098
445.8,0.42413344674708686,82.70555038649135
445.85,0.42491924973189704,81.72384992862327
445.9,0.4257038274600699,80.74131475459531
445.95,0.42648717683436776,79.75794396659617
446.0,0.4272692893130077,78.77373652340083
446.05,0.42805015077324793,77.78869124177747
446.1,0.4288297413690681,76.80280679783826
446.15,0.4296080353827372,75.81608172831996
446.2,0.430385001070256,74.82851443178501
446.25,0.43116060050044014,73.8401031697792
446.3,0.4319347893876284,72.85084606791418
446.35,0.4327075169178565,71.8607411168823
446.4,0.4334787255684021,70.86978617342322
446.45,0.4342483509205919,69.87797896122306
446.5,0.43501632146578467,68.88531707176664
446.55,0.4357825584044575,67.89179796511874
446.6,0.43654697543828,66.8974189706568
446.65,0.4373094785551347,65.90217728776207
446.7,0.4380699658070142,64.90606998643017
446.75,0.438828327080754,63.909094007857576
446.8,0.439584443861533,62.91124616496587
446.85,0.4403381889891794,61.91252314287118
446.9,0.44108942640721144,60.91292149931393
446.95,0.4418380109046908,59.91243766503081
447.0,0.44258378785083285,58.9110679440975
447.05,0.4433265929225398,57.90880851420271
447.1,0.44406625182482257,56.905655426890135
447.15,0.44480258000429873,55.901604607756774
447.2,0.44553538235583606,54.89665185659572
447.25,0.4462644529225408,53.89079284750856
447.3,0.44698957458926686,52.88402312897273
447.35,0.44771051876988444,51.876338123851575
447.4,0.44842704508856013,50.86773312938786
447.45,0.44913890105537857,49.85820331712959
447.5,0.4498458217366473,48.84774373284453
447.55,0.4505475294202996,47.83634929636134
447.6,0.451243733276834,46.824014801399926
447.65,0.4519341290163089,45.810734915349336
447.7,0.4526183985419924,44.796504178998795
447.75,0.4532962096012336,43.781317006249814
447.8,0.4539672154343259,42.76516768377865
447.85,0.4546310544220972,41.74805037065674
447.9,0.45528734973308665,40.72995909793942
447.95,0.4559357089712312,39.710887768217376
448.0,0.4565757238250817,38.69083015513498
448.05,0.4572069697196494,37.66977990285893
448.1,0.4578290054720844,36.64773052551782
448.15,0.4584413729524516,35.62467540661562
448.2,0.45904359675105827,34.6006077983811
448.25,0.45963518385377555,33.57552082111382
448.3,0.4602156233270046,32.549407462464785
448.35,0.46078438601400057,31.52226057670692
448.4,0.46134092424441975,30.49407288394553
448.45,0.46188467155903684,29.464836969303082
448.5,0.4624150424517376,28.43454528207946
448.55,0.46293143213101695,27.403190134853595
448.6,0.4634332163033213,26.370763702564346
448.65,0.46391975098071364,25.337258021551555
448.7,0.4643903723155063,24.302664988555822
448.75,0.4648443964645547,23.266976359690975
448.8,0.46528111948614054,22.23018374937301
448.85,0.4656998172724089,21.192278629213952
448.9,0.46609974552051464,20.15325232688079
448.95,0.4664801397457058,19.11309602490846
449.0,0.46684021533971615,18.071800759497965
449.05,0.4671791676779397,17.029357419243773
449.1,0.4674961722789424,15.985756743853988
449.15,0.46779038501997755,14.940989322817787
449.2,0.46806094241219703,13.895045594029893
449.25,0.46830696193939997,12.84791584238976
449.3,0.4685275424640761,11.79959019835165
449.35,0.4687217647046188,10.75005863644472
449.4,0.46888869178756853,9.699310973735479
449.45,0.469027369878652,8.647336868268427
449.5,0.4691368288964224,7.594125817463007
449.55,0.4692160833121576,6.539667156458548
449.6,0.46926413303958636,5.483950056422336
449.65,0.4692799644178395,4.426963522829995
449.7,0.46926255129087735,3.3686963936719008
449.75,0.4692108561863449,2.3091373376510953
449.8,0.46912383159662085,1.2482748523069962
449.85,0.4690004213644172,0.18609726212127112
449.9,0.4688395621750249,-0.8774072834477339
449.95,0.46864018515676686,-1.9422508119611754
450.0,0.4684012175908935,-3.0084455300402024
450.05,0.46812158473152876,-4.076003825469017
450.1,0.4678002117357666,-5.1449382693325605
450.15,0.467436025703399,-6.215261618210955
450.2,0.46702795782508244,-7.286986816426688
450.25,0.46657494563703833,-8.360126998334524
450.3,0.4660759353795943,-9.434695490671878
450.35,0.4655298844561399,-10.510705814960959
450.4,0.46493576398812103,-11.588171689963561
450.45,0.46429256146090914,-12.667107034201806
450.5,0.4635992834544057,-13.747525968512479
450.55,0.46285495845131575,-14.82944281869496
450.6,0.46205863971511635,-15.912872118187654
450.65,0.46120940822870016,-16.997828610819106
450.7,0.4603063756837862,-18.084327253633685
450.75,0.4593486875101831,-19.172383219757915
450.8,0.4583355259331219,-20.26201190135289
450.85,0.45726611304588366,-21.35322891261981
450.9,0.45613971388417973,-22.446050092895955
450.95,0.45495563948790724,-23.540491509803438
451.0,0.45371324993518963,-24.636569462474537
451.05,0.45241195733289746,-25.73430048486487
451.1,0.45105122874742254,-26.833701349139826
451.15,0.44963058905894415,-27.93478906912651
451.2,0.44814962372206674,-29.037580903881636
451.25,0.4466079814156494,-30.142094361308715
451.3,0.44500537656443945,-31.24834720189336
451.35,0.4433415917153673,-32.35635744250855
451.4,0.44161647975141827,-33.46614336032979
451.45,0.43982996592664125,-34.57772349684551
451.5,0.43798204970622684,-35.6911166619531
451.55,0.43607280639646545,-36.80634193818296
451.6,0.4341023885502038,-37.92341868501346
451.65,0.4320710271346009,-39.042366543300865
451.7,0.4299790324490558,-40.16320543984016
451.75,0.427826794782799,-41.285955592020066
451.8,0.4256147848028396,-42.41063751262433
451.85,0.4233435536648882,-43.53727201475417
451.9,0.4210137328414638,-44.665880216885284
451.95,0.41862603366327955,-45.796483548074
452.0,0.416181246571964,-46.929103753283705
452.05,0.41368024008402593,-48.0637628988974
452.1,0.4111239594682122,-49.20048337836202
452.15,0.4085134251401224,-50.33928791799714
452.2,0.4058497307801919,-51.48019958299781
452.25,0.4031340411830226,-52.623241783584106
452.3,0.4003675898479888,-53.768438281357604
452.35,0.397551676322782,-54.91581319583616
452.4,0.3946876633134229,-56.065391011206664
452.45,0.3917769735757115,-57.21719658328004
452.5,0.38882108660481685,-58.37125514665261
452.55,0.38582153514056866,-59.52759232212091
452.6,0.38277990150762276,-60.68623412432643
452.65,0.37969781381036644,-61.84720696963575
452.7,0.37657694200312525,-63.01053768431555
452.75,0.37341899385710664,-64.17625351295018
452.8,0.37022571084546524,-65.34438212716697
452.85,0.36699886396852127,-66.51495163464914
452.9,0.3637402495406107,-67.68799058847485
452.95,0.3604516849603158,-68.86352799678696
453.0,0.35713500448508295,-70.04159333278952
453.05,0.353792055030864,-71.22221654513594
453.1,0.3504246920164926,-72.4054280686764
453.15,0.3470347752718895,-73.59125883560966
453.2,0.3436241650277884,-74.77974028706915
453.25,0.34019471800410267,-75.97090438512333
453.3,0.336748283612152,-77.16478362525751
453.35,0.33328670028522717,-78.36141104933718
453.4,0.3298117919503147,-79.56082025907769
453.45,0.3263253646523876,-80.76304543006027
453.5,0.3228292033414179,-81.96812132629329
453.55,0.31932506883043577,-83.17608331539114
453.6,0.3158146949320263,-84.38696738435951
453.65,0.3122997857786915,-85.60081015603501
453.7,0.30878201333142247,-86.81764890624001
453.75,0.30526301507942616,-88.03752158163293
453.8,0.30174439193257846,-89.26046681834592
453.85,0.29822770630691325,-90.48652396141483
453.9,0.2947144804024132,-91.71573308507405
453.95,0.29120619467110653,-92.9481350139382
454.0,0.287704286472806,-94.18377134511232
454.05,0.2842101489143237,-95.42268447132128
454.1,0.2807251298678373,-96.66491760506888
454.15,0.2772505311628818,-97.91051480390425
454.2,0.27378760794596996,-99.1595209968585
454.25,0.27033756820135224,-100.41198201209671
454.3,0.26690157242570584,-101.66794460587771
454.35,0.26348073344962725,-102.92745649286563
454.4,0.2600761163978775,-104.19056637789518
454.45,0.2566887387807275,-105.45732398925708
454.5,0.253319570708168,-106.72778011356841
454.55,0.24996953521891355,-108.00198663236354
454.6,0.24663950871590443,-109.27999656045422
454.65,0.24333032150034137,-110.56186408617842
454.7,0.2400427583959531,-111.84764461365988
454.75,0.23677755945593346,-113.13739480714234
454.8,0.23353542074444747,-114.4311726375684
454.85,0.23031699518546972,-115.72903743149217
454.9,0.22712289347151463,-117.03104992248744
454.95,0.2239536850253628,-118.33727230515755
455.0,0.22080989900807912,-119.64776829191041
455.05,0.21769202536676624,-120.96260317267732
455.1,0.21460051591627635,-122.28184387769922
455.15,0.2115357854488518,-123.60555904358311
455.2,0.20849821286651485,-124.93381908281152
455.25,0.20548814233098817,-126.26669625689256
455.3,0.20250588442662554,-127.60426475336187
455.35,0.1995517173317863,-128.94660076684917
455.4,0.19662588799477185,-130.2937825844656
455.45,0.19372861331050584,-131.6458906757285
455.5,0.19086008129476825,-133.00300778727532
455.55,0.1880204522526854,-134.36521904269637
455.6,0.18520985993888142,-135.73261204770552
455.65,0.18242841270678367,-137.10527700100985
455.7,0.17967619464491205,-138.48330681115846
455.75,0.17695326669821268,-139.86679721975418
455.8,0.174259667772791,-141.25584693135193
455.85,0.171595415822663,-142.6505577504476
455.9,0.16896050891731304,-144.05103472594797
455.95,0.1663549262891219,-145.45738630355677
456.0,0.1637786293598842,-146.8697244864963
456.05,0.16123156274592906,-148.28816500507727
456.1,0.15871365524136236,-149.71282749557128
456.15,0.15622482077936212,-151.14383568893516
456.2,0.1537649593713414,-152.5813176099201
456.25,0.15133395802427052,-154.02540578714277
456.3,0.14893169163625555,-155.47623747473432
456.35,0.14655802387084593,-156.93395488617261
456.4,0.14421280801056208,-158.39870544100768
456.45,0.14189588779030032,-159.87064202511544
456.5,0.13960709821136935,-161.34992326523405
456.55,0.1373462663369083,-162.8367138185476
456.6,0.13511321206977453,-164.33118467807026
456.65,0.13290774891386334,-165.83351349464462
456.7,0.1307296847200093,-167.3438849164143
456.75,0.12857882241764457,-168.86249094661187
456.8,0.12645496073364645,-170.38953132054866
456.85,0.12435789489959016,-171.92521390270917
456.9,0.12228741734899051,-173.4697551048853
456.95,0.12024331840602093,-175.02338032625664
457.0,0.11822538696738959,-176.58632441631218
457.05,0.11623341117898621,-178.15883216161174
457.1,0.11426717910914033,-179.74115879719238
457.15,0.1123264794203417,178.6664294564545
457.2,0.11041110204136378,177.0636548300728
457.25,0.10852083884180239,175.45022741521817
457.3,0.10665548431112713,173.82584454610253
457.35,0.1048148362444856,172.1901901531783
457.4,0.10299869643749679,170.54293408810312
457.45,0.10120687139243484,168.88373141990428
457.5,0.09943917303825875,167.21222170247307
457.55,0.09769541946702254,165.52802821368755
457.6,0.09597543568936864,163.83075716701944
457.65,0.09427905441177853,162.11999689673985
457.7,0.09260611683843119,160.3953170184922
457.75,0.09095647350057992,158.65626756762188
457.8,0.08932998511641035,156.9023781183551
457.85,0.08772652348439526,155.13315688791715
457.9,0.08614597241324928,153.34808983063414
457.95,0.08458822869157524,151.5466397284426
458.0,0.08305320310030989,149.7282452855958
458.05,0.08154082147094897,147.89232023707729
458.1,0.08005102579260659,146.0382524822907
458.15,0.07858377537067797,144.16540325783762
458.2,0.07713904803971462,142.2731063658379
458.25,0.07571684143280037,140.36066747733915
458.3,0.07431717430935136,138.42736353380164
458.35,0.07294008794274712,136.47244227366903
458.4,0.07158564756836672,134.49512191537593
458.45,0.07025394389198458,132.49459103332381
458.5,0.06894509465724788,130.47000866891517
458.55,0.06765924626965723,128.4205047248326
458.6,0.06639657547292005,126.34518069773189
458.65,0.06515729107160272,124.24311081173956
458.7,0.06394163569167244,122.11334362310484
458.75,0.06274988756780477,119.9549041745455
458.8,0.06158236234311027,117.7667967863711
458.85,0.0604394148632574,115.54800857991242
458.9,0.059321440942617785,113.2975138368808
458.95,0.05822887907524509,111.01427930555909
459.0,0.05716221205798264,108.69727057063542
459.05,0.05612196848693337,106.34545960708058
459.1,0.05510872408198448,103.95783363930163
459.15,0.054123102786819643,101.53340542295119
459.2,0.05316577758468949,99.07122505796848
459.25,0.05223747096247758,96.57039342516995
459.3,0.051338954948535666,94.0300773143586
459.35,0.05047105064281142,91.4495262768503
459.4,0.04963462715241568,88.82809118890745
459.45,0.048830599841787004,86.16524445267741
459.5,0.04805992780528708,83.46060168725361
459.55,0.04732361047190529,80.71394467399692
459.6,0.04662268325797631,77.92524521841301
459.65,0.045958212194959436,75.0946894771595
459.7,0.04533128747656417,72.22270217752018
459.75,0.044743015893347844,69.3099700335805
459.8,0.044194512153730235,66.35746354594544
459.85,0.043686889128325655,63.36645627078942
459.9,0.04322124709856707,60.338540569621124
459.95,0.042798662140098184,57.2756388176624
460.0,0.04242017382362979,54.180009066507786
460.05,0.04208677246861843,51.054244237986055
460.1,0.041799386234325185,47.90126407684891
460.15,0.041558868374875844,44.72429931304394
460.2,0.04136598501550676,41.526867774422946
460.25,0.041221403822549234,38.31274253600091
460.3,0.0411256839366858,35.085912572395785
460.35,0.04107926751575122,31.850536769560062
460.4,0.04108247318949708,28.610892519613373
460.45,0.04113549166588148,25.371320437457186
460.5,0.04123838364986801,22.136166970952555
460.55,0.041391080146416924,18.909726805331694
460.6,0.04159338512531268,15.696186975812966
460.65,0.04184498043335443,12.499574496720435
460.7,0.042145432755412306,9.323709103644562
460.75,0.042494202355565745,6.172162405129081
460.8,0.042890653276746356,3.0482243817354373
460.85,0.043334064644604126,-0.04512221756848852
460.9,0.04382364270876826,-3.105219416217727
460.95,0.04435853326133395,-6.129743677399196
461.0,0.044937834095480717,-9.116708190617324
461.05,0.04556060720316666,-12.06445850809815
461.1,0.04622589045578935,-14.971662428000714
461.15,0.04693270856161321,-17.83729511680404
461.2,0.04768008314509482,-20.660620494340087
461.25,0.048467041842606064,-23.441169880737906
461.3,0.049292626354641024,-26.178718838426562
461.35,0.050155899434197605,-28.87326304549057
461.4,0.05105595082454483,-31.52499392237174
461.45,0.05199190218579684,-34.13427461081645
461.5,0.05296291106985676,-36.70161678209338
461.55,0.053968174016906796,-39.227658635651
461.6,0.05500692885537954,-41.713144344935614
461.65,0.05607845629116575,-44.15890511533467
461.7,0.05718208087251903,-46.565841942470314
461.75,0.05831717141458885,-48.9349100959902
461.8,0.059483140963426634,-51.26710530490929
461.85,0.06067944637349017,-53.56345158319574
461.9,0.06190558756614723,-55.82499060768475
461.95,0.063161106529923,-58.05277254278052
462.0,0.06444558611603676,-60.24784819580554
462.05,0.06575864867623145,-62.411262382415174
462.1,0.06709995458317013,-64.54404838113071
462.15,0.06846920066799812,-66.64722335931734
462.2,0.06986611860391866,-68.72178465830393
462.25,0.07129047325998873,-70.76870683246062
462.3,0.07274206104472487,-72.78893934490712
462.35,0.07422070825559314,-74.78340483106987
462.4,0.07572626944685376,-76.75299784971936
462.45,0.07725862582564179,-78.69858404948302
462.5,0.07881768368346961,-80.62099968673274
462.55,0.08040337286856505,-82.52105143834943
462.6,0.08201564530260551,-84.399516459686
462.65,0.08365447354384965,-86.25714264435686
462.7,0.08531984939785095,-88.09464904834499
462.75,0.08701178257558204,-89.91272644593451
462.8,0.08873029939839555,-91.7120379896496
462.85,0.09047544154827535,-93.49321995036321
462.9,0.09224726486176825,-95.2568825174371
462.95,0.09404583816520895,-97.00361064175063
463.0,0.09587124214892526,-98.73396490730255
463.05,0.0977235682776126,-100.44848241939165
463.1,0.09960291773428083,-102.14767769949569
463.15,0.10150940039472037,-103.83204357863194
463.2,0.1034431338297062,-105.50205208260037
463.25,0.10540424233195797,-107.15815530372093
463.3,0.10739285596500292,-108.8007862548554
463.35,0.10940910963112366,-110.43035970236598
463.4,0.11145314215549836,-112.04727297550346
463.45,0.11352509538398686,-113.65190675035964
463.5,0.11562511329175716,-115.24462580706239
463.55,0.11775334110039336,-116.8257797593927
463.6,0.11990992440086794,-118.39570375634435
463.65,0.12209500828021658,-119.95471915548009
463.7,0.12430873644952409,-121.50313416819694
463.75,0.12655125037126164,-123.04124447721382
463.8,0.12882268838377317,-124.56933382675564
463.85,0.13112318482121002,-126.08767458604642
463.9,0.13345286912699902,-127.59652828683289
463.95,0.1358118649592536,-129.0961461357133
464.0,0.1382002892865229,-130.58676950208368
464.05,0.14061825147252593,-132.06863038263015
464.1,0.14306585234859873,-133.54195184323027
464.15,0.14554318327262883,-135.0069484391811
464.2,0.14805032517351582,-136.46382661464796
464.25,0.15058734758027975,-137.91278508227128
464.3,0.15315430763515622,-139.3540151837956
464.35,0.1557512490899441,-140.78770123258627
464.4,0.15837820128545937,-142.21402083892022
464.45,0.16103517811364185,-143.63314521884564
464.5,0.163722176962431,-145.04523948741237
464.55,0.16643917764341315,-146.45046293705428
464.6,0.16918614130273496,-147.84896930187858
464.65,0.17196300931573094,-149.240907008537
464.7,0.17476970216607562,-150.6264194144042
464.75,0.17760611831044462,-152.00564503367372
464.8,0.18047213302995785,-153.37871775204195
464.85,0.1833675972698884,-154.7457670305222
464.9,0.18629233646941618,-156.10691809901553
464.95,0.1892461493834242,-157.46229214011552
465.0,0.1922288068986688,-158.8120064637
465.05,0.1952400508470276,-160.1561746727827
465.1,0.19827959281858776,-161.49490682109422
465.15,0.20134711297798003,-162.8283095628127
465.2,0.20444225888737386,-164.15648629488138
465.25,0.20756464434016278,-165.47953729229093
465.3,0.2107138482093944,-166.79755983670415
465.35,0.2138894133156254,-168.11064833877597
465.4,0.21709084531908165,-169.41889445450698
465.45,0.22031761164129607,-170.72238719594833
465.5,0.22356914042175727,-172.02121303652567
465.55,0.22684481951554014,-173.3154560113183
465.6,0.2301439955380695,-174.6051978125212
465.65,0.23346597296346935,-175.89051788036045
465.7,0.23681001328327875,-177.17149348968135
465.75,0.2401753342325974,-178.44819983246762
465.8,0.24356110909091383,-179.72071009647408
465.85,0.24696646606502645,179.01090445980572
465.9,0.2503904877617333,177.7465744356563
465.95,0.25383221075803536,176.48623221995103
466.0,0.25729062527665164,175.22981192609754
466.05,0.2607646749747068,173.9772493299605
466.1,0.26425325685346346,172.72848181057364
466.15,0.26775522129677604,171.483448293553
466.2,0.27126937224588815,170.24208919702144
466.25,0.27479446751786646,169.0043463799613
466.3,0.2783292192748087,167.7701630928302
466.35,0.2818722946504278,166.53948393036933
466.4,0.2854223165402897,165.31225478644376
466.45,0.2889778645612827,164.08842281086564
466.5,0.2925374761854179,162.8679363680644
466.55,0.2960996480522808,161.65074499753376
466.6,0.29966283746365213,160.43679937593603
466.65,0.3032254640628426,159.2260512808359
466.7,0.30678591170050534,158.01845355593048
466.75,0.31034253048749244,156.81396007772776
466.8,0.3138936390341709,155.61252572361155
466.85,0.31743752687458243,154.4141063412043
466.9,0.3209724570724335,153.2186587189784
466.95,0.3244966690046729,152.0261405580459
467.0,0.3280083813169628,150.83651044510117
467.05,0.33150579504418304,149.64972782641638
467.1,0.33498709688756817,148.4657529828709
467.15,0.3384504626386643,147.2845470059553
467.2,0.3418940607390201,146.10607177471897
467.25,0.3453160559631522,144.9302899335891
467.3,0.34871461321100317,143.75716487105277
467.35,0.35208790139487683,142.58666069913963
467.4,0.35543409740464676,141.41874223367694
467.45,0.35875139013412655,140.2533749752839
467.5,0.3620379845502494,139.09052509107227
467.55,0.36529210578622856,137.9301593970183
467.6,0.3685120032388408,136.77224534096933
467.65,0.37169595464975236,135.61675098627896
467.7,0.3748422701502064,134.46364499601276
467.75,0.377949296248299,133.3128966177339
467.8,0.38101541973806713,132.1644756688084
467.85,0.3840390715097694,131.01835252223688
467.9,0.3870187302410309,129.87449809297294
467.95,0.3899529259491973,128.73288382470864
468.0,0.3928402433858382,127.5934816771204
468.05,0.39567932525535365,126.45626411354627
468.1,0.3984688752407086,125.321204089062
468.15,0.4012076608203747,124.18827503897471
468.2,0.4038945158623106,123.05745086768577
468.25,0.40652834298191265,121.92870593792074
468.3,0.4091081156528647,120.80201506030909
468.35,0.4116328800612073,119.67735348330235
468.4,0.41410175669507754,118.55469688342099
468.45,0.4165139416642127,117.43402135578577
468.5,0.41886870774520557,116.315303404986
468.55,0.4211654051505537,115.19851993620506
468.6,0.42340346202133905,114.08364824662924
468.65,0.42558238464520964,112.97066601711944
468.7,0.4277017574032131,111.85955130414737
468.75,0.42976124245079383,110.75028253196373
468.8,0.4317605791398567,109.64283848500824
468.85,0.43369958319042856,108.5371983005449
468.9,0.4355781456217716,107.4333414615243
468.95,0.4373962314543406,106.33124778963744
469.0,0.4391538781948367,105.23089743859344
469.05,0.4408511941179392,104.13227088758438
469.1,0.4424883563589317,103.03534893493274
469.15,0.4440656088323408,101.94011269193318
469.2,0.44558325999212467,100.84654357686053
469.25,0.44704168044948384,99.75462330915201
469.3,0.4484413004644843,98.6643339037532
469.35,0.4497826073279624,97.57565766562237
469.4,0.451066142650003,96.4885771843871
469.45,0.45229249957121154,95.40307532914501
469.5,0.4534623199126662,94.31913524341853
469.55,0.4545762912800978,93.2367403402401
469.6,0.4556351441373108,92.15587429736703
469.65,0.4566396488632224,91.0765210526378
469.7,0.4575906128063648,89.99866479944758
469.75,0.4584888773498083,88.92228998234374
469.8,0.45933531499880825,87.84738129274291
469.85,0.4601308265024964,86.77392366476076
469.9,0.46087633802026023,85.70190227116021
469.95,0.4615727983423681,84.63130251938625
470.0,0.4622211761736742,83.56211004773141
470.05,0.4628224574881603,82.49431072159037
470.1,0.46337764296136535,81.42789062980897
470.15,0.4638877454867029,80.36283608113483
470.2,0.46435378778088965,79.29913360076236
470.25,0.46477680008287703,78.23676992696645
470.3,0.4651578179498277,77.17573200782167
470.35,0.465497880152961,76.11600699800957
470.4,0.46579802667531117,75.05758225571618
470.45,0.4660592968128293,74.00044533959316
470.5,0.46628272737953963,72.94458400581803
470.55,0.4664693510169431,71.8899862052228
470.6,0.4666201946072557,70.83664008049298
470.65,0.46673627778962073,69.78453396345093
470.7,0.46681861157793697,68.73365637240278
470.75,0.46686819707859917,67.68399600955847
470.8,0.4668860243060108,66.63554175852117
470.85,0.46687307109350623,65.58828268184266
470.9,0.4668303020969622,64.54220801864612
470.95,0.4667586678882101,63.49730718230322
471.0,0.4666591041351358,62.45356975819177
471.05,0.46653253086518326,61.41098550150206
471.1,0.466379851808922,60.36954433510078
471.15,0.4662019538201367,59.32923634746484
471.2,0.4659997063689452,58.29005179066708
471.25,0.46577396110433156,57.25198107841703
471.3,0.46552555148251734,56.21501478416005
471.35,0.46525529245756403,55.17914363923046
471.4,0.4649639802306741,54.14435853106503
471.45,0.4646523920546376,53.11065050144972
471.5,0.4643212860900016,52.07801074484134
471.55,0.46397140130956077,51.046430606733935
471.6,0.4636034574478668,50.01590158206134
471.65,0.46321815499256336,48.98641531367063
471.7,0.46281617521442814,47.95796359082657
471.75,0.4623981802331295,46.930538347779844
471.8,0.4619648131158182,45.904131662370546
471.85,0.4615166980057749,44.87873575468347
471.9,0.46105444027846787,43.85434298575749
471.95,0.46057862672250477,42.8309458563224
472.0,0.4600898257430502,41.808537005601664
472.05,0.45958858758544596,40.787109210150575
472.1,0.45907544457685207,39.76665538273564
472.15,0.458550911383873,38.747168571267686
472.2,0.45801548528424063,37.728641957771316
472.25,0.45746964645073485,36.71106885740078
472.3,0.4569138582456468,35.694442717502874
472.35,0.45634856752418534,34.67875711671412
472.4,0.4557742049453574,33.66400576411634
472.45,0.4551911852888916,32.65018249840791
472.5,0.4545999077769819,31.637281287152465
472.55,0.4540007563996012,30.62529622604629
472.6,0.45339410024229804,29.614221538229152
472.65,0.45278029381547663,28.604051573648928
472.7,0.4521596773841886,27.594780808461557
472.75,0.45153257729760254,26.586403844471633
472.8,0.45089930631734754,25.578915408618684
472.85,0.4502601639440277,24.572310352505358
472.9,0.44961543674125154,23.56658365197238
472.95,0.44896539865656676,22.561730406701038
473.0,0.4483103113388005,21.557745839875068
473.05,0.4476504244513128,20.554625297884957
473.1,0.4469859759807274,19.552364250058584
473.15,0.4463171925407718,18.550958288456417
473.2,0.44564428967089087,17.550403127688107
473.25,0.4449674721293526,16.550694604804185
473.3,0.4442869341805561,15.551828679196433
473.35,0.4436028598763663,14.553801432569315
473.4,0.4429154233312674,13.556609068945914
473.45,0.44222478899116574,12.560247914717603
473.5,0.4415311118957637,11.564714418748206
473.55,0.4408345379343405,10.570005152519666
473.6,0.4401352040949137,9.576116810323239
473.65,0.43943323870670425,8.583046209502234
473.7,0.43872876167585445,7.590790290739736
473.75,0.4380218847144262,6.599346118403199
473.8,0.4373127115626282,5.608710880929682
473.85,0.4366013382043198,4.618881891264948
473.9,0.4358878530758029,3.62985658736408
473.95,0.4351723372679368,2.6416325327190258
474.0,0.4344548647216499,1.654207416973644
474.05,0.4337355024168938,0.6675790565692871
474.1,0.43301431055507933,-0.31825460454850807
474.15,0.4322913427351251,-1.3032954941660002
474.2,0.43156664612316875,-2.2875454109780904
474.25,0.4308402616160305,-3.2710060237015166
474.3,0.4301122239985136,-4.253678870143935
474.35,0.42938256209467796,-5.235565356193568
474.4,0.4286512989131462,-6.21666675475302
474.45,0.4279184517865501,-7.196984204616002
474.5,0.4271840325052656,-8.176518709267281
474.55,0.4264480474454956,-9.155271135613244
474.6,0.42571049769182934,-10.133242212660457
474.65,0.4249713791544061,-11.11043253010236
474.7,0.424230682680759,-12.086842536855377
474.75,0.42348839416250345,-13.06247253949027
474.8,0.42274449463692454,-14.037322700621381
474.85,0.421998960383615,-15.011393037191855
474.9,0.42125176301627193,-15.984683418688448
474.95,0.4205028695697414,-16.957193565275603
475.0,0.41975224258246374,-17.92892304583342
475.05,0.41899984017437353,-18.89987127591906
475.1,0.41824561612042005,-19.870037515631
475.15,0.4174895199197766,-20.83942086738325
475.2,0.4167314968608631,-21.808020273583786
475.25,0.4159714880822912,-22.775834514207762
475.3,0.41520943062982274,-23.74286220427753
475.35,0.4144452575094586,-24.70910179123446
475.4,0.4136788977367538,-25.674551552193115
475.45,0.4129102763824567,-26.639209591107626
475.5,0.41213931461458514,-27.603073835789505
475.55,0.4113659297370319,-28.56614203483019
475.6,0.4105900352247821,-29.528411754392728
475.65,0.4098115407558652,-30.489880374877274
475.7,0.4090303522401271,-31.45054508745224
475.75,0.4082463718449099,-32.41040289044388
475.8,0.4074594980177529,-33.36945058560063
475.85,0.40666962550616464,-34.32768477419811
475.9,0.4058766453746497,-35.28510185299084
475.95,0.405080445018959,-36.24169801002262
476.0,0.40428090817777085,-37.19746922026038
476.05,0.4034779149418297,-38.15241124105902
476.1,0.402671341760659,-39.106519607467945
476.15,0.4018610614469287,-40.059789627337366
476.2,0.4010469431785871,-41.012216376258394
476.25,0.40022885249885276,-41.96379469227887
476.3,0.399406651314139,-42.91451917045169
476.35,0.3985801978900294,-43.86438415714973
476.4,0.3977493468453937,-44.8133837441696
476.45,0.3969139491447584,-45.761511762619755
476.5,0.3960738520890036,-46.70876177655486
476.55,0.3952288993045276,-47.65512707637964
476.6,0.3943789307309352,-48.60060067200121
476.65,0.39352378260743626,-49.54517528570669
476.7,0.39266328745796436,-50.48884334477815
476.75,0.3917972740752279,-51.43159697381134
476.8,0.3909255675037462,-52.37342798674715
476.85,0.3900479890220189,-53.31432787859155
476.9,0.38916435612395145,-54.25428781680383
476.95,0.3882744824996621,-55.19329863237497
477.0,0.387378178015817,-56.131350810523756
477.05,0.386475248695625,-57.06843448105214
477.1,0.38556549669862494,-58.00453940831684
477.15,0.38464872030044095,-58.939654980801464
477.2,0.38372471387266627,-59.873770200282394
477.25,0.38279326786300055,-60.80687367054923
477.3,0.3818541687758603,-61.73895358569998
477.35,0.3809071991535927,-62.66999771795056
477.4,0.37995213755854823,-63.59999340495334
477.45,0.37898875855611114,-64.52892753662128
477.5,0.3780168326989929,-65.4567865413995
477.55,0.37703612651290497,-66.38355637198669
477.6,0.37604640248393,-67.30922249047869
477.65,0.3750474190477287,-68.23376985288883
477.7,0.3740389305808857,-69.1571828930505
477.75,0.3730206873946446,-70.07944550582276
477.8,0.3719924357312616,-71.0005410296288
477.85,0.3709539177632844,-71.9204522282452
477.9,0.3699048715960328,-72.83916127182513
477.95,0.36884503127359414,-73.75664971713434
478.0,0.36777412678861926,-74.67289848692691
478.05,0.3666918840963085,-75.58788784845349
478.1,0.3655980251328166,-76.50159739104846
478.15,0.3644922678385974,-77.41400600273819
478.2,0.36337432618687726,-78.32509184584573
478.25,0.36224391021781277,-79.23483233151624
478.3,0.3611007260785839,-80.14320409314145
478.35,0.359944476069987,-81.0501829585967
478.4,0.35877485869983333,-81.95574392124293
478.45,0.35759156874367715,-82.85986110965476
478.5,0.35639429731334815,-83.76250775595578
478.55,0.3551827319337316,-84.66365616274234
478.6,0.35395655662831715,-85.56327766850347
478.65,0.3527154520140332,-86.46134261144594
478.7,0.3514590954059511,-87.35782029166508
478.75,0.3501871609323253,-88.25267893154495
478.8,0.3488993196606192,-89.14588563433452
478.85,0.34759523973505396,-90.03740634076229
478.9,0.34627458652636417,-90.92720578360137
478.95,0.3449370227942562,-91.81524744008824
479.0,0.3435822088633688,-92.70149348204764
479.05,0.3422098028132301,-93.58590472362147
479.1,0.34081946068303826,-94.4684405664691
479.15,0.3394108366918178,-95.34905894228045
479.2,0.33798358347473434,-96.2277162524773
479.25,0.33653735233626314,-97.1043673049184
479.3,0.33507179352092276,-97.97896524746228
479.35,0.3335865565023165,-98.85146149819678
479.4,0.3320812902912148,-99.72180567213903
479.45,0.33055564376347524,-100.58994550422545
479.5,0.3290092660084872,-101.45582676834064
479.55,0.32744180669899153,-102.31939319218644
479.6,0.32585291648291415,-103.18058636773549
479.65,0.3242422473981639,-104.03934565699588
479.7,0.3226094533109433,-104.89560809282868
479.75,0.32095419037854234,-105.7493082744983
479.8,0.31927611753715934,-106.60037825766642
479.85,0.3175748970157037,-107.44874743846418
479.9,0.31585019487613697,-108.29434243129205
479.95,0.3141016815811587,-109.13708693997654
480.0,0.31232903258991923,-109.97690162184303
480.05,0.31053192898243875,-110.81370394428582
480.1,0.30871005811338986,-111.64740803335934
480.15,0.3068631142958055,-112.47792451389131
480.2,0.30499079951545804,-113.30516034057496
480.25,0.30309282417632,-114.1290186194576
480.3,0.3011689078777304,-114.94939841924146
480.35,0.29921878022369086,-115.76619457170159
480.4,0.29724218166486677,-116.57929746053698
480.45,0.2952388643735167,-117.38859279790631
480.5,0.2932085931519163,-118.19396138782136
480.55,0.2911511463744188,-118.99527887555438
480.6,0.2890663169636065,-119.79241548211803
480.65,0.28695391340060494,-120.58523572284776
480.7,0.28481376076983567,-121.37359810900195
480.75,0.2826457018383661,-122.1573548312564
480.8,0.2804495981699064,-122.93635142388055
480.85,0.27822533127357724,-123.71042640828475
480.9,0.2759728037874375,-124.47941091454047
480.95,0.2736919406968661,-125.2431282794016
481.0,0.27138269058773073,-126.0013936191938
481.05,0.2690450269343923,-126.75401337590344
481.1,0.26667894942250303,-127.50078483460379
481.15,0.2642844853067178,-128.2414956102981
481.2,0.2618616908032579,-128.97592310206934
481.25,0.2594106525176179,-129.7038339123246
481.3,0.25693148890742173,-130.42498322877344
481.35,0.25442435178095524,-131.13911416659903
481.4,0.25188942783167784,-131.84595706815483
481.45,0.24932694020931565,-132.54522875734057
481.5,0.24673715012845635,-133.23663174563407
481.55,0.24412035851559072,-133.91985338660353
481.6,0.24147690769596988,-134.5945649755433
481.65,0.23880718312188323,-135.26042079070373
481.7,0.23611161514441795,-135.91705707243614
481.75,0.2333906808311945,-136.56409093638655
481.8,0.2306449058328894,-137.20111921680314
481.85,0.2278748663020991,-137.8277172358167
481.9,0.22508119086872325,-138.4434374945566
481.95,0.22226456267640543,-139.0478082818748
482.0,0.2194257214857994,-139.64033219648385
482.05,0.21656546585078068,-140.2204845784265
482.1,0.2136846553749569,-140.78771184594603
482.15,0.21078421305652023,-141.3414297341937
482.2,0.20786512773067395,-141.88102143261023
482.25,0.20492845661989095,-142.40583561852674
482.3,0.20197532800329823,-142.91518438540467
482.35,0.19900694401774008,-143.4083410653187
482.4,0.19602458360416466,-143.8845379468345
482.45,0.19302960561407934,-144.34296389145854
482.5,0.19002345209208943,-144.7827618543059
482.55,0.18700765175122624,-145.20302631789968
482.6,0.1839838236588019,-145.6028006519097
482.65,0.1809536811510936,-145.98107441665599
482.7,0.17791903599519843,-146.33678063418336
482.75,0.17488180281645008,-146.66879305821027
482.8,0.1718440038085758,-146.97592348325773
482.85,0.16880777374244943,-147.25691914416993
482.9,0.16577536528627218,-147.51046027040357
482.95,0.16274915464601822,-147.73515787509945
483.0,0.1597316475293607,-147.92955187758142
483.05,0.15672548542819573,-148.0921096798152
483.1,0.1537334522045951,-148.22122534294544
483.15,0.15075848095127015,-148.31521953960072
483.2,0.14780366108032547,-148.3723404915199
483.25,0.14487224557204617,-148.39076614019152
483.3,0.14196765828795152,-148.36860784059814
483.35,0.1390935012190275,-148.30391591414113
483.4,0.1362535614992121,-148.19468744552663
483.45,0.13345181796573635,-148.0388767579093
483.5,0.1306924469908617,-147.83440904823274
483.55,0.12797982724363524,-147.57919770669136
483.6,0.12531854296584846,-147.27116587483243
483.65,0.1227133852639278,-146.90827280899657
483.7,0.12016935083074184,-146.48854560012475
483.75,0.11769163742111392,-146.01011674617382
483.8,0.11528563531786726,-145.47126796602413
483.85,0.11295691394932161,-144.8704804694518
483.9,0.11071120276430935,-144.2064916415191
483.95,0.10855436545027382,-143.47835774895964
484.0,0.10649236660967405,-142.68552182244835
484.05,0.1045312301066711,-141.82788531241556
484.1,0.10267698847871956,-140.90588147075496
484.15,0.10093562309113195,-139.92054770710382
484.2,0.09931299510859633,-138.87359345945956
484.25,0.0978147678665102,-137.7674594799324
484.3,0.09644632183543975,-136.60536396515607
484.35,0.09521266405413203,-135.3913307669107
484.4,0.09411833461109692,-134.13019511107578
484.45,0.0931673134145816,-132.82758291964515
484.5,0.09236293102420948,-131.48986101312374
484.55,0.09170778763933138,-130.1240571426611
484.6,0.09120368437346084,-128.73775085436773
484.65,0.09085157063962213,-127.33893843075955
484.7,0.09065151081536789,-125.93587733208818
484.75,0.09060267238295765,-124.53691739318097
484.8,0.09070333653139574,-123.15032726387832
484.85,0.09095093088233558,-121.78412503283101
484.9,0.09134208270055921,-120.445921576864
484.95,0.09187268980844032,-119.14278399185471
485.0,0.09253800555429384,-117.88112465957255
485.05,0.09333273365659067,-116.66661934119638
485.1,0.09425112858099043,-115.50415544150202
485.15,0.09528709727873524,-114.39780951601287
485.2,0.09643429856119119,-113.3508513922379
485.25,0.09768623702171501,-112.36577106055356
485.3,0.09903634915334329,-111.44432379082
485.35,0.10047808006623922,-110.58758870997173
485.4,0.10200494991679329,-109.79603624789823
485.45,0.10361060977518148,-109.06960031586904
485.5,0.10528888715499801,-108.40775171286467
485.55,0.10703382180054648,-107.80956996212039
485.6,0.10883969257951231,-107.27381148614353
485.65,0.1107010364767421,-106.79897267855956
485.7,0.1126126607464556,-106.38334699385862
485.75,0.11456964927663414,-106.02507563635051
485.8,0.11656736416833127,-105.72219178708546
485.85,0.11860144345151512,-105.4726585693128
485.9,0.12066779576045905,-105.27440113236409
485.95,0.12276259268667387,-105.1253333449118
486.0,0.12488225942213434,-105.02337964647921
486.05,0.12702346420641772,-104.96649262379789
486.1,0.12918310700024638,-104.95266686800632
486.15,0.13135830772706727,-104.97994963894054
486.2,0.13354639435378324,-105.04644882144565
486.25,0.13574489102159515,-105.15033861117045
486.3,0.13795150638769377,-105.28986331777666
486.35,0.14016412229639014,-105.46333962478131
486.4,0.14238078286457756,-105.6691575989381
486.45,0.1445996840387628,-105.90578069952208
486.5,0.14681916365934475,-106.17174499934549
486.55,0.1490376920506507,-106.46565779530076
486.6,0.15125386314231154,-106.78619575629996
486.65,0.15346638611744584,-107.13210273071836
486.7,0.1556740775761055,-107.50218731325478
486.75,0.15787585419691622,-107.89532025237139
486.8,0.16007072587649704,-108.31043176359431
486.85,0.16225778932380502,-108.74650880067962
486.9,0.16443622208526845,-109.20259232559987
486.95,0.16660527697615815,-109.67777460915781
487.0,0.1687642768933443,-110.17119658651487
487.05,0.1709126099854995,-110.68204528576754
487.1,0.17304972515706904,-111.20955134271324
487.15,0.17517512788369924,-111.75298661090591
487.2,0.17728837631748984,-112.31166187287681
487.25,0.17938907766197895,-112.88492465579967
487.3,0.18147688479768823,-113.47215715290451
487.35,0.18355149314041225,-114.0727742503052
487.4,0.1856126377154414,-114.68622165775271
487.45,0.18766009043232484,-115.31197414087157
487.5,0.18969365754556028,-115.94953385180257
487.55,0.1917131772879349,-116.59842875466651
487.6,0.19371851766392403,-117.25821114196262
487.65,0.19570957439180398,-117.92845623782436
487.7,0.19768626898377853,-118.60876088392634
487.75,0.19964854695416512,-119.29874230383638
487.8,0.20159637614679482,-119.99803694164788
487.85,0.20352974517298433,-120.7062993707757
487.9,0.2054486619525196,-121.42320126893803
487.95,0.20735315235030272,-122.14843045547295
488.0,0.20924325890223003,-122.88168998728679
488.05,0.21111903962401554,-123.62269730990704
488.1,0.21298056689743788,-124.37118346025649
488.15,0.21482792642863843,-125.12689231797529
488.2,0.21666121627378088,-125.88957990224718
488.25,0.21848054592742996,-126.65901371127264
488.3,0.22028603546963746,-127.43497210172578
488.35,0.2220778147677627,-128.21724370561844
488.4,0.22385602272952332,-129.00562688223067
488.45,0.2256208066039698,-129.7999292028528
488.5,0.22737232132719892,-130.599966966255
488.55,0.22911072891009604,-131.40556474292083
488.6,0.2308361978652784,-132.2165549462094
488.65,0.23254890267092176,-133.03277742873956
488.7,0.23424902326898367,-133.85407910237728
488.75,0.23593674459581493,-134.68031358032678
488.8,0.23761225614306972,-135.51134083994896
488.85,0.23927575154709022,-136.34702690496428
488.9,0.24092742820490756,-137.1872435458408
488.95,0.2425674869153784,-138.03186799721752
489.0,0.24419613154377812,-138.880782691299
489.05,0.24581356870850857,-139.73387500623127
489.1,0.2474200074885116,-140.59103702850922
489.15,0.24901565915018373,-141.4521653285835
489.2,0.25060073689258544,-142.3171607488221
489.25,0.25217545560980953,-143.18592820308237
489.3,0.2537400316695218,-144.05837648719472
489.35,0.25529468270663264,-144.93441809968377
489.4,0.2568396274312723,-145.81396907211592
489.45,0.25837508545005894,-146.6969488084941
489.5,0.25990127710001576,-147.5832799331588
489.55,0.26141842329422094,-148.472888146696
489.6,0.2629267453785882,-149.36570208936874
489.65,0.2644264649989846,-150.26165321164217
489.7,0.2659178039781428,-151.16067565138596
489.75,0.2674009842016872,-152.062706117345
489.8,0.2688762275127596,-152.96768377856318
489.85,0.2703437556146463,-153.87555015936354
489.9,0.27180378998092575,-154.78624903961068
489.95,0.27325655177267477,-155.69972635993113
490.0,0.2747022617622194,-156.61593013162638
490.05,0.2761411402630326,-157.53481035100103
490.1,0.277573407065351,-158.4563189178722
490.15,0.27899928137716673,-159.38040955802757
490.2,0.28041898177012325,-160.30703774940793
490.25,0.2818327261300582,-161.23616065180136
490.3,0.2832407316118163,-162.167737039892
490.35,0.28464321459803266,-163.10172723944189
490.4,0.2860403906615223,-164.038093066456
490.45,0.2874324745310671,-164.97679776917568
490.5,0.28881968006028147,-165.91780597273407
490.55,0.29020222019928305,-166.86108362635196
490.6,0.2915803069689184,-167.80659795291234
490.65,0.292954151437319,-168.75431740082675
490.7,0.29432396369854696,-169.70421159804047
490.75,0.29568995285306787,-170.65625130807766
490.8,0.29705232698989054,-171.61040838802876
490.85,0.2984112931701123,-172.56665574837126
490.9,0.2997670574117309,-173.52496731453257
490.95,0.30111982467541437,-174.48531799010607
491.0,0.3024697988511841,-175.44768362163856
491.05,0.3038171827456988,-176.41204096491052
491.1,0.3051621780700289,-177.37836765263154
491.15,0.3065049854277123,-178.34664216348116
491.2,0.3078458043029367,-179.31684379243765
491.25,0.3091848330486558,179.71104737769727
491.3,0.3105222688745036,178.7370505035871
491.35,0.3118583078342972,177.76118400757753
491.4,0.31319314481299093,176.78346560284817
491.45,0.3145269735129273,175.80391231757932
491.5,0.3158599864391965,174.82254051816085
491.55,0.31719237488394764,173.8393659315118
491.6,0.31852432890949545,172.85440366653327
491.65,0.31985603733007534,171.86766823474392
491.7,0.3211876876920616,170.87917357013347
491.75,0.3225194662524458,169.88893304829284
491.8,0.32385155795551546,168.89695950481467
491.85,0.3251841464074655,167.90326525303132
491.9,0.3265174138488042,166.90786210111867
491.95,0.32785154112438014,165.91076136857626
492.0,0.3291867076508793,164.91197390213594
492.05,0.3305230913815681,163.91151009110504
492.1,0.33186086876811144,162.9093798821987
492.15,0.33320021471930034,161.9055927938462
492.2,0.3345413025564904,160.9001579300311
492.25,0.3358843039655156,159.89308399367562
492.3,0.33722938894493526,158.88437929957976
492.35,0.3385767257503507,157.87405178694917
492.4,0.33992648083462784,156.86210903152997
492.45,0.3412788187837875,155.8485582573589
492.5,0.3426339022482858,154.8334063481614
492.55,0.3439918918695701,153.8166598584034
492.6,0.3453529462015497,152.79832502401575
492.65,0.3467172216268155,151.77840777281142
492.7,0.3480848722673155,150.75691373459793
492.75,0.3494560498892497,149.73384825102409
492.8,0.3508309038018888,148.70921638514224
492.85,0.3522095807500698,147.68302293072423
492.9,0.3535922248000545,146.65527242133018
492.95,0.3549789772184856,145.62596913915255
493.0,0.3563699763441231,144.59511712362988
493.05,0.35776535745203714,143.56272017986544
493.1,0.35916525260996063,142.52878188683994
493.15,0.360569790526477,141.49330560543544
493.2,0.36197909639070097,140.45629448627858
493.25,0.36339329170305223,139.4177514774277
493.3,0.36481249409688155,138.37767933188977
493.35,0.3662368171504804,137.33608061498026
493.4,0.36766637018918424,136.29295771154992
493.45,0.3691012580770996,135.2483128330723
493.5,0.37054158099818063,134.20214802460404
493.55,0.3719874342261811,133.15446517161521
493.6,0.3734389078830956,132.1052660067262
493.65,0.374896086685725,131.05455211631215
493.7,0.3763590496799219,130.00232494702243
493.75,0.37782786996210266,128.94858581220058
493.8,0.37930261438762175,127.89333589822267
493.85,0.38078334326560564,126.8365762707367
493.9,0.38227011003977523,125.77830788083727
493.95,0.3837629609549316,124.71853157116294
494.0,0.38526193470855885,123.65724808192847
494.05,0.38676706208728595,122.59445805689094
494.1,0.38827836558766915,121.53016204926347
494.15,0.38979585902102565,120.46436052756489
494.2,0.39131954710180944,119.3970538814286
494.25,0.3928494250192786,118.32824242736874
494.3,0.39438547799203655,117.25792641449566
494.35,0.39592768080515245,116.18610603019896
494.4,0.3974759973295334,115.11278140579465
494.45,0.3990303800233187,114.03795262214494
494.5,0.40059076941502725,112.96161971524421
494.55,0.40215709356824114,111.88378268178558
494.6,0.4037292675277431,110.80444148470968
494.65,0.40530719274692645,109.72359605872117
494.7,0.40689075649651335,108.64124631579749
494.75,0.4084798312544742,107.55739215069019
494.8,0.4100742740773896,106.47203344640803
494.85,0.41167392595329466,105.38517007968377
494.9,0.413278611136342,104.29680192644597
494.95,0.4148881364635418,103.20692886728102
495.0,0.41650229065412814,102.11555079289163
495.05,0.4181208435920344,101.02266760954987
495.1,0.4197435455922182,99.92827924455831
495.15,0.42137012665160034,98.83238565170225
495.2,0.42300029568566416,97.73498681670891
495.25,0.4246337397517655,96.63608276271074
495.3,0.4262701232604558,95.53567355571542
495.35,0.42790908717638165,94.43375931006992
495.4,0.429550248210281,93.33034019394078
495.45,0.43119319800411643,92.22541643479477
495.5,0.43283750231127993,91.11898832488973
495.55,0.43448270017436635,90.01105622676853
495.6,0.43612830310294987,88.90162057876438
495.65,0.43777379425432833,87.79068190050322
495.7,0.43941862762024375,86.67824079841999
495.75,0.44106222722306215,85.5642979712845
495.8,0.4427039863250575,84.44885421572631
495.85,0.4443432666548758,83.33191043175869
495.9,0.4459793976553945,82.21346762832265
495.95,0.4476116757577587,81.09352692881988
496.0,0.44923936368651485,79.97208957665325
496.05,0.450861689801154,78.84915694076777
496.1,0.452477847479807,77.72473052119584
496.15,0.45408699455103896,76.59881195458652
496.2,0.45568825278016434,75.47140301973944
496.25,0.45728070741667737,74.34250564313929
496.3,0.4588634068099174,73.21212190447599
496.35,0.46043536210024827,72.08025404214588
496.4,0.4619955469933567,70.946904458755
496.45,0.46354289762556006,69.81207572660216
496.5,0.46507631252828946,68.6757705931437
496.55,0.4665946527000361,67.53799198643596
496.6,0.4680967417942817,66.39874302056167
496.65,0.469581366432017,65.25802700102327
496.7,0.47104727664753665,64.1158474301046
496.75,0.4724931864761894,62.97220801221022
496.8,0.4739177746926647,61.82711265916371
496.85,0.4753196857083584,60.68056549545878
496.9,0.47669753063597314,59.53257086347432
496.95,0.47804988852934716,58.38313332863987
497.0,0.4793753078059838,57.232257684549445
497.05,0.480672307859293,56.07994895801772
497.1,0.48193938086689514,54.9262124140806
497.15,0.48317499380063544,53.7710535609196
497.2,0.4843775906429926,52.61447815472636
497.25,0.48554559481372395,51.45649220449477
497.3,0.48667741180932833,50.297101976730794
497.35,0.48777143205677725,49.136314000064885
497.4,0.4888260339815184,47.974135069801775
497.45,0.48983958728831645,46.81057225235298
497.5,0.49081045645187094,45.64563288958421
497.55,0.49173700441244494,44.47932460304343
497.6,0.492617596469884,43.311655298102586
497.65,0.4934506043675885,42.14263316795482
497.7,0.49423441055591705,40.9722666975066
497.75,0.49496741262254557,39.8005646671471
497.8,0.4956480278752034,38.627536156379385
497.85,0.49627469806015706,37.45319054730525
497.9,0.4968458941976881,36.27753752797935
497.95,0.49736012151383174,35.1005870956099
498.0,0.49781592444565304,33.92234955960335
498.05,0.49821189169545754,32.74283554444761
498.1,0.498546661307622,31.562055992431027
498.15,0.4988189257400829,30.38002216618973
498.2,0.49902743690120505,29.19674565106969
498.25,0.4991710111214842,28.012238357323636
498.3,0.4992485340286819,26.826512522099556
498.35,0.4992589652942721,25.639580711248996
498.4,0.4992013432187739,24.45145582092873
498.45,0.49907478912346315,23.262151079001953
498.5,0.4988785115162894,22.071680046230775
498.55,0.4986118100004372,20.880056617252286
498.6,0.4982740788950231,19.687295021340958
498.65,0.49786481053873655,18.493409822935828
498.7,0.4973835982489836,17.298415921952355
498.75,0.4968301389111347,16.102328553858573
498.8,0.4962042351749006,14.905163289518638
498.85,0.49550579723749877,13.706936034779714
498.9,0.49473484419633357,12.507663029842396
498.95,0.49389150495704903,11.307360848362386
499.0,0.49297601868630997,10.106046396317025
499.05,0.49198873480220284,8.903736910604398
499.1,0.4909301124989255,7.700449957412399
499.15,0.48980071980613576,6.49620343030093
499.2,0.48860123218718965,5.2910155480463015
499.25,0.48733243068427157,4.0849048522172176
499.3,0.48599519962204685,2.8778902045008072
499.35,0.4845905238850848,1.6699907837444699
499.4,0.4831194857876275,0.46122608275369925
499.45,0.4815832615575165,-0.7483840951754558
499.5,0.47998311745884475,-1.9588196399941824
499.55,0.47832040558063676,-3.170060138890365
499.6,0.47659655932102324,-4.382084880552605
499.65,0.47481308859840543,-5.594872859667768
499.7,0.4729715748224989,-6.808402781714287
499.75,0.4710736656594899,-8.022653067969703
499.8,0.46912106962619005,-9.237601860799332
499.85,0.4671155505485989,-10.453227029180063
499.9,0.46505892192020404,-11.669506174476846
499.95,0.46295304119511593,-12.886416636452699
500.0,0.4607998040504192,-14.103935499528072
